Business,Street,City,State,Postcode,Country,Phone,Website,Email,Email Type,Categories,Description,Revenue,Employees,Founded,Sic,Naics,Linkedin,Facebook,X,Instagram,Youtube,Lat,Lng,Contact First Name,Contact Last Name,Contact Role,Contact Email
3 Kings General Contracting Llc,4514 Oak Fair Blvd Suite 145,Tampa,FL,33610,United States,(813) 957-1722,https://www.3kingsroofing.com/,info@3kingsroofing.com,,Roofing contractor,"We have been serving Texas residents since 2010. We have multiple locations in DFW, Lubbock and Colorado. Let us help you protect your kingdom!",$4.1 M,38,2010,"17,176","23,238",https://linkedin.com/in/dustin-cates-a2317b34,https://facebook.com/3kingsroofing,https://x.com/3kingsroofing,http://instagram.com/3kingsroofing,,27.9880015,'-82.3560248,Cody,Camacho,Project Manager,cody@3kingsroofing.com
3mg Roofing & Solar,6421 N Florida Ave,Tampa,FL,33604,United States,(813) 616-5600,https://3mg.com/location/tampa-fl/,info@3mgroofing.com,,Roofing contractor,"3mg Solutions LLC is a company that operates in the Management Consulting industry. It employs 20to49 people and has 1Mto5M of revenue. The company is headquartered in Winter Park, Florida.",$52.2 M,82,2020,"17,176","23,238",https://www.linkedin.com/company/3mgroofing,https://www.facebook.com/3mgroofing,https://x.com/3MGRoofingSolar,,https://www.youtube.com/channel/UC7MpxXryoxNoT_9OAYBu2IA,28.0054672,'-82.459285,,,,
4pt Punchlist Tampa,1718 E 7th Ave Suite 201b,Tampa,FL,33605,United States,(727) 476-9073,https://4ptpunchlist.com/real-estate-inspection-repairs-tampa/,laurean@redpalmmarketing.com,,Contractor,"If you’re trying to sell a home, time is of the essence—and every minute you save might help keep the deal from falling through. That’s why we’re proud to be one of the only companies in Florida with a license to do anything you need after a home or insurance inspection.",,3,2023,,,https://www.linkedin.com/company/4pt-punchlist-repairs,,,https://www.instagram.com/4ptpunchlist,,27.9603843,'-82.4398965,,,,
"7 Days New Roof, Inc.",4951 E Adamo Dr Suite,Tampa,FL,33605,United States,(888) 533-3317,https://7daysnewroofinc.com/,ceo@7dbinc.com,,"Roofing contractor, Contractor, Gutter cleaning service",Florida Roofing | 7 Days New Roof,,,,,,,,,,,27.9508283,'-82.4033561,,,,
7 Diamond Builders,4951 E Adamo Dr #230,Tampa,FL,33605,United States,(888) 533-3317,https://www.7diamondbuilders.com/,mike@7diamondbuilders.com,,"Roofing contractor, Air conditioning contractor, General contractor, Kitchen remodeler, Patio enclosure supplier, Remodeler, Sunroom contractor, Window installation service",7DB – One Stop Shop Home Improvements,,,,,,https://linkedin.com/company/7-diamond-builders,https://facebook.com/7DiamondBuilders,https://x.com/7DiamondBuild,https://instagram.com/7diamondbuilders,https://youtube.com/@7DiamondBuilders,27.9508283,'-82.4033561,Mike,Arodak,,mike@7diamondbuilders.com
911 Roofing,2375 S Tamiami Trl,Tampa,FL,33619,United States,(656) 219-0155,,,,Roofing contractor,,,,,,,,,,,,27.926676,'-82.402248,,,,
A Better Chimney's Inc,415 Fl-600,Tampa,FL,33609,United States,(656) 666-4214,,,,Chimney services,,,,,,,,,,,,27.9406938,'-82.506069,,,,
A D Morgan Corporation,716 N Renellie Dr,Tampa,FL,33609,United States,(813) 832-3033,https://www.admorgan.com/,prequalification@admorgan.com,,General contractor,"The A.D. Morgan Corporation maintains an outstanding reputation in the construction industry as Construction Managers and General Contractors. With offices in Tampa, Bradenton, Sebring and Cocoa the company currently employs almost 50 people with annual revenues of approximately $80 Million.",$6.7 M,34,1989,"15,154","23,236",https://www.linkedin.com/company/admorgan,https://www.facebook.com/admorgancorp,https://www.x.com/admorgancorp,,,27.9514916,'-82.5233041,Aaron,Simpson,Senior Project Manager,asimpson@admorgan.com
A Manos Roofing,7853 Gunn Hwy,Tampa,FL,33626,United States,(727) 645-3552,,,,Roofing contractor,,,,,,,,,,,,28.0813832,'-82.5853587,,,,
"A Plus Roofing & Gutters, Llc",12912 Eagles Entry Dr,Odessa,FL,33556,United States,(813) 852-6894,,,,"Roofing contractor, Gutter cleaning service",,,,,,,,,,,,28.1083138,'-82.6460239,,,,
"A Squared Roofing, Inc.",4813 N Hale Ave,Tampa,FL,33614,United States,(813) 559-1252,https://asquaredroofing.com/,office@asquaredroofingcompany.com,Unknown,Roofing contractor,"squared Inc is a company that operates in the Commercial & Residential Construction industry. It employs 5to9 people and has 500Kto1M of revenue. The company is headquartered in Hialeah, Florida.",$988 K,6,2021,"17,176","23,238",,,,,,27.9901829,'-82.510085,,,,
A#1 Seamless Gutter Solutions,5147 W Clifton St,Tampa,FL,33634,United States,(800) 975-0313,http://www.fixthegutter.com/,info@a1sgs.com,Unknown,"Roofing contractor, Drainage service, Gutter service, Metal fabricator, Pressure washing service, Gutter cleaning service",FREE ​ Residential & Commercial Estimates We hang the BEST and FIX the rest! Give Us A Call: 813-317-0782,,,,,,,https://www.facebook.com/a1seamlessguttersolutions,,,,28.0012381,'-82.5311629,,,,
A-1 Roofing,,Tampa,FL,33607,United States,(813) 877-0069,,,,Roofing contractor,,,,,,,,,,,,27.971342,'-82.4915378,,,,
A1 Roofing Services Tampa,2137 W Juneau St,Tampa,FL,33604,United States,(727) 473-0825,,,,"Roofing contractor, Contractor",,,,,,,,,,,,28.0237596,'-82.4831872,,,,
Aaa All Star Construction Inc.,1517 E 7th Ave,Tampa,FL,33605,United States,(800) 975-5512,http://www.allstarconstructioninc.com/about-us/,allstarh77@gmail.com,,Contractor,"AAA All Star Construction Inc. is a company based out of 2464 El Camino Real, Santa Clara, California, United States.",<$5 M,1,,"15,152","23,236",https://www.linkedin.com/company/aaa-all-star-construction-inc.,https://www.facebook.com/AAAAllSTARCONSTRCUTIONINC,,,,27.9600496,'-82.4422285,,,,
Aaa Diversified Services Inc,4009 W Linebaugh Ave,Tampa,FL,33624,United States,(813) 962-0808,https://www.aaadiversifiedservices.com/,rocky@aaadiversifiedservices.com,Unknown,"General contractor, Carpenter, Painter, Waterproofing service","AAA Diversified Services is a certified general contractor based in Tampa, specializing in a range of services including painting, waterproofing, carpentry, and roofing. The company has been serving the Hillsborough, Pinellas, and Pasco counties since 1979, focusing on both residential and commercial projects.",$1.2 M,4,1979,,,https://linkedin.com,https://facebook.com,https://x.com,,,28.0403953,'-82.5100085,Rocky,Borseth,Vice President,rocky@aaadiversifiedservices.com
Aar Sheet Metal Systems & Consultants,1820 N 57th St,Tampa,FL,33619,United States,(813) 599-3232,https://aarsheetmetal.com/,,,Sheet metal contractor,"Roofing Metal Fabrication the way you need it!  Based in Tampa, FL, we are a metal fabrication company specializing in roof related metal. scuppers, drip ed ...",,,,,,,,,,,27.9605963,'-82.392126,,,,
Aba Constructions Llc,14855 N Dale Mabry Hwy,Tampa,FL,33618,United States,(646) 409-2009,,,,"Construction company, Bathroom remodeler, Contractor, General contractor, Home builder, Kitchen remodeler, Painter, Tile contractor",,,,,,,,,,,,28.0839322,'-82.5039749,,,,
Abatement And Demolition Services,5451 N 59th St,Tampa,FL,33610,United States,(813) 875-4600,https://www.adsenviro.com/,bragg@adsenviro.com,,"Demolition contractor, Environmental consultant","Abatement & Demolition Services is located on the West Coast of Florida in the Tampa Bay Area, and provides service throughout the southeastern United States. We are licensed in Florida, Georgia, Tennessee, and Texas. We are a turn-key mold, asbestos, and lead remediation company with over 17 years of experience in commercial and residential abatement.",$12.7 M,20,1987,"17,179","56,562",https://www.linkedin.com/company/abatement-&-demolition-services-inc.,https://www.facebook.com/ads.enviro.inc,,https://www.instagram.com/adstampa,,28.0005083,'-82.3893487,Bragg,Crane,President of Abatement & Demolition Services. Providing Professional Demolition and Environmental Services Throughout the Usa,bragg@adsenviro.com
Abc Supply Co. Inc.,4502 E Adamo Dr,Tampa,FL,33605,United States,(813) 248-0050,https://www.abcsupply.com/locations/location,customersupport@abcsupply.com,,"Roofing supply store, Solar energy equipment supplier","ABC Supply Co., Inc. is the largest wholesale distributor of roofing and other select exterior and interior building products in North America. Since its founding in 1982, ABC Supply’s sole focus has been serving professional contractors and “making it easy” for them to do their jobs by offering the products, support and services they need — including myABCsupply, which allows them to place material orders and manage their account details from anywhere.",$20.4 B,8540,1982,"50,503","42,423",https://www.linkedin.com/company/abc-supply,https://www.facebook.com/abcsupplyco,,,,27.9529628,'-82.4077301,Sandhya,Rani Sahu,Sap Human Resources Consultant,ss@abcsupply.com
Acllc Restoration,816 W Woodlawn Ave,Tampa,FL,33603,United States,(863) 343-4098,,,,General contractor,,,,,,,,,,,,27.9760546,'-82.4711391,,,,
Action Roofing,6704 Benjamin Rd Suite 200,Tampa,FL,33634,United States,(813) 921-6229,https://actionroofing.com/tampa-roofing/,info@actionroofing.com,,Roofing contractor,Action Roofing is a company that operates in the Commercial & Residential Construction industry. It employs 10to19 people and has 1Mto5M of revenue. The company is headquartered in the United States. (Private company),$1.9 M,11,,"17,176","23,238",,https://www.facebook.com/actionroofing,,https://www.instagram.com/action_roofing,,28.0079755,'-82.5429565,,,,
Acumen Inspection Services,19232 Stone Hedge Dr,Tampa,FL,33647,United States,(813) 576-9980,https://www.acumeninspect.com/,d.m@acumeninspect.com,Unknown,Home inspector,"Looking for reliable home inspections in Tampa, Fl ? Contact Detrick Marshall for expert services today!",,,,,,,https://www.facebook.com/@internachi,,https://www.instagram.com/internachihq,https://www.youtube.com/@BenGromicko,28.160476,'-82.317464,,,,
Aderhold Roofing,4440 Eagle Falls Pl,Tampa,FL,33619,United States,(813) 945-4306,https://www.aderholdroofing.com/,candice@aderholdroofing.com,,Roofing contractor,"Aderhold Roofing is a leading commercial roofing contractor based in Tampa and Orlando, specializing in a variety of roofing solutions for commercial and multi-family properties. With over 30 years of experience, they offer services including new construction roofing, repairs, replacements, and maintenance plans tailored to meet the unique needs of each building.",$6.7 M,22,2020,"17,176","23,238",https://www.linkedin.com/company/aderhold-roofing-&-construction,https://www.facebook.com/aderholdroofing,https://www.x.com/aderholdroofing,,,27.905798,'-82.3900222,Juanita,Butler,Office Manager,juanita@aderholdroofing.com
Advanced Coating Services,7521 N Dixon Ave,Tampa,FL,33604,United States,(813) 900-2375,https://www.advancedroofcoatings.com/,trey@advancedroofcoatings.com,,Painting,"Advanced Coating Services are the roof coating, painting, restoration, cleaning and radiant barrier specialists of Florida. Providing restoration services for built up, metal, EPDM, gravel, tile and asphalt shingle roofs. Dont rip and replace your o",,,,,,,,,,,28.0168967,'-82.4568502,,,,
"Advanced Drying Systems, Llc",12094 Anderson Rd Suite 303,Tampa,FL,33625,United States,(888) 898-0699,https://www.adsdry.com/,claims@adsdry.com,,"Water damage restoration service, Building restoration service, Environmental health service","Advanced Drying Systems Corporation (ADS) was founded by Casey Weldon and Mark Custer, who have more than fifteen years of experience mitigating losses for insurance carriers and homeowners. ADS is currently working with several of the top insurance carriers throughout Florida.",$13.7 M,97,2009,"73,734","56,561",https://www.linkedin.com/company/advanced-drying-systems,https://www.facebook.com/adsdry,,,,28.0608925,'-82.5430805,Renee,Coffman,Director of Business Development,renee@adsdry.com
Advanced Roofing Inc.,4909 W Knollwood St,Tampa,FL,33634,United States,(813) 885-5811,https://www.advancedroofing.com/,sales@advancedroofing.com,,"Roofing contractor, Solar energy company, Waterproofing service","Established in 1983, Advanced Roofing Inc. is a full-service commercial roofing contractor specializing in re-roofing, replacements, repairs, maintenance, and solar energy services for occupied buildings in Florida and the Caribbean.",$366 M,395,1983,"17,176","23,238",https://www.linkedin.com/company/advanced-roofing,https://www.facebook.com/AdvancedRoofing,https://x.com/AdvancedRoofFL,https://www.instagram.com/advancedroofinginc,https://www.youtube.com/user/AdvancedRoofingInc,28.0086671,'-82.5267145,Gary,Stevens,Service Estimator,stevens@advancedroofing.com
"Advantage Roofing And Construction, Llc",1214 W Bearss Ave Suite 500,Tampa,FL,33613,United States,(813) 399-1231,https://advantageroofs.com/,info@advantageroofs.com,Unknown,"Roofing contractor, General contractor","Advantage Roofing is your source for complete roof repair and replacement in South and Central Florida. With over 20 years of experience, we can work on all aspects of your residential or commercial project, we specialize in solar, siding, roofing, and windows, doors, gutters, soffit & fascia services.",$724 K,3,,"17,176","23,238",,https://www.facebook.com/Advantage-Roofing-and-Construction-LLC-104892632015139,,https://www.instagram.com/advantageroofingfl,,28.0876683,'-82.4720042,,,,
"Affordable Roofing Systems, Inc.",9511 N Trask St A,Tampa,FL,33624,United States,(813) 542-8462,https://www.affordableroofingflorida.com/,rick@affordableroofingflorida.com,,"Roofing contractor, Waterproofing service","Affordable Roofing Systems is a reputable roofing contractor based in Tampa, Florida, specializing in a wide range of roofing services for both residential and commercial clients. Their offerings include roof installation, replacement, repair, and maintenance, utilizing high-quality materials such as shingles, metal, and tile roofing.",$12.5 M,10,2002,"17,176","23,238",https://www.linkedin.com/company/affordable-roofing-systems,https://www.facebook.com/AffordableRoofingSystems,https://x.com/AffordbleRoofFL,https://www.instagram.com/affordableroofingsytemsflorida,https://www.youtube.com/user/AffordableRoofingFL,28.037868,'-82.519952,Leo,Garcia,,leo@affordableroofingflorida.com
Air First Cooling And Heating Llc,12512 Cardiff Dr,Tampa,FL,33625,United States,,,,,Roofing contractor,,,,,,,,,,,,28.0559526,'-82.5626462,,,,
Alcar All Services Corp,1908 E Bougainvillea Ave,Tampa,FL,33612,United States,(239) 789-5187,https://www.alcarallservices.com/,,,"Roofing contractor, Bathroom remodeler, Dry wall contractor, Kitchen remodeler, Remodeler, Construction company, Tile contractor",ALCAR All Services Corp,,,,,,,https://www.facebook.com/alcarallservicescorp,,https://www.instagram.com/alcarallservicescorp,https://www.youtube.com/watch,28.0437668,'-82.4365082,,,,
Alejandro Melo Contractor Corp,5204 S 82nd St,Tampa,FL,33619,United States,(813) 502-7830,https://melocontractor.com/,,,"Siding contractor, Window installation service","Tampa Exterior Contractor trusted for siding, windows & stucco. Hire a licensed Tampa exterior contractor – fast quotes, insured service –",,,,,,https://www.linkedin.com/in/pamela-visalden-883846270,,,https://www.instagram.com/amelocontractor,https://www.youtube.com/@Melocontractor,27.9005241,'-82.3653053,,,,
Alignment Construction,1208 E Columbus Dr,Tampa,FL,33605,United States,(727) 916-1306,https://www.alignment-construction.com/,,,General contractor,"Tampas Premier Building Contractor specializing in home new construction, remodeling, structural, site development and demolition of existing structures.",,,,,,,https://www.facebook.com/108661184247340,,https://www.instagram.com/alignmentconstruction,,27.9670149,'-82.4464325,,,,
All American Roofing,8601 Mallard Reserve Dr,Tampa,FL,33614,United States,(727) 634-8406,,,,"Roofing contractor, Building firm, Carpenter",,,,,,,,,,,,28.0296269,'-82.5115219,,,,
"All Area Roofing & Construction, Inc.",7108 E 14th Ave,Tampa,FL,33619,United States,(813) 460-3325,https://www.allarearoofinginc.com/,jennifer@allarearoofinginc.com,Unknown,Roofing contractor,"All Area Roofing & Construction, Inc. is a trusted roofing contractor proudly serving Florida’s Treasure Coast, including Palm Beach, Martin, Indian River, St. Lucie, and Brevard counties. Since 2005, we’ve been one of Florida’s top roofing providers, offering expert services in roof restoration, replacement, and repairs across residential, commercial, industrial, and government sectors.",,10,2005,,,,https://www.facebook.com/allarearoofingandconstructioninc,https://x.com/home,https://www.instagram.com/allarearoofingandconstruction,,27.9651877,'-82.3744334,Jennifer,Richards,Chief Executive Officer,jennifer@allarearoofinginc.com
"All Area Roofing & Waterproofing, Inc.",1820 N 57th St,Tampa,FL,33619,United States,(813) 247-7663,https://allarearoofing.com/,sriccio@allarearoofing.com,,Roofing contractor,"Established in 1997, All Area Roofing & Waterproofing, Inc. specializes in roofing and waterproofing services for commercial, industrial, and multi-family buildings in Florida. They offer a range of solutions including roof inspections, repairs, and preventative maintenance programs tailored to withstand Floridas challenging weather conditions.",$7.4 M,28,1997,"17,176","23,238",https://www.linkedin.com/company/all-area-roofing-&-construction-inc.,https://www.facebook.com/allarearoofingandconstructioninc,,,,27.9606161,'-82.3921857,Jennifer,Obert,Owner,jennifer@allarearoofing.com
All Star Roofing & Exteriors,7818 Depot Ln,Tampa,FL,33637,United States,(727) 634-8341,,,,"Roofing contractor, Building firm, Carpenter",,,,,,,,,,,,28.0222794,'-82.3531794,,,,
"Alpine Exteriors Siding, Windows & Roofing",2202 N Westshore Blvd #275,Tampa,FL,33607,United States,(656) 242-3892,https://alpineexteriorstampa.com/,,,"Roofing contractor, Siding contractor, Window installation service","Alpine Exteriors provides professional siding installation, roofing services, and window replacement in Tampa, FL. Licensed contractors with 20+ years experience. Free estimates available.",,,,,,,,,,,27.9604943,'-82.5252531,,,,
Alto Construction,4102 Causeway Blvd,Tampa,FL,33619,United States,(813) 751-3027,https://altoconstruction.com/,sales@altoconstruction.com,,Asphalt contractor,"Alto Construction has been in the Tampa Bay community since the late 70s. In August of 1984, Alto became incorporated and is owned by Stewart Smith.

We are a complete site development company specializing in earthwork, asphalt paving and maintenance, and underground utilities (storm, sanitary, water and fire).",$17.8 M,45,1984,"16,161","23,237",https://linkedin.com/company/alto-construction-company-inc-,https://facebook.com/Alto-Construction-105357424904307,,https://www.instagram.com/altoconstruction,https://youtube.com/channel/UC8MFqIc1TBcN7hRlKJVwWGQ,27.9238531,'-82.4103898,,,,
Alvarez Roofing,3456 10825 Tom Folsom Rd E,Thonotosassa,FL,33592,United States,(813) 986-4527,https://alvarezroofingtampa.com/,office@alvarezroofing.net,Unknown,Roofing contractor,"We specialize in providing quality asphalt shingle, metal, and tile roofing systems at affordable prices to single family and manufactured/mobile home owners. With all the roofing companies in and around Tampa, how can you be sure the company is reputable and that you are getting a good value? Alvarez Roofing is a well-established roofing company with strong ties to the local community.",$1.1 M,6,2009,"17,176","23,238",,https://www.facebook.com/alvarezroofingtampa,,,,28.0476222,'-82.3269317,,,,
Am Project Group Llc,4422 W Oklahoma Ave,Tampa,FL,33616,United States,(813) 784-6992,https://www.buildwitham.com/,,,General contractor,"SUPERIOR QUALITY Building Your Vision in Central Florida & Tampa Transform your home or business with expert remodeling, restoration, and roofing services. At AM Project Group, we deliver quality craftsmanship, reliability, and personalized solutions",,,,,,,,,,,27.8837019,'-82.5209814,,,,
Amco Home Improvements Llc,8010 Bally Money Rd,Tampa,FL,33610,United States,(813) 833-3406,http://www.amcocontractor.com/,amcocontractor@gmail.com,Unknown,Construction company,"We can do all your Home Improvements needs and maintenance! Looking to freshen up your interior or build a beautiful new deck to compliment the aesthetics of your home or workplace? As a professional remodeler, AMCO Home Improvements, LLC can offer you a quality service at always affordable rates! We take pride in our ability to work on projects of any size, and always strive for improvement.",$209 K,2,2016,,,,https://www.facebook.com/amco.contractor,https://www.x.com/amco_contractor,,,28.0027386,'-82.3664995,,,,
"American Roofing & Sheet Metal, Inc.",5425 W Crenshaw St,Tampa,FL,33634,United States,(813) 884-1815,https://arsmi.com/,albert.docobo@arsmi.com,,"Roofing contractor, General contractor, Roofing supply store","We are a licensed and certified GAF Master Elite roofing contractor. You can have peace of mind knowing you have chosen a company thats in the top three percent of all roofing companies in the country. We are also certified as a Firestone Building Products Red Shield Contractor, we make a commitment to stay on the cutting edge of the roofing industry through regular training.",$5 M,5,2004,"17,176","23,238",https://www.linkedin.com/company/american-roofing-and-sheet-metal-inc-,https://www.facebook.com/AmericanRoofingSheetMetalInc,https://x.com/arsmi_tampa_fl,https://www.instagram.com/americanroofingandsheetmetal,,28.0157846,'-82.5362928,Jessica,Wood,Office Manager,jessica.wood@arsmi.com
American Standard Roofing,5425 W Crenshaw St,Tampa,FL,33634,United States,(727) 634-8345,,,,"Roofing contractor, Building firm, Carpenter",,,,,,,,,,,,28.0158405,'-82.536306,,,,
Anchor Roofing Company,6725 N Armenia Ave,Tampa,FL,33604,United States,(727) 634-8379,,,,"Roofing contractor, Building firm, Carpenter",,,,,,,,,,,,28.0082299,'-82.4841859,,,,
Anderson & Sons Roofing,5802 N 54th St,Tampa,FL,33610,United States,(727) 634-8417,,,,"Roofing contractor, Building firm, Carpenter",,,,,,,,,,,,28.0015358,'-82.3962981,,,,
Anderson Aluminum Inc,6214 W Linebaugh Ave,Tampa,FL,33625,United States,(813) 961-1764,https://www.andersonaluminum.com/,anderson.aluminum@verizon.net,,"Sunroom contractor, Carport and pergola builder, Construction company, General contractor, Patio enclosure supplier, Railing contractor, Screen repair service","Anderson Aluminum Inc. in Tampa, Florida provides professional, custom designed services for residential and commercial clients. We are licensed, insured and family owned and operated. Each job that our expert team performs is done with the highest level of expertise, skill and precision.",$1.8 M,10,1984,"34,344","33,332",https://www.linkedin.com/company/anderson-aluminum-co,https://www.facebook.com/Anderson-Aluminum-Inc-1053954224701576,,,,28.0399254,'-82.5467055,,,,
Apex Restoration General Contractor,412 S Howard Ave,Tampa,FL,33606,United States,(813) 437-4687,,,,"Contractor, Building restoration service",,,,,,,,,,,,27.94003,'-82.482692,,,,
Apex Roofing & Restoration,6420 Benjamin Rd,Tampa,FL,33634,United States,(656) 254-8545,https://apexroofs.com/tampa-florida/,press@apexroofs.com,,"Roofing contractor, Construction company","“Alabama’s Largest and Most Trusted Roofing Company” 
Apex Roofing and Restoration serves as general contractor on residential, multi-family and commercial projects across the southeast; often immediately responding to weather events. Apex teams are trained for rapid response and accurate documentation and analysis of property lost; Apex is also one of only a handful of companies in the country to boast the highest level of certifications from the top manufacturers in the United States.",$11.3 M,218,2010,"17,176","23,238",https://www.linkedin.com/company/apex-roofing-restoration/%20,https://www.facebook.com/ApexRoofingandRestorationLLC,,https://www.instagram.com/apexroofingprofessionals,,28.0066147,'-82.5424556,Bradley,Topham,Senior Consultant,btopham@apexroofs.com
Aplus Roofing Solutions Llc,11632 Hidden Hollow Cir,Tampa,FL,33635,United States,(813) 562-4036,https://aplusroofingtampa.com/,aplusroofingtampa@gmail.com,Unknown,Roofing contractor,Home | A Plus Roofing Solutions LLC,,,,,,,https://www.facebook.com/A-Plus-Roofing-Solutions-LLC-106143812092621,,,,28.0293511,'-82.6205362,,,,
Aquaguard Mitigation,5401 W Kennedy Blvd Suite 100,Tampa,FL,33609,United States,(774) 448-5788,https://aquaguardmitigation.com/,,,Roofing contractor,"​AquaGuard Mitigation specializes in providing emergency roof tarping and 24/7 water mitigation services to both residential and commercial properties. Recognizing the urgency and stress associated with roof leaks and water damage, our dedicated team offers prompt and reliable solutions to safeguard your property and restore comfort",,1,2023,,,https://www.linkedin.com/company/aquaguard-mitigation-llc,https://www.facebook.com/567342473135208,,https://www.instagram.com/aquaguard_mitigation,,27.9458578,'-82.5339718,,,,
Arac Roof It Forward,14502 N Dale Mabry Hwy,Tampa,FL,33618,United States,(813) 704-2828,https://www.roofitforward.com/,website@roofitforward.com,,Roofing contractor,"Hi! I’m Tommy Morgan, an expert Roofing Consultant for ARAC Roof It Forward for more than five years. My team and I specialize in the North Georgia area, including Bartow, Cherokee, Cobb, and Paulding. Roof It Forward is a commercial and residential contractor specializing in roofing, siding, gutters, painting, insulation and many other trades.",$15.9 M,4,2005,"17,176","23,238",https://www.linkedin.com/in/arac-roof-it-forward-584b3b66,https://www.facebook.com/aracroofitforwardga,https://x.com/ARACRoofIt,,https://www.youtube.com/channel/UC5tGVFSv6uW9JPUZxwrOsPQ,28.0803334,'-82.5078344,Casey,Beaver,"Director, Business Development",caseybeaver@roofitforward.com
Arley Home Solutions Llc,7303 N Coarsey Dr,Tampa,FL,33604,United States,(813) 580-2413,,,,"Roofing contractor, Contractor",,,,,,,,,,,,28.0148855,'-82.4843008,,,,
Armour Roofing,3711 W Inman Ave Suite C,Tampa,FL,33609,United States,(813) 773-3235,https://armourroofinc.com/roofers/tampa-fl.php,ginoarmourroofing@gmail.com,,Roofing contractor,"Armour Roofing is a reputable roofing contractor based in Sarasota, Florida, with over 30 years of experience in providing roof repair and replacement services for residential, commercial, and multi-family properties. The company prides itself on integrity, customer satisfaction, and using high-quality materials while helping clients navigate the insurance claims process.",$5.7 M,20,2017,"17,176","23,238",,https://www.facebook.com/armourroofinginc,,,,27.9359678,'-82.5046598,,,,
Atlantic Equipment,4764 Distribution Dr Floor 1,Tampa,FL,33605,United States,(813) 820-1181,https://atlanticeq.com/,gsperry@atlanticeq.com,,"Roofing supply store, Construction equipment supplier, Construction machine dealer, Construction machine rental service, Fire protection equipment supplier, Protective clothing supplier, Safety equipment supplier, Tool rental service","Our History
Atlantic Equipment was founded by the company’s current President, Colin Cash, Sr. in 1970. Today, after 53 years and three generations, the Cash family, and the entire team at Atlantic Equipment, work hard every day to be the SALES, RENTALS, and SERVICE leader of equipment and safety products for the construction, roofing, and waterproofing industries.",$11.9 M,16,1970,,,https://www.linkedin.com/company/atlantic-asphalt-&-equipment,https://www.facebook.com/atlanticequip,https://x.com/AtlanticEquip1,,,27.9570986,'-82.4059959,Jack,Duffett,Chief Financial Officer,jduffett@atlanticeq.com
Atlantic Hvac/duct Cleaning,310 S Dale Mabry Hwy,Tampa,FL,33609,United States,,,,,"Roofing contractor, Gutter cleaning service, Pressure washing service, Cleaning service, Window cleaning service",,,,,,,,,,,,27.9417004,'-82.5038696,,,,
Atlantic Roofing Services,9420 Lazy Ln # E13,Tampa,FL,33614,United States,(813) 935-8500,https://atlanticroofingservices.net/,donnat@atlanticroofingservices.net,,Roofing contractor,"Slotmantap is an innovative online gaming platform that offers a unique experience for players looking to deposit as little as 10,000 IDR via QRIS and pulsa without hidden fees. The site is designed for both beginners and experienced players, providing a fast and secure transaction process that allows users to enjoy gaming with minimal risk.",$6.9 M,0,1989,"17,176","23,238",https://www.linkedin.com/company/atlantic-roof-services,https://www.facebook.com/atlanticroofingofflorida,,,,28.0355952,'-82.5099599,,,,
Atlas Group Construction,4102 N Ola Ave,Tampa,FL,33603,United States,(813) 374-4330,,,,"General contractor, Contractor, Home builder",,,,,,,,,,,,27.9833057,'-82.46372,,,,
Atlas Roofing Services,4517 George Rd,Tampa,FL,33634,United States,(727) 634-8351,,,,"Roofing contractor, Building firm, Carpenter",,,,,,,,,,,,27.9851439,'-82.5487648,,,,
Austin Dryer Vent Cleaning & Installation,1539 S Dale Mabry Hwy,Tampa,FL,33629,United States,(813) 726-5615,,,,"Roofing contractor, Contractor, Dryer vent cleaning service",,,,,,,,,,,,27.9287843,'-82.5061622,,,,
Avatar Construction 2,1426 W Busch Blvd Suite 103,Tampa,FL,33612,United States,(941) 457-1254,https://www.avatarconstruction2.com/,avatar2construction@gmail.com,Unknown,Roofing contractor,"Avatar Construction 2 Roofing, Roof Replacement, Roof Repair, Contractor, Roofing Contractor, Construction, Roofer near me",,,,,,,,,https://www.instagram.com/avatarconstruction2,,28.0331098,'-82.4747046,,,,
Avatar Construction Inc,8624 Sorano Villa Dr,Tampa,FL,33647,United States,(813) 504-7885,,,,"Contractor, Architecture firm, Remodeler",,,,,,,,,,,,28.1592622,'-82.3652504,,,,
Avatar Roofing,4407 N Thatcher Ave,Tampa,FL,33614,United States,(813) 962-7663,https://avatarroofing.com/,juan@avatarroofing.com,,"Roofing contractor, Skylight contractor","Avatar Roofing is a leading roofing contractor in Tampa Bay, specializing in both residential and commercial roofing services. With over 30 years of experience, they offer a range of solutions including roof installation, repair, and various roofing materials such as asphalt shingles, TPO, and clay tiles.",$1.3 M,4,2011,"17,176","23,238",https://www.linkedin.com/company/avatar-roofing,https://www.facebook.com/avatarroofingtampa,,,https://www.youtube.com/channel/UC2dc4HvVPbOnMRfVgmkAbwA,27.9822957,'-82.5145096,Juan,Gordillo,President,juan@avatarroofing.com
Avendra Roofing Contractor,4434 W Wyoming Ave,Tampa,FL,33616,United States,(712) 991-5925,,,,Roofing supply store,,,,,,,,,,,,27.8822878,'-82.5221685,,,,
Bach Land Development,3418 W Arch St,Tampa,FL,33607,United States,(813) 559-8555,https://www.bach-development.com/,justcallbach@bach-development.com,,Construction company,"BACH Development offers comprehensive construction management services for both commercial and residential projects across the United States. Their services include consulting, general contracting, site development, manufactured housing installations, and disaster recovery.",$18.3 M,34,2017,"52,525","45,459",https://www.linkedin.com/company/bach-builders,https://www.facebook.com/bachbuilders,,,,27.9541948,'-82.5009808,James,Falvo,"Project Manager, Florida (south)",jamesf@bach-development.com
Bank Roofing,1908 E 149th Ave,Lutz,FL,33549,United States,(727) 303-4737,https://bankroofing.com/contact-us,,,Contractor,,,,,,,,,,,,28.0871662,'-82.4375917,,,,
Banyan Contracting,1601 N 39th St #100,Tampa,FL,33605,United States,(813) 697-7663,http://banyan.bid/,,,Roofing contractor,,,,,,,,,,,,27.9577134,'-82.4146658,,,,
Bay Area Contracting And Construction,8907 N Ola Ave,Tampa,FL,33604,United States,(813) 385-7242,https://bayareacnc.com/,tampabayareacc@gmail.com,Unknown,"General contractor, Bathroom remodeler, Carpenter, Flooring contractor, Interior construction contractor, Kitchen remodeler, Repair service, Tile contractor, Window installation service",Get this service done quickly and efficiently by the experts here at Bay Area Contracting & Construction. We understand how important it is to feel confident and worry free when it comes to the service we provide. Our dedicated staff invests the time,,,,,,,https://www.facebook.com/TampaBayAreaCC,,https://www.instagram.com/bayareacontractingconstruction,,28.0314714,'-82.4630693,,,,
Bay Area Exteriors,3411 N 29th St,Tampa,FL,33605,United States,,https://www.bayarea-exteriors.com/,,,Siding contractor,"Bay Area Exteriors specializes in siding and exterior services, particularly with James Hardie Plank, and has over 25 years of industry experience. They cater to both residential and commercial clients, ensuring high standards of quality and safety in their projects.",$435 K,8,,"17,176","23,238",https://www.linkedin.com/company/buildingeasier,https://www.facebook.com/787490411310300,,https://www.instagram.com/bay_area_exteriors,,27.9750176,'-82.4277621,,,,
"Bay To Bay Roofing, Inc.",307 Pine Bluff Dr Suite 101,Lutz,FL,33549,United States,(813) 424-1541,https://baytobayroofing.com/hillsborough-county/lutz/,baytobayroofing@gmail.com,,Roofing contractor,"We are a locally and family owned and operated roofing company.
Serving the Tampa Bay area (Pasco, Pinellas, Hillsborough and Hernando Counties).
-Residential and Commercial Roofing-
We can work on all types of roofs: shingle, tile, metal and flat roof TPO
-Re-roofing
-Repairs
We provide FREE estimates.",$4.3 M,1,2012,"17,176","23,238",https://www.linkedin.com/in/bay-to-bay-roofing-28b893b1,https://www.facebook.com/BayToBayRoofing,,,https://www.youtube.com/c/BaytoBayRoofingIncHudson,27.9586307,'-82.4617898,Anthony,Hloska,President,ahloska@baytobayroofing.com
"Bayshore Exteriors, Llc",301 W Platt St A311,Tampa,FL,33606,United States,(813) 777-1777,https://www.bayshoreexteriors.com/,,,"Siding contractor, Deck builder, Remodeler, Window installation service","Tampas trusted James Hardie siding contractor. Expert installation, lifetime warranties & free estimates. Call Bayshore Exterior today for a consultation!",,,,,,https://www.linkedin.com/feed,https://www.facebook.com/61554285441316,,https://www.instagram.com/bayshore_exteriors,,27.9422145,'-82.4629635,,,,
Bbcg - Blue Bay Construction Group,10922 N Blvd,Tampa,FL,33612,United States,(727) 504-0125,https://www.bluebayconstructiongroup.com/,contact@bluebayconstructiongroup.com,Unknown,"General contractor, Bathroom remodeler, Deck builder, Dry wall contractor, Electrician, Flooring contractor, Painting, Water damage restoration service",Blue Bay Construction Group,,,,,,,,,,,28.049921,'-82.4679184,,,,
Belt Construction,1503 W Busch Blvd B,Tampa,FL,33612,United States,(813) 961-3075,https://beltconstruction.com/,htubbs@beltconstruction.com,,"Construction company, Architectural designer, Building consultant, Commercial real estate inspector, Concrete contractor, Foundation, General contractor, Home inspector, Masonry contractor",Specializing in commercial and industrial construction services for the Greater Tampa Bay area in Florida.,$1.4 M,1,1951,"15,154","23,236",,https://www.facebook.com/BeltConstruction,https://www.x.com/beltengineering,,,28.0337441,'-82.4762665,Michele,(cheley) Buff,,buff@beltconstruction.com
Belvora Roofing Contractor,7004 S Trask St,Tampa,FL,33616,United States,(640) 282-1456,,,,Roofing supply store,,,,,,,,,,,,27.8642393,'-82.5224129,,,,
Ben Roofing Systems Tampa,6809 N Manhattan Ave,Tampa,FL,33614,United States,(855) 513-3164,,,,Roofing contractor,,,,,,,,,,,,28.00981,'-82.5169739,,,,
Bennett Roofing Co,500 N Westshore Blvd,Tampa,FL,33609,United States,(727) 634-8441,,,,"Roofing contractor, Building firm, Carpenter",,,,,,,,,,,,27.9490153,'-82.5246294,,,,
Beryl Engineering & Inspection,15100 Hutchison Rd,Tampa,FL,33625,United States,(813) 616-3301,https://www.berylprojectengineering.com/,business@berylprojectengineering.com,,"Home inspector, Civil engineer, Engineering consultant, Structural engineer","Based in Tampa, FL, Beryl Engineering & Inspection specializes in home inspections and structural engineering services, catering to both residential and commercial clients. Their offerings include a wide range of inspection services, such as thermal imaging, wind mitigation inspections, and baby proofing assessments.",$984 K,11,2013,"87,871","54,541",https://www.linkedin.com/company/beryl-project-engineering,https://www.facebook.com/BerylProjectEngineering,https://x.com/BerylProjectEng,https://www.instagram.com/berylprojectengineering,https://www.youtube.com/channel/UC_dKEc7qm9oBtMVtuGQz64w/videos,28.0887665,'-82.5402444,Leo,Cannyn,Principal Project Manager,leo@berylprojectengineering.com
Best Choice Roofing,3102 Cherry Palm Dr #100,Tampa,FL,33619,United States,(813) 544-7315,https://bestchoiceroofing.com/locations/florida/tampa/,info@bestchoiceroofing.net,,Roofing contractor,"Best Choice Roofing (BCR) has been protecting homes and building careers since 2009, helping thousands of homeowners restore their properties after storm damage and natural weathering. What started as a small business has grown into one of the largest and fastest-growing residential roofing companies in the U.",$67.8 M,969,2009,"17,176","23,238",https://www.linkedin.com/company/best-choice-roofing,https://www.facebook.com/866bestchoice,https://www.x.com/bestchoicer,https://www.instagram.com/866bestchoice,https://www.youtube.com/channel/UCmXr_TUtz6ScxjXQ3cSe1RA,27.9716529,'-82.345401,Ronald,Frazier,Sales Manager,ronald.frazier@bestchoiceroofing.com
"Best Construction Company, Llc",19046 Bruce B Downs Blvd,Tampa,FL,33647,United States,(813) 368-1200,https://www.bestconstructioncompany.pro/,,,"Roofing contractor, Construction company","Tampas trusted roofing and construction company serving the West Coast of Florida. Specializing in roof repair, replacement, and construction.",,,,,,,,,,,28.1459535,'-82.3549207,,,,
Best Home Repair Tampa,11521 Donna Dr,Tampa,FL,33637,United States,(813) 526-2369,https://besthomerepairtampa.com/,esteban@besthomerepairtampa.com,Unknown,Dry wall contractor,"We provide exceptional drywall repair services in Tampa ,We offer a range of services, including patching holes, fixing cracks, and more.",,,,,,,,,,,28.051669,'-82.3580518,,,,
Big Wave Restoration,6702 Benjamin Rd Suite 300,Tampa,FL,33634,United States,(813) 244-9283,https://bigwaverestoration.com/,paul.pfleiderer@bigwaverestoration.com,,"Water damage restoration service, Fire damage restoration service",Our owners Paul Pfleiderer and Adam Brown were working for a large disaster restoration company when they decided to pursue their dream of owning their own company. With both owners being married with wives and small children they understand how a disaster can affect an entire family.,$1.1 M,2,2019,,,https://www.linkedin.com/company/big-wave-restoration,https://www.facebook.com/bigwaverestoration,,https://www.instagram.com/big_wave_restoration,,28.0079974,'-82.5424566,Paul,Pfleiderer,,paul.pfleiderer@bigwaverestoration.com
Bighorn Roofing Contractor,4836 W San Jose St,Tampa,FL,33629,United States,(912) 827-3906,,,,Roofing supply store,,,,,,,,,,,,27.9228154,'-82.5273445,,,,
Bill Shields Roofing Co,3502 E 7th Ave,Tampa,FL,33605,United States,(813) 839-7706,https://www.billshieldsroofing.com/,debbie@billshieldsroofing.com,,Roofing contractor,"For over 70 years, Bill Shields Roofing has served the greater Tampa, Fl area with high-quality work and attention to detail. The secret to the companys success is simple: State-of-the-art technology, the finest quality materials and always make customer service the companys top priority.",$1.8 M,1,,"17,176","23,238",https://www.linkedin.com/company/bill-shields-roofing-inc.,https://facebook.com/BSRoofingInc,,,,27.960354,'-82.420837,,,,
Blue Horizon Roofing,12499 Usf Bull Run Drive,Tampa,FL,33620,United States,(813) 443-0678,https://bluehorizonroofing.us/,,,Roofing contractor,,,,,,,,,,,,28.0589234,'-82.4060041,,,,
Blue Peak Roofing,5815 S Macdill Ave,Tampa,FL,33611,United States,(813) 572-7663,https://bluepeakroofers.com/,,,Roofing contractor,"Blue Peak Roofing, LLC provides expert roofing services in Tampa and beyond. From repairs to replacements, our experienced team offers honest quotes, quality work, and exceptional customer service. Schedule a free inspection today!",,,,,,,,,,,27.8814065,'-82.4941341,,,,
Brandon Roofing,10825 Tom Folsom Rd Suite E,Thonotosassa,FL,33592,United States,(813) 538-8200,https://flbrandonroofing.com/,flbrandonroofing@gmail.com,,"Roofing contractor, Construction company",Brandon Roofing is the 3rd generation of roofing contractors from the same family. Few companies can boast 30 years of continuous service...,,,,,,,,,,,28.0475731,'-82.3269771,Shad,Stevens,,shad@flbrandonroofing.com
Bravo Roofing & Gutters,1507 W Cypress St,Tampa,FL,33606,United States,(813) 923-3306,,,,Roofing contractor,,,,,,,,,,,,27.9521759,'-82.4753895,,,,
Bright Solutions,4106 W Montgomery Terrace,Tampa,FL,33616,United States,(656) 200-7183,,,,Remodeler,,,,,,,,,,,,27.8775098,'-82.5131938,,,,
Brothers Roofing Supplys And More,938 E 124th Ave C Fl,Tampa,FL,33612,United States,(727) 364-3616,https://brothersroofingsupplysandmore.com/,,,Roofing supply store,"Lead Roof Boot No Caulk in Tampa FL, Vent Pipe in Tampa FL, FHA Drip Edge in Tampa FL, Galvanized Coil Nails in Tampa FL, Plastic Round Roof Cap Nail in Tampa FL, TPO Plate in Tampa FL, Aluminum Ridge Vent in Tampa FL, Roofing Cement in Tampa FL, Ro",,,,,,https://www.linkedin.com/posts/brothers%C2%A0roofing%C2%A0-supplys%C2%A0and%C2%A0more%C2%A0llc-a54952327_brothers-roofing-supplys-and-more-llc-specializes-activity-7239011229602631680-WLfe,,,,,28.061669,'-82.4495135,,,,
"Brothers Roofing, Inc.",10306 N Myrtle St,Tampa,FL,33617,United States,(813) 985-6592,,,,Roofing contractor,,,,,,,,,,,,28.0421821,'-82.3993802,,,,
Brown Brothers Amer Roofing,1006 Briarwood Ave,Tampa,FL,33613,United States,(813) 961-6103,,,,Roofing contractor,,,,,,,,,,,,28.0830263,'-82.4691112,,,,
Bryant Dryer Vent Service Of Tampa,312 Co Rd 584,Tampa,FL,33604,United States,(813) 726-5718,,,,Roofing contractor,,,,,,,,,,,,28.0254988,'-82.4570513,,,,
Buildcraft Roofing Contractor,9316 Grandfield Rd,Thonotosassa,FL,33592,United States,(762) 431-4402,,,,Roofing supply store,,,,,,,,,,,,28.0445058,'-82.3381845,,,,
Cardinal Roofing,1312 Orangewalk Dr,Brandon,FL,33511,United States,(813) 689-7663,https://www.cardinalroofingfl.com/,office@cardinalroofingfl.com,Unknown,Roofing contractor,3rd generation roofing experts Cardinal Roofing focus on adding years to your roof through maintenance and repairs. Residential and commercial roofers.,,,,,,,https://www.facebook.com/cardinalroofingfl,,https://www.instagram.com/cardinalroofingfl,https://www.youtube.com/@CardinalRoofing,27.9136241,'-82.2618532,,,,
Cardosa Development,1913 W Dr Martin Luther King Jr Blvd,Tampa,FL,33607,United States,(813) 410-2698,https://www.cardosadevelopment.com/,contact@cardosadevelopment.com,Unknown,"Roofing contractor, Bathroom remodeler, Custom home builder, General contractor, Real estate developer, Remodeler, Construction company, Swimming pool contractor","Discover top-tier real estate development services with Cardosa Development, specializing in luxury residential and commercial projects across Tampa, FL. Explore investment opportunities and expert construction solutions tailored to meet your needs.",,,,,,,,,https://www.instagram.com/cardosadevelopment,https://www.youtube.com/channel/UCKNLsIRRuvQUyPK4pgITzGA,27.9815941,'-82.4789618,,,,
Carl Martin Roofing,14902 Livingston Ave,Lutz,FL,33559,United States,(813) 977-0066,https://carlmartinroofing.com/,mike@carlmartinroofing.com,Unknown,Roofing contractor,Carl Martin Roofing,,,,,,,https://www.facebook.com/carlmartinroofingtampabay,,,,28.0863097,'-82.4311762,,,,
Carrollwood All Season Roofing Contractors,5116 Lawnton Ct,Tampa,FL,33624,United States,(813) 213-3134,https://allseasonroofleakrepairs.com/carrollwood-all-season-roofing-contractors/,,,Roofing contractor,"All Season Roof Leak Repairs provides expert roof leak services in Brandon, Tampa, Lutz and surrounding areas. Licensed, insured, and warranty-backed. Call (813) 213-4072 for a free estimate.",,,,,,,,,,,28.0681429,'-82.5305516,,,,
Carrollwood Roofing,5927 George Rd,Tampa,FL,33634,United States,(813) 343-2900,https://carrollwoodroofing.com/,ted@carrollwoodroofing.com,Unknown,Roofing contractor,Count On Carrollwood Roofing to Protect Your Largest Investments THE CARROLLWOOD ROOFING WAY Florida Roofing Solutions without Compromise Carrollwood Roofin ...,,,,,,,https://www.facebook.com/Carrollwoodroofingllc,,https://www.instagram.com/carrollwood_roofingllc,,28.0028337,'-82.5499692,,,,
Castillo Roofing Co,101 E Kennedy Blvd,Tampa,FL,33602,United States,(727) 634-8428,,,,Roofing contractor,,,,,,,,,,,,27.9470096,'-82.4590927,,,,
Castlebrook Restoration & Roofing Llc,19046 Bruce B Downs Blvd #68,Tampa,FL,33647,United States,(813) 590-9800,https://www.castlebrookrestoration.com/,jwiles@castlebrookrestoration.com,Unknown,"Roofing contractor, Construction company, Waterproofing service","Castlebrook Restoration & Roofing: With 50+ years of expertise, we stand out in roofing and restoration. Your trusted partners for top-quality solutions.",,,,,,,,,,,28.1458807,'-82.3549105,,,,
Cat 5 Roofing Solutions,3018 Us-301 Suite 800,Tampa,FL,33619,United States,(813) 532-2285,https://cat5roofing.net/,info@cat5roofing.net,Unknown,Roofing contractor,"Cat5 Roofing Solutions: Roofing Contractor, Roof Repairs, Roof Replacement Florida, Residential and Commercial Roofing, Emergency Roof Repair",,,,,,,https://www.facebook.com/cat5roofingsolutions,,https://www.instagram.com/cat5roofingsolutions,,27.9728175,'-82.3614365,,,,
Cb Roofing Solutions,501 S Falkenburg Rd E-6,Tampa,FL,33619,United States,(813) 569-6930,http://www.cbrc.co/,info@cbrc.co,,Roofing contractor,"Reliable Roofing & Gutter Services
CB Roofing Construction Inc is the name you can trust for expert residential roofing, commercial roofing services, and gutter services. Our family-owned and operated company is proud to provide high-quality roofing and gutter services in Brandon, FL, Valrico, FL, Riverview, FL, Lutz, FL, and nearby areas.",$5.2 M,6,2010,"72,722","54,541",https://www.linkedin.com,https://facebook.com,https://x.com,https://www.instagram.com,https://youtube.com,27.9479079,'-82.336962,,,,
Central Florida Building Inspectors,5401 W Kennedy Blvd,Tampa,FL,33609,United States,(813) 921-7651,https://cfbinspect.com/tampa-area-home-inspectors/,mail@cfbinspect.com,,Home inspector,"Central Florida Building Inspectors specializes in residential and commercial property inspections in the Orlando area. Since 1988, they have provided a range of services including pre-purchase and pre-listing inspections, new construction, and specialized inspections such as mold and radon testing.",$1.3 M,12,1988,"73,738","54,541",https://www.linkedin.com/company/central-florida-building-inspectors-inc,https://www.facebook.com/centralfloridabuildinginspectors,https://x.com/cfbinspect,https://www.instagram.com/cfbinspect,https://www.youtube.com/channel/UCGA6Xn7UYU1Nl2vIIYVEHeA,27.945681,'-82.5346244,Krista,Edgren,"Director, Marketing",krista@cfbinspect.com
Central Homes Roofing & Solar,7004 Benjamin Rd,Tampa,FL,33634,United States,(813) 473-2201,https://centralhomesroofing.com/roofing-contractor-tampa-florida/,office@chroof.com,,"Roofing contractor, Waterproofing service","Central Roofing & Solar is a trusted roofing and solar contractor in Central Florida, boasting over 30 years of experience in providing high-quality roof repairs, replacements, and solar installations. The company caters to both homeowners and businesses, specializing in a variety of roofing options including shingle, metal, flat, and tile roofing.",$4.5 M,40,2007,"17,176","23,238",https://www.linkedin.com/company/central-homes-roofing,https://www.facebook.com/roofingcompaniesorlando,,https://www.instagram.com/centralhomesroofing,https://www.youtube.com/@Roofingcompanyorlandotampa,28.0124923,'-82.5427049,Jason,Pritchett,Project Manager,jason@centralhomesroofing.com
Century Roofing Specialists,7610 Industrial Ln #2b,Tampa,FL,33637,United States,(407) 393-8888,https://www.centuryroofingspecialists.com/,info@centuryroofingllc.com,Unknown,"Roofing contractor, Home builder, Property maintenance, Roofing supply store","Century Roofing Specialists is a premier roofing contractor with over 25 years of experience, serving Orlando, Tampa, and the surrounding areas in Central Florida. They offer a wide range of roofing services including installation, repair, and maintenance for both residential and commercial clients.",$6.1 M,31,2006,"17,176","23,238",https://www.linkedin.com/company/century-roofing-specialists,https://www.facebook.com/centuryroofingspecialists,https://x.com/CenturyRoofing,https://www.instagram.com/centuryroofingspecialists,,28.0187635,'-82.3599422,,,,
Certified Quality Roofing,8270 Woodland Center Blvd,Tampa,FL,33614,United States,(470) 802-4107,https://certifiedqualityroofs.com/service-areas/tampa-fl/,mhimton@certifiedqualityroofs.com,,Roofing contractor,"At Certified Quality Roofing, we proudly serve Atlanta and surrounding communities, turning houses into homes with our expert roofing services! As IKO Craftsman Premier contractors, we offer the highest quality roofing shingles in the industry, and always have them installed by highly trained, certified roofers.",,11,2023,,,,,,,,28.0249323,'-82.5246719,,,,
Ces Commercial Roofing,938 E 124th Ave A,Tampa,FL,33612,United States,(813) 419-1918,https://cesroof.com/,ginette@cesroof.com,,Roofing contractor,"CES Roofing is a Florida-based commercial roofing contractor specializing in asset protection for property owners and property managers across Tampa Bay and throughout Florida.
With more than 15 million square feet of commercial roofing installed, our team focuses exclusively on commercial and industrial roofing systems — including low-slope and flat roof systems, TPO roofing, spray polyurethane foam (SPF) roofing, silicone roof coating systems, modified bitumen, and metal roofing systems.",$2.5 M,5,2014,"17,176","23,238",https://www.linkedin.com/company/ces-commercial-roofing,https://www.facebook.com/CESROOF,,,,28.0612097,'-82.4495216,Ginette,Qualey,Vice President,ginette@cesroof.com
Choice Construction Of Florida,5815 Memorial Hwy,Tampa,FL,33615,United States,(813) 565-2776,https://www.choiceconstructionfl.com/,info@choiceconstructionfl.com,Unknown,"Roofing contractor, Handyman/Handywoman/Handyperson, Plumber, Construction company, Water damage restoration service","Choice Construction Plumbing and Roofing – All Over Hillsborough, Pinellas and Pasco County",,,,,,,,,,,27.9837847,'-82.5679613,,,,
Chyle's Roofing,7207 N Blossom Ave,Tampa,FL,33614,United States,(813) 972-2959,https://www.chylesroofingtampa.com/,,,Roofing contractor,Home | Chyles Roofing,,,,,,,,,,,28.0151652,'-82.5097671,,,,
"Cirsco, Inc.",5909 E Broadway Ave,Tampa,FL,33619,United States,(813) 621-5330,https://cirsco.com/,bigdillinger@cirsco.com,,Roofing contractor,"CIRSCO is the caretaker for roofs on numerous facilities throughout the State of Florida for Fortune 500 companies, nationally recognized multiple-facility building owners, and some of this country’s leading property managers. Why? Because our expertise is focused on maintenance, repair, and restoration – methods proven to prolong the life of existing roof systems.",$7.0 M,8,2003,"17,176","23,238",https://www.linkedin.com/company/cirsco-inc,https://www.facebook.com/CirscoCommercialRoofing,https://www.x.com/cirsco24,,,27.965096,'-82.38794,Scott,Dillinger,Vice President,scottdillinger@cirsco.com
Citrus Contracting,6712 Benjamin Rd,Tampa,FL,33634,United States,,,,,Roofing contractor,,,,,,,,,,,,28.0087892,'-82.5437084,,,,
"Cmk Construction, Inc",13329 W Hillsborough Ave,Tampa,FL,33635,United States,(813) 379-2116,https://www.cmkconstructioninc.com/,customersupport@cmkconstructioninc.com,,"Roofing contractor, General contractor, Kitchen remodeler, Remodeler, Bathroom remodeler","CMK Construction, Inc. has proudly served clients throughout the state of Florida since 2004 with one goal in mind. From the very beginning, our first priority has been providing the highest quality work for every client at a competitive price. There is a tradition of excellence reflected in every home, business and office we serve.",$3.2 M,22,2004,"15,152","23,236",https://www.linkedin.com/company/cmk-construction-inc,https://www.facebook.com/cmkconstructioninc,,https://www.instagram.com/cmkconstructioninc,https://www.youtube.com/channel/UCqmJqxxtmS4-wvVYUl4iUqw,28.0331193,'-82.6387843,Chris,Schilling,,chris@cmkconstructioninc.com
"Cncs Attic Insulation & Roofing Services Inc, Fl",4425 W Azeele St,Tampa,FL,33609,United States,(239) 342-6337,,,,"Contractor, Air conditioning repair service, Air duct cleaning service, Cleaners, HVAC contractor",,,,,,,,,,,,27.9415334,'-82.5198454,,,,
Coast To Coast Roofnig Inc,9515 Us-92,Tampa,FL,33610,United States,(813) 623-5788,,,,"Roofing contractor, Hair salon",,,,,,,,,,,,27.9938355,'-82.3442948,,,,
Coastal Breeze Aluminum & Roofing,2003 Clarice Cir,Tampa,FL,33619,United States,(813) 205-0757,,,,Remodeler,,,,,,,,,,,,27.9289632,'-82.3682419,,,,
Coastal Kings Roofing,13014 N Dale Mabry Hwy Suite 818,Tampa,FL,33618,United States,(407) 761-4837,https://coastalkingsroofing.com/,,,Roofing contractor,Coastal Kings Roofing,,,,,,,,,,,28.0644813,'-82.5064583,,,,
Coastal Roofing Group,6720 E Fowler Ave Suite 156,Temple Terrace,FL,33617,United States,(813) 497-4428,https://www.coastalroofinggrp.com/,,,Roofing contractor,"Coastal Roofing Group provides professional roofing services in Central Florida, including roof replacement, repair, installation, and maintenance.",,,,,,,,,https://www.instagram.com/coastalroofinggroup,,28.054839,'-82.378321,,,,
Collins Roofing Company,405 N Reo St,Tampa,FL,33609,United States,(727) 634-8447,,,,"Roofing contractor, Building firm, Carpenter",,,,,,,,,,,,27.9471023,'-82.5359378,,,,
Colony Roofers,11685 W Hillsborough Ave,Tampa,FL,33635,United States,(813) 579-2468,https://colonyroofers.com/,info@colonyroofers.com,,Roofing contractor,"As a locally owned and operated business headquartered in Atlanta, GA, Colony Rooferss team are experts in providing affordable roofs and great customer service. Our employees are handpicked for their experience, hard work, and integrity. We specialize in residential and commercial roofing systems, and work tirelessly to provide customers exceptional quality and value.",$17 M,15,2017,"17,176","23,238",https://www.linkedin.com/company/colony-roofers,https://www.facebook.com/colonyroofersllc,,,https://www.youtube.com/@colonyroofers4604,28.0173278,'-82.6145743,Zach,Reece,Business Owner,zach@colonyroofers.com
Commercial Residential Aluminum,7702 Industrial Ln,Tampa,FL,33637,United States,(941) 486-9104,https://craluminum.com/,reception@craluminum.com,,"General contractor, Carport and pergola builder, Construction company, Patio enclosure supplier","Commercial Residential Aluminum specializes in the installation and repair of pool and patio screen enclosures, aluminum railings, and other related services. Serving both residential and commercial clients throughout the Sarasota area and the Gulf Coast of Florida, they are committed to superior craftsmanship and customer satisfaction.",$17.6 M,79,1992,"17,179","23,238",https://www.linkedin.com/company/commercial-residential-aluminum-&-fabricating-llc.,https://www.facebook.com/CRAluminum,https://www.x.com/craluminum,https://www.instagram.com/craluminum,https://www.youtube.com/@CommercialResidentialAluminum,28.0198176,'-82.3598873,Thomas,Teffenhart,President & Chief Executive Officer,tteffenhart@craluminum.com
Compass Building Services,12167 W Linebaugh Ave,Tampa,FL,33626,United States,(888) 408-6650,https://www.compassrestores.com/,cwinder@compassrestores.com,Unknown,Construction company,"Compass Building Services is a national leader in construction consulting and large-loss reconstruction, supporting clients through any phase of the recovery process, from expert scope development to full rebuild and everything in between.
We specialize in commercial, multi-family, and institutional properties, delivering accurate damage assessments, defensible estimates, and high-quality reconstruction.",$1.3 M,15,2021,"15,153","23,236",https://www.linkedin.com/company/78762469,,,,https://www.youtube.com/@CompassBuildingServices,28.057531,'-82.625708,Sean,Netka,"Vice President, National Accounts",snetka@compassrestores.com
Complete Property Services Inc,13505 Prestige Pl,Tampa,FL,33635,United States,(727) 793-9777,https://www.completeproperty.com/,email@completeproperty.com,,General contractor,"As a company with over 25 years experience Complete Property Services has an impressive portfolio of projects that has shaped the skyline of cities such as Atlanta, Boston, Miami, Tampa, San Diego, Scottsdale and New Orleans to name a few. At Complete Property Services we take pride in our ability to successfully manage very technical and demanding projects in which late delivery is unacceptable.",$3.4 M,18,1984,"17,179","23,238",https://linkedin.com/company/complete-property-services-inc-,https://facebook.com/Complete-Property-Services-Inc-445938182146078,https://x.com/CompletePropSvc,,,28.0343983,'-82.6398912,Lynn,Elbert,Real Estate & Aquisition's Agent,lelbert@completeproperty.com
Conspec Materials,5403 W Crenshaw St,Tampa,FL,33634,United States,(813) 885-4324,https://www.conspecmaterials.com/,more@conspecmaterials.com,Unknown,"Building materials store, Building materials supplier, Concrete product supplier, Construction material wholesaler, Hardware store, Waterproofing service","Conspec Materials, Inc. is a privately owned and operated distributor of industrial and commercial sealants, coatings, and waterproofing products based in Tampa, Florida. The company focuses on serving professional contractors and is recognized for its extensive product knowledge and experience in the construction industry.",$1.5 M,7,1979,"28,289","32,325",https://www.linkedin.com/company/conspec-materials,https://www.facebook.com/ConspecMaterials,,,https://www.youtube.com/user/ConspecMaterials,28.0157288,'-82.5342613,,,,
Constructomax Roofing Contractors,2614 W Kennedy Blvd,Tampa,FL,33609,United States,(813) 520-8957,https://www.constructomax.com/,lynne@constructomax.com,,Roofing contractor,.,$9 M,9,2015,"17,176","23,238",https://www.linkedin.com/company/constructomax-corporation,https://www.facebook.com/ConstructoMax,https://x.com/ConstructoMax,https://www.instagram.com/constructomax_roofing,https://www.youtube.com/@ConstructoMax,27.9445054,'-82.487284,Kevin,Nemes,President,kevin@constructomax.com
Cork Roofing Tampa,2424 W Chicago Ave,Tampa,FL,33629,United States,(415) 730-0993,,,,Roofing contractor,,,,,,,,,,,,27.9279825,'-82.4862319,,,,
Cozy Bears Chimney Services,5411 Skycenter Dr #875,Tampa,FL,33607,United States,(941) 335-7594,,,,"Contractor, Furnace repair service",,,,,,,,,,,,27.963204,'-82.5371631,,,,
Cp Danner Construction,2713 N 33rd St,Tampa,FL,33605,United States,(813) 624-8540,,,,Roofing contractor,,,,,,,,,,,,27.9674977,'-82.4226332,,,,
Craftsman Roofing & Co,6207 N 40th St,Tampa,FL,33610,United States,(727) 634-8416,,,,"Roofing contractor, Building firm, Carpenter",,,,,,,,,,,,28.0041271,'-82.4137815,,,,
Crown Point Roofing,309 N Howard Ave,Tampa,FL,33606,United States,(727) 634-8354,,,,"Roofing contractor, Building firm, Carpenter",,,,,,,,,,,,27.9476728,'-82.4827964,,,,
Crown Roofing & Waterproofing In Tampa,8802 Venture Cove B,Temple Terrace,FL,33637,United States,(813) 399-0221,https://crownroofing.com/roofing-in-tampa/,michaelt@crownroofing.com,,"Roofing contractor, Painter, Pressure washing service, Waterproofing service","Crown Roofing & Waterproofing has provided high-quality roofing services to residential and commercial property owners in Florida since 2012, emphasizing safety, satisfaction, innovation, and integrity. The company offers a wide range of services including roof installation, repair, maintenance, and waterproofing, with a commitment to prompt, reliable service available 24/7 for emergencies.",$3.1 M,40,2012,"17,176","23,238",https://www.linkedin.com/company/thecrowncompanies,https://www.facebook.com/CrownRoofingandWaterproofing,,https://www.instagram.com/crownroofingandwaterproofing,https://www.youtube.com/@crownroofingservices,28.019904,'-82.3589033,Gordon,Rogers,Account Manager,gordonr@crownroofing.com
Cruz Roofing Group,20701 Bruce B Downs Blvd,Tampa,FL,33647,United States,(727) 634-8464,,,,"Roofing contractor, Building firm, Carpenter",,,,,,,,,,,,28.1697871,'-82.352874,,,,
"Csi Construction Services, Inc.",1907 W Kennedy Blvd,Tampa,FL,33606,United States,(813) 532-4506,https://www.csioftampa.com/,lauralay@csioftampa.com,,Construction company,"CSI Construction Services Inc. is a local, minority-owned, Class-A General Contractor based in Tampa, Florida, specializing in construction management and general contracting services. The company offers a range of services including pre-construction, development, design-bid-build, and site space planning across various sectors such as manufacturing, medical facilities, and high-end luxury spaces.",$3.7 M,13,2019,"15,154","23,236",https://www.linkedin.com/company/construction-services-inc.-of-tampa,https://www.facebook.com/CSIOFTAMPA,,https://www.instagram.com/csioftampa,,27.9449895,'-82.4795341,Craig,Verville,Vice President,craigverville@csioftampa.com
"Danner Construction Company, Inc.",6040 W Linebaugh Ave,Tampa,FL,33625,United States,(813) 969-2343,,,,General contractor,,,,,,,,,,,,28.0391526,'-82.5437454,,,,
Delta Airlines Tampa Emt Llc,502 N Armenia Ave,Tampa,FL,33609,United States,(855) 629-1475,,,,"Roofing contractor, Airline ticket agency, Information services",,,,,,,,,,,,27.9486174,'-82.485217,,,,
Dezigns Construction Inc - Dci,100 Ashley Dr S #600,Tampa,FL,33602,United States,(888) 781-1861,https://dezignsconstruction.com/,chrisb@dezignsconstruction.com,,"Roofing contractor, Property maintenance","With a deep expertise in multi-family and commercial roofing, DCI is the preferred roofing contractor of the East Coast and Florida Gulf Coast. We offer a wide range of roofing types and styles and can install a roof that is appropriate for your building’s architectural style and your budget.",$9.2 M,13,1990,"17,176","23,238",https://www.linkedin.com/authwall,https://www.facebook.com/Dezignsconstruction,https://x.com/DCIRoofing,https://www.instagram.com/dezignsconstruction,https://www.youtube.com/@Dezigns_Construction,27.9446387,'-82.4577838,Mike,Hartley,Vp of Operations,mikeh@dezignsconstruction.com
Diamond Pro Construction,6408 W Linebaugh Ave Ste 104,Tampa,FL,33625,United States,(863) 250-7059,https://diamondproconstruction.com/,diamond.proservices@outlook.com,Unknown,Construction company,Diamond Pro Construction,,,,,,,,,https://www.instagram.com/diamondproconstruction_,,28.03982,'-82.5514067,,,,
Diamond State Roofing,4919 W Laurel St,Tampa,FL,33607,United States,(727) 634-8381,,,,Roofing contractor,,,,,,,,,,,,27.9563244,'-82.5276349,,,,
Diaz Roofing Group,3820 Northdale Blvd,Tampa,FL,33624,United States,(727) 634-8438,,,,"Roofing contractor, Building firm, Carpenter",,,,,,,,,,,,28.0934163,'-82.5063215,,,,
Dockside Roofing Inc,8916 Maislin Dr,Tampa,FL,33637,United States,(813) 983-9099,https://www.docksideroofing.com/,debmattull@docksideroofing.com,,Roofing contractor,"Dockside Roofing is Tampa Bays most trusted roofer shingles, tile, metal roofs.",<$5 M,2,2006,"17,176","23,238",https://www.linkedin.com/company/dockside-roofing-inc,https://www.facebook.com/dockside-roofing-inc-150876408266705,,,,28.0236334,'-82.3541687,Bill,Mattull,Vice President,bill@docksideroofing.com
Done Rite Roofing,14121 Stilton St,Tampa,FL,33626,United States,(727) 945-6560,https://www.doneriteroofinginc.com/,doneriteroofing@msn.com,,Roofing contractor,"Done Rite Roofing, Inc. is a Palm Harbor-based roofing company specializing in roof repairs, replacements, and installations throughout Clearwater and the Tampa Bay area. With over 25 years of experience, they are committed to delivering high-quality workmanship and customer satisfaction, offering a range of services that include roof leak detection, maintenance, and commercial roofing.",$1.7 M,20,2007,"17,176","23,238",https://www.linkedin.com/company/done-rite-roofing-fl,https://www.facebook.com/DoneRiteRoofingInc,https://x.com/doneriteroofing,https://www.instagram.com/doneriteroofing,https://www.youtube.com/channel/UCkxufqukSXNX4UJN0BihYhg,28.0701817,'-82.6340117,Christina,Loiacano,President,christina@doneriteroofinginc.com
Donovan Construction,7925 Gunn Hwy,Tampa,FL,33626,United States,(563) 582-4210,http://donovandbq.com/CONTACT_US.htm,tony@donovandbq.com,Unknown,Contractor,"Donovan Construction and Remodeling is a family owned company doing business in Dubuque, Iowa since 1991. From interior remodeling to additions and new homes, we are the company for you.",,,,,,,,,,,28.0795185,'-82.5776779,,,,
Double G Construction,401 E Jackson St Ste 3300,Tampa,FL,33602,United States,(239) 919-7217,http://doublegconstruction.com/,info@doublegconstruction.com,,Roofing contractor,"Double G Construction is a Florida-based residential and commercial exterior renovation company. Our services include roofing, siding, windows, gutters, and storm damage restoration. As an environmentally conscious family-based company, we take pride in building long term relationships with our clients in our community.",<$5 M,19,2006,"17,176","23,238",https://www.linkedin.com/company/doubleg-construction,,,,,27.9472127,'-82.4560739,Greg,Gilbert,"Kitchen, Bathroom, & Basement Remodelers",greg@doublegconstruction.com
Doug Oliver Development Inc.,3030 N Rocky Point Dr W Suite 150,Tampa,FL,33607,United States,(407) 542-4797,https://www.dougoliverdevelopment.com/,doug@dougoliverdevelopment.com,,"Roofing contractor, Roofing supply store, Siding contractor","Doug Oliver Development specializes in connecting clients with licensed commercial and residential roofing contractors in Orlando, FL. Their network consists of local small businesses that are expertly vetted to ensure quality roofing services, including roof repairs, replacements, and installations.",$1.3 M,3,2009,"17,176","23,238",https://www.linkedin.com/company/doug-oliver-roofing-orlando,https://www.facebook.com/DODOrlandoRoofingNetwork,https://x.com/DODevelopment,,https://www.youtube.com/user/dougoliverroofing,27.9687976,'-82.5698312,Douglas,Oliver,"Roof Loss Documentation Specialist, Construction Appraiser, Certified Umpire",doliver@dougoliverdevelopment.com
Douglas Roofing Co,410 Ware Blvd,Tampa,FL,33619,United States,(727) 634-8456,,,,"Roofing contractor, Building firm, Carpenter",,,,,,,,,,,,27.9468227,'-82.3466427,,,,
Dxd Supply Llc,4307 W Pearl Ave,Tampa,FL,33611,United States,(813) 388-8151,https://www.dxdsupply.com/,,,Metal supplier,"DXD Metal Supply – Metal supplier in Tampa, FL",,,,,,,https://www.facebook.com/p/DXD-Supply-100083657381935,,https://www.instagram.com/dxdsupply,,27.8884212,'-82.5163683,,,,
Dynamic Roofing Concepts,416 E Windhorst Rd,Brandon,FL,33510,United States,(813) 657-7663,https://www.dynamicroofingconcepts.com/,online@dynamicroofingconcepts.com,,"Roofing contractor, Contractor, Repair service","Dynamic Roofing Concepts is a family-owned and operated roofing company based in Brandon, Florida, specializing in both residential and commercial roofing services. With over 20 years of industry experience, they offer expert services that include roof repair, maintenance, replacement, and installation, utilizing high-quality materials tailored to client needs.",$3.5 M,13,2006,"17,176","23,238",https://www.linkedin.com/company/drinc,https://www.facebook.com/Dynamicroofingconcepts,https://x.com/_dynamicroofing,https://www.instagram.com/dynamicroofingconcepts,https://www.youtube.com/@dynamicroofing,27.9600087,'-82.2802591,Colin,Clark,President,colin.clark@dynamicroofingconcepts.com
Dynasty Building Solutions Tampa,7111 Us-301,Tampa,FL,33610,United States,(813) 303-1235,https://www.dynastybuildingsolutions.com/tampa-bay-fl/,info@dynastybuildingsolutions.com,,"Roofing contractor, Building restoration service, Remodeler, Siding contractor","Dynasty Building Solutions is a reputable roofing and remodeling contractor based in Central Florida, serving both residential and commercial clients since 2008. The company specializes in a wide range of services including roof repairs, storm damage restoration, water mitigation, and solar roofing installations.",$6.8 M,30,2008,"17,176","23,238",https://www.linkedin.com/in/dynasty-building-solutions-4a5b82178,https://www.facebook.com/DynastyBuildingSolutions,https://x.com/dynastybldgsol,https://www.instagram.com/dynasty_roofing,,28.0124046,'-82.3540359,,,,
E L A Roof Contracting (e L A Roof Contracting),5309 E Busch Blvd Suite B,Temple Terrace,FL,33617,United States,(813) 219-1583,,,,"Roofing contractor, Construction company",,,,,,,,,,,,28.0315422,'-82.3963395,,,,
Eagle Eye Roofing Tampa Fl,8207 N Florida Ave Fl,Tampa,FL,33604,United States,(727) 634-8375,,,,"Roofing contractor, Building firm, Carpenter",,,,,,,,,,,,28.0231031,'-82.45868,,,,
Eagle Roofing,9211 Marina Bay Dr,Tampa,FL,33621,United States,(346) 338-8945,,,,"Roofing contractor, Building firm, Carpenter",,,,,,,,,,,,27.8367656,'-82.4868219,,,,
Elite Builder Renovations Llc,2510 Lorraine St,Tampa,FL,33614,United States,(813) 743-4830,https://elitebuilderrenovation.com/,admin@elitebuilderrenovation.com,Unknown,"Roofing contractor, Bathroom remodeler, Concrete contractor, Dry wall contractor, Flooring contractor, Interior designer, Kitchen remodeler, Landscaper, Remodeler, Water damage restoration service","Elite Builder Renovation provides residential and commercial construction services across Hillsborough, Pinellas, and Pasco Counties. Serving the Tampa Bay area with licensed contracting, expert project management, and high-quality results. Get your",,,,,,,https://www.facebook.com/elitebuilderrenovation,,https://www.instagram.com/elitebuilderrenovation,https://www.youtube.com/@EliteBuilderRenovation,28.0191651,'-82.4852163,,,,
Elite Home Roofing,5240 E Broadway Ave,Tampa,FL,33619,United States,(727) 634-8358,,,,"Roofing contractor, Building firm, Carpenter",,,,,,,,,,,,27.9633368,'-82.3968846,,,,
"Elite Roofing Services, Inc.",7710 E Broadway Ave,Tampa,FL,33619,United States,(813) 630-0800,https://www.eliteroofingservices.com/,contact@eliteroofingservices.com,,"Roofing contractor, Sheet metal contractor","Elite Roofing Services is a trusted roofing contractor based in Tampa, FL, with over two decades of experience serving both commercial and residential clients in the Tampa Bay area. They specialize in a variety of roofing services including roof replacement, repair, metal roofing, and maintenance for commercial, industrial, and multi-property portfolios.",$4.7 M,17,2004,"17,176","23,238",https://www.linkedin.com/company/elite-roofing-services,https://www.facebook.com/eliteroofingservices/%20,https://www.x.com/eliteroofing813,https://www.instagram.com/elite_roofing_services,,27.9671605,'-82.3694438,Camille,Tanner Austin,"Elite Roofing Services, Inc. | Florida Realtor®",camille@eliteroofingservices.com
Emb Builders & Contractor Corp,7208 N Armenia Ave Suite A,Tampa,FL,33604,United States,(813) 607-1422,https://embflorida.com/,embflorida@yahoo.com,,"Roofing contractor, General contractor, Painting",Home | EMB,,,,,,,,,,,28.0147915,'-82.4858066,,,,
Eminence Constructions Corp,3030 N Rocky Point Dr W Suite 150,Tampa,FL,33607,United States,(813) 414-5647,https://www.kitchenandbathremodel.pro/,paulo@buildwitheminence.com,Unknown,"Remodeler, Bathroom remodeler, Flooring contractor, Kitchen remodeler","Tampas trusted home remodeling experts. Eminence Constructions Corp specializes in kitchen remodeling, bathroom renovations, flooring, countertops, and interior remodeling across Tampa Bay.",,,,,,,https://www.facebook.com/EminenceCostr,,https://www.instagram.com/eminenceconstructions_corp,,27.9688226,'-82.5698137,,,,
Ensolar,14502 N Dale Mabry Hwy Suite 200,Tampa,FL,33618,United States,(833) 786-6749,https://ensolarusa.com/,admin@ensolarusa.com,Unknown,"Roofing contractor, Electrician, Solar energy company, Solar energy system service, Solar energy equipment supplier, Solar panel maintenance service","Ensolar provides renewable energy products and services that contribute to its customer’s financial, social and environmental sustainability. We have been providing solar energy technology to residents and commercial businesses since 2016, We strive to be apart of the transformative transition towards cleaner energy provision.",,3,2016,,,,https://www.facebook.com/EnsolarUsa,,https://www.instagram.com/ensolarusa,https://www.youtube.com/@ensolarusa,28.0802866,'-82.5077467,,,,
Epic Roofing Services Inc,401 E Jackson St Ste 2340,Tampa,FL,33602,United States,(813) 321-7335,https://www.epicroofingservices.com/,info@epicroofingservices.com,Unknown,Roofing contractor,Epic Roofing Services Inc.,,,,,,,,,,,27.9470347,'-82.4561405,,,,
Erie Home,12332 Race Track Rd Suite 4,Westchase,FL,33626,United States,(813) 491-9459,https://eriehome.com/locations/roofing/westchase-fl/,customersupport@eriehome.com,Unknown,Roofing contractor,"Founded in 1976 to provide homeowners with superior remodeling experiences, Erie Home has become a national leader in home improvement. This is thanks to our exceptional team of hardworking professionals who represent the best the industry has to offer.",$1.1 B,"17,000",1976,"15,152","23,236",https://www.linkedin.com/company/signature-mortgage,https://www.facebook.com/eriehome,https://www.x.com/sigmortgages,,,28.0630303,'-82.641448,Chris,Rhoades,,chris.rhoades@eriehome.com
Essential Roofing,11001 N 51st St,Temple Terrace,FL,33617,United States,(850) 938-7663,,,,Roofing contractor,,,,,,,,,,,,28.0487485,'-82.3991992,,,,
Essential Roofing Guys,1416 S Lorenzo Ave,Tampa,FL,33629,United States,(813) 736-7231,https://essentialroofingguys.com/tampa-fl/,info@essentialroofingguys.com,Unknown,Roofing contractor,,,,,,,,,,,,27.9267459,'-82.4860312,,,,
Evans Roofing Of Tampa Bay,5518 N Armenia Ave,Tampa,FL,33603,United States,(813) 353-0845,https://www.evansroof.com/contact-tampa-fl,contact@evansroof.com,,Roofing contractor,Evans Roofing has been well-established in South Florida; we are a local company that is well aware of the Floridian weather and its consequences. Sun and wind damage in Florida is important and maintaining your property starts with a regular control and inspection of your roof.,$8.5 M,24,1996,"17,176","23,238",https://www.linkedin.com/company/evans-auto-sales,https://www.facebook.com/evans.roofing.9,https://www.x.com/evansroofing,,,27.9974721,'-82.4846514,Jacob,Irvin,Sales Representative,jacob@evansroof.com
Everlast Roofing Co,324 S Hyde Park Ave,Tampa,FL,33606,United States,(727) 634-8376,,,,"Roofing contractor, Building firm, Carpenter",,,,,,,,,,,,27.9404841,'-82.4632349,,,,
Evolution Power,6201 Johns Rd # 11,Tampa,FL,33634,United States,(800) 449-7102,https://www.evolutionpower.com/,admin@evolutionpower.com,,"Roofing contractor, Solar energy company","Evolution Power specializes in providing innovative solar energy solutions, roofing services, and electrical services aimed at enhancing the sustainability and comfort of homes in Florida. They offer clients a range of products including solar panels, battery backups, and electric vehicle chargers.",$6.7 M,19,,"73,738","56,561",https://www.linkedin.com/company/evolution-power-usa,https://www.facebook.com/evolutionpowerusa,https://www.x.com/evolutionpo,,,28.0076827,'-82.548568,Luis,Theron,Project Manager,luis.theron@evolutionpower.com
"Excel Exteriors, Inc.",13304 Winding Oak Ct Suite A,Tampa,FL,33612,United States,(727) 275-0868,https://ineedroof.com/,chris.p@ineedroof.com,,"Roofing contractor, Bathroom remodeler, General contractor, Home builder, Painter, Painting, Siding contractor, Stucco contractor, Tile contractor","Excel Exteriors Inc specializes in roofing, siding, window installation, and storm damage restoration services. With over 18 years of experience, they provide quality work at competitive prices, ensuring customer satisfaction with a limited lifetime warranty on roofing materials.",$1.1 M,6,2007,"17,176","23,238",https://www.linkedin.com/company/excel-exteriors-inc,https://www.facebook.com/ineedroof,,https://www.instagram.com/ineedroof,,28.0676236,'-82.4627084,Jeremy,Kuehn,"Manager, Production",jeremy.kuehn@ineedroof.com
Excelaron Construction Of Tampa,2202 N Westshore Blvd Suite 200,Tampa,FL,33607,United States,(813) 639-7578,https://www.excelaron.com/,info@excelaron.com,,"Construction company, Bathroom remodeler, Concrete contractor, Custom home builder, Dry wall contractor, General contractor, Home builder, Kitchen remodeler, Window installation service, Wood floor installation service","Excelaron Inc is a full-service general contractor based in Tampa, Florida, specializing in property insurance claim restoration services. The company offers a wide range of services including water damage restoration, fire and smoke damage restoration, mold removal, and remodeling for both residential and commercial clients.",$1.1 M,5,2003,"15,152","23,236",https://www.linkedin.com/in/donald-youst-excelaron,https://www.facebook.com/Excelaron-Inc-377768315753582,,https://www.instagram.com/excelaron,,27.9604972,'-82.5247827,Bob,Youst,Vice President,bob@excelaron.com
Exterior Experts Of Florida,6304 Running River Pl,Tampa,FL,33617,United States,(813) 205-0757,,,,Construction company,,,,,,,,,,,,28.0621676,'-82.384024,,,,
Faith Builders Of Tampa Bay,14502 N Dale Mabry Hwy,Tampa,FL,33618,United States,(813) 939-3947,https://www.faithbuildersoftampabay.com/,,,Roofing contractor,"At Faith Builders of Tampa LLC, we take pride in doing things the right way. We’re fully licensed and insured, giving you peace of mind from start to finish. As a family-owned business, we treat every home like our own — with honesty, care, and c",,,,,,,https://www.facebook.com/faithbuildersoftampabay,,https://www.instagram.com/faithbuilders_tampabay,http://www.youtube.com/@FaithBuildersofTampaLLC,28.0803334,'-82.5078344,,,,
Fas Exteriors Tampa,7711 Anderson Rd,Tampa,FL,33634,United States,(813) 773-1525,https://www.faswd.com/areas-served/tampa/,sales@faswd.com,,"Roofing contractor, Door supplier, Window installation service, Window supplier","FAS Exteriors is a leading home improvement contractor in Central Florida, specializing in the installation and replacement of windows, doors, and roofing services. Founded by Ernie and John Wilding in 2005, the company aims to provide high-quality products and exceptional customer service at competitive prices.",$8.7 M,32,2005,"50,503","42,423",https://www.linkedin.com/company/fas-windows-&a;-doors,https://www.facebook.com/fasexteriors,https://www.x.com/faswindowsdoors,https://www.instagram.com/fasexteriors,https://youtu.be/dr1SL7uQmqo,28.0176928,'-82.5335115,Jordan,Monson,Installation Coordinator,jordan.monson@faswd.com
Feliciano Construction Corporation And Feliciano Roofing Inc,4210 W Cayuga St,Tampa,FL,33614,United States,(813) 884-3538,https://felicianoconstructionandroofing.com/,felicianoconstruction@gmail.com,Unknown,"Roofing contractor, Bathroom remodeler, Construction company, Home builder, Kitchen remodeler, Remodeler, General contractor","Feliciano Construction Corporation and Feliciano Roofing LLC specializes in providing comprehensive roofing and construction services to clients in the Tampa, FL area, including new construction, remodeling, and foundation services. With over 21 years of experience, they cater to homeowners, rental property owners, and business owners, focusing on quality craftsmanship and customer satisfaction.",$2.8 M,14,,"15,152","23,236",https://www.linkedin.com/in/miguel-feliciano-978a49324,,,https://www.instagram.com/builtbyfeliciano,,27.9861137,'-82.5145777,,,,
Fenvora Roofing Contractor,8414 Westridge Dr,Tampa,FL,33615,United States,(858) 406-0129,,,,Roofing supply store,,,,,,,,,,,,28.0240236,'-82.5769245,,,,
First Florida Home Inspection,18112 Ashton Park Way,Tampa,FL,33647,United States,(813) 803-7619,https://firstflhomeinspection.com/,erick.wyatt@firstflhomeinspection.com,Unknown,Home inspector,"First Florida Home Inspection, led by Erick Wyatt, offers comprehensive home inspection services in Tampa Bay and surrounding areas. They cater to clients needing pre-purchase, pre-list, or general home inspections, providing thorough evaluations to help buyers make informed decisions.",$2 M,5,,,,,https://www.facebook.com/FirstFloridaHomeInspection,,,,28.1386551,'-82.3330957,,,,
Five Star Roofing Group,10011 Westpark Preserve Blvd,Tampa,FL,33625,United States,(727) 634-8398,,,,"Roofing contractor, Building firm, Carpenter",,,,,,,,,,,,28.0408505,'-82.5552587,,,,
Fix Roofing Llc,4818 N Grady Ave,Tampa,FL,33614,United States,(833) 944-7446,https://www.fixroofingllc.com/,jackieq@fixroofingllc.com,,"Roofing contractor, Contractor, General contractor, Waterproofing service","Fix Roofing LLC: Your trusted roofing contractor in Tampa since 2020. Expert roof repair, installation & maintenance. Call us today for a free estimate!",,,,,,,https://www.facebook.com/fixroofingllc,,https://www.instagram.com/fixroofingllc,,27.9905113,'-82.5098524,,,,
Fla Roofing And Restoration Inc.,5401 W Kennedy Blvd Suite 100,Tampa,FL,33609,United States,(813) 666-3309,https://www.flaroofingandrestoration.com/,flaroofing@gmail.com,Unknown,Roofing contractor,Free roof inspections & expert repairs. FLA Roofing & Restoration delivers trusted craftsmanship & transparent service for homes & businesses.,,,,,,,https://www.facebook.com/p/FLA-Roofing-And-Restoration-Inc-100083235823830,,,,27.9458578,'-82.5339718,,,,
Flood Pros Usa,419 W Platt St #500,Tampa,FL,33606,United States,(813) 467-6500,https://www.floodprosusa.com/tampa-fl/,kristy@floodprosusa.com,,"Water damage restoration service, Building restoration service, Environmental consultant, Fire damage restoration service","Water Damage, Mold Remediation, Fire/Smoke Damage, and Hurricane Restoration. 24 Hour Emergency Service.",$31 M,19,2016,"15,152","23,236",,https://www.facebook.com/Flood-Pros-USA-317003602006870,https://x.com/floodprosusa,,,27.9418762,'-82.4646772,Arod,Lanning,,arod@floodprosusa.com
Flores Roofing Group,9501 Princess Palm Ave,Tampa,FL,33619,United States,(727) 634-8451,,,,"Roofing contractor, Building firm, Carpenter",,,,,,,,,,,,27.9792222,'-82.3405992,,,,
Florida Corrugated Sheet Metal,7001 Causeway Blvd,Tampa,FL,33619,United States,(813) 965-8400,https://flcorrugated.com/,info@flcorrugated.com,Unknown,Roofing supply store,Local Corrugated Metal Sheets & Roofing Supplier in Tampa FL. We Have All You Need for Your Roofing Supplies. Delivery or Pickup Is Available.,,,,,,,,,,,27.9223321,'-82.3766029,,,,
Florida Electric & Solar,302 Knights Run Ave # 1150,Tampa,FL,33602,United States,(833) 704-7336,https://www.floridaelectricandsolar.com/,krickson@floridaelectricandsolar.com,,"Roofing contractor, Green energy supplier, Solar energy company, Solar energy system service, Solar energy equipment supplier, Utility contractor","Florida Electric and Solar installs, maintains and supports solar energy systems. Our strong reputation, coupled with our resources, financial stability and industry knowledge position Florida Electric and Solar to exceed customer expectations while achieving an exceptional return on delivered value.",$1.2 M,22,2020,"17,173","23,238",https://www.linkedin.com/company/florida-electric-and-solar,https://www.facebook.com/floridaelectricandsolar,,,,27.9375928,'-82.4528427,Paul,Zika,,paul@floridaelectricandsolar.com
Florida Forever Roofing & Restoration,10150 Highland Manor Dr Ste 200-243,Tampa,FL,33610,United States,(813) 374-4226,https://floridaforeverrr.com/,mailstacey@floridaforeverrr.com,Unknown,Roofing contractor,"Professional roofing services for repairs, replacements, and new roof installations. Same-day appointments available. Call (888) 602-1585.",,,,,,,,,,,27.9839735,'-82.3325563,,,,
Florida Home Improvement Company,2433 S 86th St Suite J,Tampa,FL,33619,United States,(813) 404-0404,,,,Construction company,,,,,,,,,,,,27.9250796,'-82.3629314,,,,
Florida Metals,7001 Causeway Blvd,Tampa,FL,33619,United States,(813) 817-2444,https://www.fltin.com/,zack@fltin.com,Unknown,Sheet metal contractor,"Get Your Roofing Products Locally Here in Tampa, FL. Master Rib, PBR, and R Panels Are Available for Any Color and Lengths. Call Us or Order Online!",,,,,,,,,,,27.9223321,'-82.3766029,,,,
Florida Pace,13014 N Dale Mabry Hwy,Tampa,FL,33618,United States,(855) 438-7223,,,,"Roofing contractor, Air conditioning contractor, General contractor, Mechanical contractor, Energy equipment and solutions, Solar energy system service",,,,,,,,,,,,28.064481,'-82.506458,,,,
Florida Shelter Roofing Llc,333 N Falkenburg Rd Unit B-228,Tampa,FL,33619,United States,(813) 738-3884,https://www.floridashelterroofing.com/,erik@floridashelterroofing.com,Unknown,"Roofing contractor, Gutter service","Erik has been in roofing his entire adult life, he wanted to round out his experience by working for small and large contractors so, after 24 years of literally learning the business from the ground up he decided it was time to start his own company. The companys knowledge base spans a wide variety of roof products, including: TPO,PVC, Modified, Built Up Roofs, Tile, Standing Seam Metal, Slate, Wood Shakes, Wood Shingles, Asphalt Shingles, and Coatings.",$1 M,3,,"17,176","23,238",,https://www.facebook.com/floridashelterroofing,,,,27.9549106,'-82.3322789,Erik,Chambers,Owner,erik@floridashelterroofing.com
Florida Strong Construction,5001 Bridge St #1509,Tampa,FL,33611,United States,(727) 420-7489,,,,Construction company,,,,,,,,,,,,27.8907122,'-82.5303526,,,,
Florida's Elite Restoration,10011 Williams Rd,Tampa,FL,33624,United States,(727) 807-1005,https://www.floridaseliterestoration.com/,now@floridaseliterestoration.com,Unknown,"Water damage restoration service, Fire damage restoration service","Florida&s;s Elite Restoration offers comprehensive restoration services including water mitigation, mold remediation, fire restoration, and repairs for homeowners in Florida. With over 25 years of combined experience in the insurance industry, they guide clients through the insurance claims process, ensuring thorough support and honest assessments.",$697 K,4,1994,"17,179","23,238",,https://www.facebook.com/floridaseliterestoration,,,,28.041003,'-82.5351152,,,,
Fortress Roofing Co,4608 N Nebraska Ave,Tampa,FL,33603,United States,(727) 634-8405,,,,"Roofing contractor, Building firm, Carpenter",,,,,,,,,,,,27.9877115,'-82.4514617,,,,
Foundation Roofing Co,11608 N Florida Ave Fl,Tampa,FL,33612,United States,(727) 634-8389,,,,Roofing contractor,,,,,,,,,,,,28.0534626,'-82.4597494,,,,
Fowcon Construction,13301 W Hillsborough Ave Ste 101,Tampa,FL,33635,United States,(833) 336-9266,https://fowcon.us/,,,"General contractor, Bathroom remodeler, Custom home builder, Fire damage restoration service, Kitchen remodeler, Remodeler","Fowcon Construction remodels Tampa kitchens and baths with custom design, expert craftsmanship, and fast, reliable project delivery",,,,,,https://www.linkedin.com/company/fowcon-inc,https://www.facebook.com/p/Fowcon-Inc-61574603855650/,https://x.com/FowconConst,,https://www.youtube.com/@FowconConstruction,28.031378,'-82.6404212,,,,
Fp Property Restoration,1212 N 39th St #4,Tampa,FL,33605,United States,(813) 578-4459,https://www.fprestoration.com/,sales@fprestoration.com,,"Water damage restoration service, Fire damage restoration service","FP Property Restoration offers comprehensive restoration services across Florida, specializing in water damage, fire damage, and mold removal. They provide 24/7 emergency services and are equipped to handle disasters of any scale with a focus on customer satisfaction.",$12.4 M,59,2011,"72,721","56,561",https://www.linkedin.com/company/fp-property-restoration,https://www.facebook.com/FPPropertyRestoration,https://x.com/FP_Restoration,https://www.instagram.com/fprestoration,https://www.youtube.com/channel/UCg13mKsmx8IlFUGqqxCwLDw,27.9562839,'-82.4175966,Heather,Harbin,"Director, Human Resources",hharbin@fprestoration.com
Fr Construction Services Llc,5005 W Laurel St,Tampa,FL,33607,United States,(813) 538-7246,https://www.frconstructionservice.com/,,,Construction company,FR CONSTRUCTION SERVICES LLC,,,,,,,,,https://www.instagram.com/fr_construction_services_llc,,27.9565488,'-82.5287765,,,,
Freedom Sky Construction Inc.,4707 N Grady Ave #6511,Tampa,FL,33614,United States,(813) 935-8952,https://www.freedomskyconstruction.com/,,,Construction company,Freedom Sky Construction was founded on July/16/2006. We’ve provided clients with a wide range of services for all their needs.,,,,,,,https://www.facebook.com/Freedom-Sky-Construction-112879320456808,,,,27.9871401,'-82.5092536,,,,
"Friedrich Watkins Of Tampa, Llc.",5521 W Cypress St Suite 104,Tampa,FL,33607,United States,(813) 281-2067,https://www.fwctampa.com/,tim@fwctampa.com,Unknown,General contractor,"Friedrich Watkins of Tampa, LLC is a full-service commercial general contractor that has been providing exceptional construction services since 2005. The company specializes in preconstruction consulting, estimating, value engineering, construction management, design-build, and general contracting.",$5.2 M,15,2005,"15,154","23,236",https://www.linkedin.com/company/friedrich-watkins-of-tampa-llc,https://www.facebook.com/FWCTAMPA,,http://instagram.com/friedrichwatkinsoftampa,,27.9530948,'-82.5376348,Dan,Randall,Construction Manager,dan@fwctampa.com
G F Services,9225 Bay Plaza Blvd #417,Tampa,FL,33619,United States,(888) 863-7590,https://gfsbuilds.com/,,,Roofing contractor,Get in touch with us to discuss your home improvement needs and receive a free estimate. Our friendly and knowledgeable team is ready to assist you.,,,,,,,,,,,27.9464522,'-82.3489004,,,,
Galaxy Roofing,8270 Woodland Center Blvd,Tampa,FL,33614,United States,(813) 533-0070,https://www.galaxyroofingfl.com/,,,Roofing contractor,"Founded in Tampa, Florida, Galaxy Roofing brings over 25 years of combined expertise to every residential and commercial roofing project. Our seamless partnership with an in-house construction company means faster turnarounds, clear communication, and full transparency; from the first inspection to the final nail.",,1,2025,,,https://www.linkedin.com/company/galaxy-roofingfl,,,https://www.instagram.com/galaxyroofingfl,,28.0249323,'-82.5246719,,,,
Gale Force Construction,15706 Scrimshaw Dr,Tampa,FL,33624,United States,(813) 420-2240,https://galeforceconstruction.org/,gfconstruction15@gmail.com,Unknown,"Construction company, Architecture firm, Bathroom remodeler, Building designer, Custom home builder, Home builder, Interior construction contractor, Kitchen remodeler, Remodeler, Shed builder","With 24 years of experience under his belt, Gary Gale founded Gale Force Construction in 2012. Servicing Hillsborough, Polk, Pasco, Pinellas, Manatee, and Sarasota counties, his undeniable expertise in a variety of areas, unlimited resources, and dozens of happy clients speak for themselves.",<$5 M,<25,2012,"15,152","23,236",https://www.linkedin.com/company/wix-com,https://www.facebook.com/wix,https://wix.com,,,28.093803,'-82.5374739,,,,
Galloway Roofing,5553 W Waters Ave #311,Tampa,FL,33634,United States,(813) 441-3530,https://gallowayroofing.com/location/tampa/,sales@gallowayroofing.com,,Roofing contractor,"Galloway Roofing is a leading roofing service provider based in Englewood, Florida, specializing in high-quality residential and commercial roofing solutions. Their services include roof installation, repair, maintenance, and inspection, utilizing durable materials to enhance both the safety and aesthetic appeal of homes.",$10.8 M,33,2012,"17,176","23,238",https://www.linkedin.com/company/galloway-roofing-llc,https://www.facebook.com/OfficialGallowayRoofing,,https://www.instagram.com/gallowayroofing,,28.0268361,'-82.5366059,Gage,Hall,Service Technician,gage@gallowayroofing.com
Garcia Roofing Services,12470 Telecom Dr,Tampa,FL,33637,United States,(727) 634-8426,,,,"Roofing contractor, Building firm, Carpenter",,,,,,,,,,,,28.0587351,'-82.3786364,,,,
Gcgc Biz Construction Cbc#1265499,2021 N Lemans Blvd,Tampa,FL,33607,United States,(305) 992-9058,https://gcgcbiz.com/,michael@gcgcbiz.com,,"General contractor, Bathroom remodeler, Construction company, Kitchen remodeler","GCGC Design + Build is a Tampa Bay-based contractor specializing in commercial development, custom homes, and renovations with over 20 years of experience. They offer a comprehensive range of services from planning and architectural design to full construction management, ensuring projects are handled with quality and efficiency.",$2.0 M,7,,"65,653","53,531",https://www.linkedin.com/company/wix-com,https://www.facebook.com/GCGCBIZ,https://x.com/WixStudio,https://www.instagram.com/wix,https://www.youtube.com/user/Wix,27.9612672,'-82.5116534,Michael,Persaud,President,michael@gcgcbiz.com
Geco Roofing Inc.,5805 N 50th St,Tampa,FL,33610,United States,(813) 570-4363,https://www.gecoroofing.com/about-us/,david@gecoroofing.com,Unknown,Roofing contractor,"Professional roofing services for repairs, replacements, and new roof installations. Same-day appointments available. Call (888) 602-1585.",,,,,,,,,,,28.0011265,'-82.4013383,,,,
Gladiator Exteriors,2701 E Ellicott St,Tampa,FL,33610,United States,(813) 419-2656,https://gladiatorexteriorsfl.com/spring-deal,,,"Roofing contractor, Gutter service","Tampa Bays veteran-owned exterior contractor. Expert roofing, seamless gutter installation, fascia & soffit repair. Licensed CCC1337377, 5-star rated. Free estimates! Call (813) 419-2656.",,,,,,,,,,,27.9902662,'-82.4285962,,,,
Global Pro Roofing Llc,9041 Westchester Cir,Tampa,FL,33604,United States,(656) 227-0885,https://globalproroofingllc.com/,,,Roofing contractor,Roofing Solutions for Every Need,,,,,,,,,,,28.0316519,'-82.4556213,,,,
Gm Tile & Roofing Of Tampa,17432 Us-41,Lutz,FL,33549,United States,(813) 803-7333,,,,Roofing contractor,,,,,,,,,,,,28.1242014,'-82.4630652,,,,
Gmc Roofing Inc,,Tampa,FL,33684,United States,(813) 872-1593,,,,Roofing contractor,,,,,,,,,,,,28.0277033,'-82.4998463,,,,
Gold Roofs | Tampa Residential & Commercial Roofing Company,2507 W Fig St,Tampa,FL,33609,United States,(813) 600-5308,https://goldroofs.com/,,,Roofing contractor,"With 27 years of licensed roofing experience, Gold Roofs delivers expert roof repair, installation, and maintenance for Florida homes. Fast turnarounds, unmatched craftsmanship, and free inspections you can trust.",$4.9 M,1,2018,"17,176","23,238",,https://www.facebook.com/GoldRoofsTampa,,https://www.instagram.com/goldroofstampa,,27.9479096,'-82.4871131,,,,
"Gold Seal Roofing, Llc",8401 9th St N Suite F,St. Petersburg,FL,33702,United States,(813) 247-2450,https://www.goldsealroof.com/,richard@goldsealroof.com,Unknown,Roofing contractor,"Gold Seal Roofing is your trusted partner for top-quality roofing services that stand the test of time. With a wealth of experience and a dedicated team of professionals, we provide exceptional roofing solutions to residential and commercial clients across the region.",$7.7 M,0,2014,"17,176","23,238",https://www.linkedin.com/company/gold-seal-roofing-llc,https://www.facebook.com/people/Gold-Seal-Roofing-LLC/100063801030125,,https://www.instagram.com/Goldsealroof,https://www.youtube.com/channel/UCK7-qruPMQdXmBZGfG4633w,27.8488208,'-82.6465327,,,,
Goldenridge Roofing Contractor,7714 S Fitzgerald St,Tampa,FL,33616,United States,(484) 238-8180,,,,Roofing supply store,,,,,,,,,,,,27.8548417,'-82.5260019,,,,
Grand Span Roofing,4009 N 27th St,Tampa,FL,33610,United States,(704) 784-0967,,,,Roofing contractor,,,,,,,,,,,,27.9821267,'-82.4294141,,,,
Granite Halo Roofing Co,1730e E 7th Ave,Tampa,FL,33605,United States,(903) 280-3823,,,,"Roofing contractor, Roofing supply store",,,,,,,,,,,,27.9604741,'-82.439485,,,,
Gravity Systems Inc,5013 Tampa W Blvd,Tampa,FL,33634,United States,(813) 574-4334,,,,General contractor,,,,,,,,,,,,28.0182975,'-82.5285381,,,,
Green Frog Gutters,4522 W Village Dr,Tampa,FL,33624,United States,(813) 270-9460,https://greenfroggutters.com/,info@greenfroggutters.com,Unknown,Gutter cleaning service,"Need rain gutter installation in Tampa, FL? Green Frog Gutters provides reliable, affordable service. Contact us today for a free, no-obligation quote!",,,,,,,,,,,28.0728155,'-82.521674,,,,
Green Innovation Construction,8507 Sunstate St,Tampa,FL,33634,United States,(813) 488-6008,https://greeninnovationconstruction.com/,greeconstructionoffice@gmail.com,,"General contractor, Bathroom remodeler, Glass manufacturer, Glass shop, Kitchen remodeler, Mirror shop, Shower door shop, Tile contractor, Window supplier","Green Innovation Construction is a professional remodeling service company based in Tampa, specializing in both residential and commercial renovations. They provide a variety of customizable design options at great prices, aiming to meet the unique styles and budgets of their clients.",$7.6 M,15,2016,"15,152","23,236",,https://www.facebook.com/GreenInnovationConstruction,,https://www.instagram.com/greeninnovationconstruction,,28.0297924,'-82.5281181,,,,
Green Minority Contracting And Roofing,218 E Bearss Ave,Tampa,FL,33613,United States,(813) 618-6849,,,,Roofing contractor,,,,,,,,,,,,28.0895106,'-82.4589118,,,,
"Greentek Roofing & Solar, Llc",10220 Harney Rd,Thonotosassa,FL,33592,United States,(813) 333-1963,https://greentekroofing.com/,,,Roofing contractor,"Highly Decorated Residential & Commercial Roofing Company Serving the Tampa Bay Area
Things like honesty, perseverance, awareness, kindness, and generosity are not only core tenets for living a good life—they’re also the hallmarks of a good business.",,22,2017,,,https://www.linkedin.com/company/greentek-roofing,https://www.facebook.com/GreenTekRoofing,,https://www.instagram.com/greentekroofingandsolar_,https://www.youtube.com/@greentekroofingandsolar,28.0537055,'-82.3163822,,,,
Gsc Home Solutions Services,12812 Royal George Ave,Odessa,FL,33556,United States,(813) 585-0500,https://www.gschomesolutions.com/,,,Construction company,HOME | Gschomeremodelilng,,,,,,,,,https://www.instagram.com/gsc_home_solutions,,28.0994701,'-82.6436649,,,,
"Gsd Construction Services, Llc",2780 E Fowler Ave #532,Tampa,FL,33612,United States,(941) 545-7127,https://gsdconstruction.com/locations/tampa-florida/,claims@gsdconstruction.com,,Roofing contractor,"GSD Construction Services, LLC is a licensed and insured company specializing in storm damage repair and restoration services, primarily focusing on roofing, gutters, siding, and related applications. They cater to both residential and commercial clients across Florida and Illinois, with a strong reputation for quality workmanship backed by warranties.",$3.6 M,20,2021,"15,154","23,236",,https://www.facebook.com/GSD-Construction-Services-llc-1849293365322183,,,,28.0558012,'-82.4276522,Travis,Flowers,Mechanical Engineer,travis@gsdconstruction.com
Guardian Roofing Services,3336 S Dale Mabry Hwy,Tampa,FL,33629,United States,(727) 634-8366,,,,Roofing contractor,,,,,,,,,,,,27.9136152,'-82.5057718,,,,
Gulfeagle Supply,2900 E 7th Ave #100,Tampa,FL,33605,United States,(813) 636-9808,https://www.gulfeaglesupply.com/,help@gulfeaglesupply.com,,"Roofing supply store, Building materials market, Building materials store, Building materials supplier","Gulfeagle Supply is a leading distributor of roofing supplies and building products in the United States. We cater to both professional contractors and individual homeowners, offering a wide range of materials and services to support various construction projects.",$430 M,662,1973,"52,521","44,444",https://www.linkedin.com/company/gulfeagle-supply,https://www.facebook.com/GulfeagleSupply,,https://www.instagram.com/gulfeaglesupply,,27.9606557,'-82.4276569,Derick,Khan,,dkhan@gulfeaglesupply.com
Gulfshore Enterprises,5700 Memorial Hwy Suite 122,Tampa,FL,33615,United States,(813) 919-4285,https://www.gulfshoreenterprises.com/,,,General contractor,Gulfshore Enterprises,,,,,,,,,https://www.instagram.com/gulfshoreenterprises,,27.9812767,'-82.5654644,,,,
Gulfside Windows & Doors,13818 Wright Cir,Tampa,FL,33626,United States,(813) 773-3000,https://gulfsidewindowsandoors.com/,,,"Window installation service, Door supplier, Sunroom contractor, Window supplier","Veteran-owned Florida window and door installation specialists. Quality impact windows, entry & patio doors, sunrooms, shutters & hurricane screens. Free quote!",,,,,,,,,,,28.0619493,'-82.646685,,,,
Gutter Installation Tampa Express,620 E Twiggs St,Tampa,FL,33602,United States,(813) 694-8119,https://gutterinstallationtampaexpress.com/,info@gutterinstallationtampaexpress.com,Unknown,"Gutter cleaning service, Gutter service","Ready to upgrade your gutters? Contact Gutter Installation Tampa Express today for a inspection and fast, reliable service.",,,,,,https://www.linkedin.com/company/gutter-installation-tampa-express,,https://x.com/guttertampa,https://www.instagram.com/gutterinstallationtampaexpress,https://www.youtube.com/@GutterInstallationTampaExpress,27.950382,'-82.455537,,,,
Gutter Therapy,4503 S Gaines Rd,Tampa,FL,33611,United States,(813) 837-3820,https://www.guttertherapy.com/,bbeacham@guttertherapy.com,Unknown,"Gutter service, Contractor, Gutter cleaning service","At Gutter Therapy, our expertise lies in seamless gutter installation, gutter replacement, and the installation of gutter guards. Our commitment to quality and customer satisfaction sets us apart, ensuring that our clients receive top-notch service. We take pride in offering on-site custom measurements tailored to fit any home or building.",$5 M,1,2014,,,https://www.linkedin.com/company/gutter-therapy-llc,https://www.facebook.com/829059117115418,,https://www.instagram.com/guttertherapy,,27.9000335,'-82.5216912,Bill,Beacham,,bbeacham@guttertherapy.com
"H&r Roofing, Inc",4608 S 66th St,Tampa,FL,33619,United States,(813) 497-7780,https://www.hnrroofing.com/,,,Roofing contractor,"H&R Roofing, Inc – Building Confidence Overhead",,,,,,,,,,,27.9056255,'-82.3807339,,,,
Hammerleaf Roofer Expart,400 N Ashley Dr #702,Tampa,FL,33602,United States,,,,,Roofing contractor,,,,,,,,,,,,27.947567,'-82.4604093,,,,
Harbor Roofing,644 E Bloomingdale Ave,Brandon,FL,33511,United States,(813) 330-7022,https://harborroofing.com/,todd@harborroofing.com,,Roofing contractor,"Here at Harbor Roofing we have a stringent hiring process and employee mobility strategy that truly differentiates Harbor Roofing from the rest. We hire only the best, compensate our employees fairly, and ensure that they have a vested interest in our company, and therefore a vested interest in the workmanship & care our customers receive.",,6,2020,,,https://www.linkedin.com/company/harborroofing,,,,,27.8949271,'-82.2736538,,,,
Hard Knock Roofing & Construction,400 N Ashley Dr Suite 1900,Tampa,FL,33602,United States,(813) 712-8763,https://hardknockroofing.com/,,,Roofing contractor,H.K.R specializes in providing expert roof replacement & repair services for residential and commercial properties. Contact us for a free consultation today!,,,,,,,https://www.facebook.com/157243854134915,,https://www.instagram.com/hardknockroofing,,27.947567,'-82.4604093,,,,
Hard Rock Roofing Service,306 E Tyler St,Tampa,FL,33602,United States,,,,,Roofing contractor,,,,,,,,,,,,27.9524259,'-82.4596758,,,,
Harrison Roofing & Exteriors,5008 W Linebaugh Ave,Tampa,FL,33624,United States,(727) 634-8436,,,,"Roofing contractor, Building firm, Carpenter",,,,,,,,,,,,28.0387567,'-82.5287179,,,,
"Hartman Roofing & Maintenance, Inc.",1039 Fl-580,Tampa,FL,33612,United States,(813) 733-0804,,,,Roofing contractor,,,,,,,,,,,,28.0337258,'-82.4706492,,,,
Hd Roofing And Solar,6016 E Columbus Dr,Tampa,FL,33619,United States,(813) 321-4751,https://hdroofers.com/,orlando@hdroofers.com,,"Roofing contractor, Construction company","HD Roofing & Solar offers residential and commercial roofing, emergency services, debris removal, demolition, and interior work. HD Roofing & Solar has assisted in the reconstruction of homes during Hurricane Matthew, Hurricane Irma, and Hurricane Michael, so we understand that these catastrophic events are devastating and we make it our utmost priority to respond in an urgent, efficient, and compassionate matter.",$7 M,47,2017,"17,176","23,238",https://www.linkedin.com/company/hdroofing,https://www.facebook.com/hdroofingandsolar,https://x.com/hdroofers,https://www.instagram.com/hdroofingandsolar,,27.9675042,'-82.3859626,Esther,Lopez,Human Resources Director,esther@hdroofers.com
Heaven Sent Construction,4016 Henderson Blvd,Tampa,FL,33629,United States,(813) 728-1458,http://www.hsc-fl.com/,fdiaz@hsc-fl.com,,"Construction company, General contractor","Heaven Sent Construction is a trusted wholesale home construction company located in Tampa Bay, FL, with over 17 years of experience. The company specializes in working with qualified investors focused on renting or selling properties and has been involved in government-affiliated affordable housing initiatives.",$656 K,3,2006,"15,152","23,236",,https://facebook.com/HeavenSentConstruction,,,,27.9294261,'-82.5103418,Francisco,Diaz,General Contractor,fdiaz@hsc-fl.com
Heaven Sent Roofing,4016 Henderson Blvd,Tampa,FL,33629,United States,(813) 710-6322,https://heavensentroofingfl.com/,,,Roofing contractor,"Heaven Sent Roofing is a Tampa Bay, FL roofing company that has been serving the area for over 17 years. Our team is comprised of roofers who have the drive to work hard and make their names known by the quality of workmanship they provide to our clients.",,1,,,,,https://facebook.com/HeavenSentRoofingFL,,https://www.instagram.com/heavensentroofing,,27.9294261,'-82.5103418,,,,
Heritage Roofing Company,4608 N Nebraska Ave,Tampa,FL,33603,United States,(727) 634-8364,,,,"Roofing contractor, Building firm, Carpenter",,,,,,,,,,,,27.9877115,'-82.4514617,,,,
Hickorycrest Painting Expart,6801 E Hillsborough Ave,Tampa,FL,33610,United States,,,,,Roofing contractor,,,,,,,,,,,,27.9955847,'-82.3785611,,,,
Hmac Roofing,10825 Tom Folsom Rd E,Thonotosassa,FL,33592,United States,(813) 508-4269,,,,Roofing contractor,,,,,,,,,,,,28.0476557,'-82.3269537,,,,
Homefront Roofing,12211 W Hillsborough Ave,Tampa,FL,33635,United States,(727) 634-8395,,,,"Roofing contractor, Building firm, Carpenter",,,,,,,,,,,,28.0207812,'-82.6230737,,,,
"Homeowners Choice Construction, Llc",9260 Bay Plaza Blvd,Tampa,FL,33619,United States,(877) 652-3555,,,,Construction company,,,,,,,,,,,,27.9437105,'-82.5249927,,,,
Horizon Roofing Company,401 E Jackson St,Tampa,FL,33602,United States,(813) 522-5206,,,,Roofing contractor,,,,,,,,,,,,27.94708,'-82.4561782,,,,
Hrc Remodeling,N Dale Mabry State Rte Ste 200 14502,Tampa,FL,33618,United States,(727) 436-9061,https://homeresolutionconsultants.com/,form@homeresolutionconsultants.com,,"Roofing contractor, Kitchen remodeler, Remodeler, Bathroom remodeler","With over 2 decades of experience, HRC Remodeling is the favorite remodeling company of many homeowners throughout Tampa including Clearwater, St. Petersburg, Wesley Chapel & Neighboring Cities. The reason our customers love us is because we are honest craftsmen on a mission to provide great experiences when it comes to remodeling homes.",,4,,,,,https://www.facebook.com/HRCRemodelingTampa,,https://www.instagram.com/hrcremodelingfl,https://www.youtube.com/channel/UC_3OXBeZXspgeZI8OZzO7GQ,28.0803393,'-82.5078384,,,,
Hunter & Sons Roofing,506 E Baker St,Tampa,FL,33603,United States,(813) 320-4600,,,,"Roofing contractor, Contractor, Remodeler",,,,,,,,,,,,27.977389,'-82.4545214,,,,
Hybrid Construction Llc,12250 Race Track Rd,Tampa,FL,33626,United States,(813) 300-8019,https://www.hybridgc.com/,handyman@hybridgc.com,,"General contractor, Bathroom remodeler, Dry wall contractor, Flooring contractor, Kitchen remodeler, Remodeler, Stucco contractor, Tile contractor","Hybrid Construction LLC is a licensed and insured general contractor based in Tampa Bay, specializing in both residential and commercial construction services. They offer a range of services including kitchen and bathroom remodels, 203K and Homestyle loan rehabs, and renovations for REO/investor properties.",$1.1 M,6,2015,"15,152","23,236",https://www.linkedin.com/company/hybrid-construction-florida,https://www.facebook.com/Hybrid-Construction-1590191204637996,https://x.com/HybridGCTampa,https://www.instagram.com/hybridgcflorida,https://www.youtube.com/channel/UC4Bl5vCsplNcYkv1FWA1UAg,28.0623922,'-82.6423566,Brandon,Leske,"General Contractor | Construction Manager | Helping Business Owners, Landlords, Tenants, and Homeowners Remodel Property",bleske@hybridgc.com
Hytz Roofing Inc,333 N Falkenburg Rd Suite B-218,Tampa,FL,33619,United States,(813) 436-0761,https://hytzroofing.com/,mailoffice@hytzroofing.com,,"Roofing contractor, Asphalt contractor, Contractor, General contractor, Gutter cleaning service, Repair service, Roofing supply store, Tile contractor, Waterproofing service",Azroofing is a company that operates in the Construction industry. It employs 6-10 people and has $1M-$5M of revenue. The company is headquartered in the United States.,<$5 M,<25,,"17,176","23,238",,https://www.facebook.com/az-roofing-741718466011392,,,,27.9552445,'-82.3323644,,,,
I Got A Guy Construction,9645 Palm River Rd,Tampa,FL,33619,United States,(813) 956-4914,https://igotaguyremodeling.com/,info@igotaguyconstruction.com,Unknown,"Contractor, Bathroom remodeler, Concrete contractor, Dry wall contractor, Flooring contractor, Kitchen remodeler, Stucco contractor","Tampas premier home, kitchen, and bathroom remodelers serving all of Tampa Bay. Our expert renovation services transform your spaces with precision and style.",,,,,,,,,,,27.9406348,'-82.346534,,,,
Impact Roofing Solutions,16314 E Course Dr,Tampa,FL,33624,United States,(813) 404-2657,https://impactroofingsolutions.com/,,,Roofing contractor,"Trusted Florida roofers offering reliable roofing services, free inspections, storm repair, and quality roof replacements for homes and businesses.",,,,,,,,,https://www.instagram.com/impact.roofing.solutions,,28.1059102,'-82.5216184,,,,
Innovative Homes & Remodeling,709 Crystal Lake Rd,Lutz,FL,33548,United States,(813) 851-4744,https://ihri.us/,eric@ihri.us,Unknown,"Roofing contractor, Cabinet store, General contractor, Remodeler","IHRI is an SBA-certified SDVOSB providing expert construction, power, and remediation services for federal, state, and commercial clients.",,,,,,,https://www.facebook.com/IHRemodeling,,,,28.1364958,'-82.4751276,,,,
Integra Construction Group,1517 E 7th Ave Unit D,Tampa,FL,33605,United States,(813) 282-4849,http://www.integraconstructiongroup.com/,info@integraconstructiongroup.com,,Construction company,"Integra Construction Group specializes in commercial construction, offering services such as kitchen and bath remodeling along with home theater installations. The company is known for its commitment to quality, exceptional customer service, and integrity.",$4.6 M,14,2005,"15,154","23,236",https://www.linkedin.com/company/integra-construction-group-llc,,,,,27.960044,'-82.4422323,Bill,Lilly,"Project Manager, Estimater",blilly@integraconstructiongroup.com
Integrity Roofing Of Florida Llc,3418 Handy Rd Suite 102,Tampa,FL,33618,United States,(813) 388-9190,https://www.integrityroofingofflorida.com/,mike@integrityroofingofflorida.com,,Roofing contractor,"Proudly Serving Tampa Bay & Beyond Integrity Roofing of Florida LLC QUALITY YOU CAN TRUST No matter if your roof has been damaged by nature or is just at the end of its service life, our roof installation services are second to none. How Can We Help!",,,,,,,,,https://instagram.com/integrityroofingofflorida,,28.074335,'-82.5056908,,,,
Integrity Roofing Solutions,5305 Garden Ln,Tampa,FL,33610,United States,(727) 634-8343,,,,"Roofing contractor, Building firm, Carpenter",,,,,,,,,,,,27.9943496,'-82.3484415,,,,
International Construction Solutions Inc.,3319 Schefflera Rd,Tampa,FL,33618,United States,(813) 551-2806,https://www.internationalconstructionsolutions.com/,icsfl813@gmail.com,Unknown,General contractor,"International Construction Solutions Inc. is a leading provider of construction services in the Tampa Bay area, specializing in both residential and commercial projects. They offer a comprehensive range of services, including new construction, remodeling, renovations, and project management, all tailored to meet specific client needs.",$528 K,5,2016,"15,154","23,236",,https://www.facebook.com/constructivesolutionz,https://www.x.com/proteusnetcom,,,28.0452934,'-82.4987728,,,,
Iron Peak Roofing,1805 E 7th Ave,Tampa,FL,33605,United States,(727) 634-8349,,,,"Roofing contractor, Building firm, Carpenter",,,,,,,,,,,,27.9599491,'-82.4390967,,,,
Iron Pinnacle Roofing Co,4310 W Gandy Blvd,Tampa,FL,33611,United States,(769) 271-2073,,,,"Roofing contractor, Roofing supply store",,,,,,,,,,,,27.8926288,'-82.5173153,,,,
Ironcliff Roofing Contractor,3618 S Beach Dr,Tampa,FL,33629,United States,(747) 304-7623,,,,Roofing supply store,,,,,,,,,,,,27.9098393,'-82.5309614,,,,
Iveron Roofing Contractor,4513 W Ballast Point Blvd,Tampa,FL,33611,United States,(681) 710-1734,,,,Roofing contractor,,,,,,,,,,,,27.8899013,'-82.5221526,,,,
JR’s Roofing & waterproofing,5410 Eureka Springs Rd,Tampa,FL,33610,United States,(305) 354-6915,https://juniorsroofing.com/,,,Roofing contractor,"Juniors Roofing offer services of repair and instalation in Tampa, FL. High quality and transparency in all of our work.",,,,,,,,,,,27.9983404,'-82.343768,,,,
Ja Edwards Of America Roofing - Tampa,9270 Bay Plaza Blvd #612,Tampa,FL,33619,United States,(727) 953-3181,https://jaeofamerica.com/,info@jaeofamerica.com,Unknown,"Roofing contractor, Skylight contractor",Commercial and Residential Roofing Contractor specializing in storm restoration throughout the State of Florida and North Carolina,$5.2 M,51,2004,"17,176","23,238",https://www.linkedin.com/company/ja-edwards-of-america-inc,,https://x.com/jaearoofs,https://www.instagram.com/jaedwardsofamerica,,27.947586,'-82.348495,Allen,Crowder,Construction Chief & Officer,allenc@jaeofamerica.com
"Jac Builders, Inc.",16921 Gunn Hwy A,Odessa,FL,33556,United States,(813) 920-9644,https://www.jacbuildersfl.com/,cody@jacbuildersfl.com,,Roofing contractor,"JAC Builders | Roofing & General Contracting Experts in Florida
For more than 15 years, JAC Builders has been helping Florida homeowners and businesses protect what matters most. We’re a locally owned roofing and contracting company known for craftsmanship, honesty, and storm-ready solutions that stand the test of time.",$3.9 M,7,,"15,152","23,236",,https://www.facebook.com/people/JAC-Builders-INC/100088380042746,,https://www.instagram.com/jacbuilders_roofing,https://www.youtube.com/@JACBuildersINC,28.1151292,'-82.5799063,Frank,Kogan,,frank@jacbuildersfl.com
Jackson Brothers Roofing,1001 Water St,Tampa,FL,33602,United States,(727) 634-8419,,,,"Roofing contractor, Building firm, Carpenter",,,,,,,,,,,,27.944074,'-82.4500576,,,,
Janney Roofing,3102 Cherry Palm Dr Suite 140,Tampa,FL,33619,United States,(813) 551-3141,https://janneyroofing.com/tampa/roofing-company/,email@janneyroofing.com,,Roofing contractor,"Your Expert Roofing Guide in Florida
At Janney Roofing, we do more than repair and replace roofs, we provide a guided experience for homeowners and property managers from start to finish. We serve residential homeowners and property owners of multi-family properties.",$3.4 M,58,2006,"17,176","23,238",https://www.linkedin.com/company/janney-construction,https://www.facebook.com/JanneyRoofing,https://www.x.com/janneyroofing,https://www.instagram.com/janneyroofing,https://www.youtube.com/channel/UCvdOTtEwvbI7v99ziC3myfQ,27.9716416,'-82.3452136,Rick,Janney,V President,rjanney@janneyroofing.com
Jb Exteriors Llc,2009 Clarice Cir,Tampa,FL,33619,United States,(813) 843-9992,https://jbexteriorsllc.com/,jamesbenner178@msn.com,Unknown,Roofing contractor,"JB Exteriors, LLC",,,,,,,,,,,27.9289593,'-82.3675766,,,,
Jbc Roofing Co.,10002 N Forest Hills Dr,Tampa,FL,33612,United States,(813) 401-8659,https://www.jbcroofingco.com/,,,Roofing contractor,"Need a roofing contractor in Tampa? We provide professional roofing services, including repairs, installations, and inspections. Contact us at (813) 417-6122",,,,,,,,,,,28.0402346,'-82.4728007,,,,
Jd Restorations,12933 N Nebraska Ave,Tampa,FL,33612,United States,(813) 212-8207,https://jdrestorations.com/,intake@jdrestorations.com,Unknown,"Water damage restoration service, Fire damage restoration service","JD Restorations is the peace after chaos on 24/7 emergency services including water damage restoration, mold remediation and fire damage restoration. 
In JD Restoration you will get a unique experience. Nowadays JD restoration has a vast experience in servicing a wide range of properties in the residential and commercial area, such as multi-family, industrial, retail, educational facilities, hospitality, corporate facilities, commercial properties, HOAs, high rise condos, to name a few.",$19.1 M,67,2013,"89,899","54,541",https://www.linkedin.com/company/jd-restorations,https://www.facebook.com/jdrestorationsusa,https://x.com/jdrestorations_,https://www.instagram.com/jdrestorationsusa,,28.064765,'-82.4507722,Geraldine,Martinez,Strategic Partnerships Manager | Property Restoration Industry | Business Growth & Relationship Builder,gmartinez@jdrestorations.com
Jenkins Restorations,5910 Breckenridge Pkwy # F,Tampa,FL,33610,United States,(727) 999-2490,https://jenkinsrestorations.com/tampa-fl/,commercial@jenkinsrestorations.com,,"Water damage restoration service, Building restoration service, Fire damage restoration service","Jenkins Restorations specializes in the repair, reconstruction, and restoration of commercial and residential properties damaged by water, fire, storms, vandalism or burglary. No matter what disaster you have found yourself in, our team is here to provide 24/7 emergency services to get you quickly and professionally restored.",$23.8 M,606,1975,"15,152","23,236",https://www.linkedin.com/company/jenkinsrestorations,https://www.facebook.com/JenkinsRestorationsServices,https://www.x.com/jenkinsservices,https://www.instagram.com/jenkinsrestorations,,28.0027927,'-82.3590211,Terry,Russell,Controller,trussell@jenkinsrestorations.com
Jerry's Roofing Of Tampa Bay Inc.,5633 Pine St,Seffner,FL,33584,United States,(813) 285-4858,https://jerrysroofing.com/tampa/,corey@jerrysroofing.com,,"Roofing contractor, Contractor, Siding contractor","These shingles have a manufacturers warranty ranging from 25 years to a lifetime. Our company provides a 5 year guarantee on all new roofing projects. We are a certified GAF Contractor, as well as an Owens Corning Preferred Contractor. SHEET METAL AND GUTTER SYSTEMS (Private company)",$1.3 M,7,1991,"17,176","23,238",https://www.linkedin.com/company/jerrys-roofing,https://www.facebook.com/jerrys-roofing-2295503514001656,,,,28.0022978,'-82.2938097,,,,
"Jgm Contracting, Llc",4104 W Inman Ave,Tampa,FL,33609,United States,(813) 833-9529,,,,"Roofing contractor, Home builder, Custom home builder, Sunroom contractor",,,,,,,,,,,,27.9355662,'-82.5124589,,,,
Jnizremodeling Llc,1926 Pine Loch Terrace,Tampa,FL,33613,United States,(813) 562-4249,,,,Construction company,,,,,,,,,,,,28.080075,'-82.438327,,,,
Jordan Florida Group Llc. Empire Company & Co.,3100 W Harbor View Ave,Tampa,FL,33611,United States,(813) 219-0100,http://www.jordanfloridagroup.com/,,,"Construction company, Human resource consulting, Payroll service",,,,,,,,,,,,27.9023201,'-82.4938413,,,,
Joseph & Sons Roofing,3907 W Cayuga St,Tampa,FL,33614,United States,(727) 634-8331,,,,"Roofing contractor, Building firm, Carpenter",,,,,,,,,,,,27.9866756,'-82.5088156,,,,
Jr American Painting Llc,6412 Amundson St,Tampa,FL,33634,United States,(813) 244-2191,https://jramericanpainting.com/,,,"Contractor, Painting, Painter","JR American Painting LLC is a full-service painting contractor specializing in high-quality interior and exterior coatings for both residential and commercial clients. They offer a wide range of painting services, including house painting, pressure washing, and cabinet painting in the Tampa, St.",$1.2 M,5,,"17,172","23,238",,,,,,28.0055166,'-82.5509381,,,,
Jr One Aluminum Llc - Gutter Repair & Installation,3420 W Cherry St,Tampa,FL,33607,United States,(844) 444-3114,https://www.jronegutters.com/,,,"Gutter service, Aluminum supplier, Gutter cleaning service, Siding contractor","Family-owned, over 30 years in the trade. Seamless gutters, soffit, fascia, drainage, Peak 301 roof rejuvenation. In-house crews, fully insured. Tampa Bay specialty trade contractor. Free estimates. (844) 444-3114.",,,,,,,https://www.facebook.com/people/Jr-One-Aluminum-LLC/61568068558954,,https://www.instagram.com/jronegutters,,27.961411,'-82.5006675,,,,
K Simon Construction,3401 W Kennedy Blvd,Tampa,FL,33609,United States,(888) 669-7663,https://www.ksimon.com/,sales@ksimon.com,,Roofing contractor,"K Simon Construction is a nationwide general contractor that specializes in a variety of exterior and interior services, including roofing, siding, gutters, painting, and more. They cater to diverse clients such as residential homeowners, apartments, churches, government entities, hospitals, and schools.",$10 M,33,2003,"17,176","23,238",https://www.linkedin.com/company/a-&-k-simon-llc,https://www.facebook.com/ksimonroof,https://www.x.com/ksimonroofing,,,27.9451885,'-82.4996072,Harley,Graczyk,Assistant Office Manager,harley@ksimon.com
Karoly Windows & Doors,13359 W Hillsborough Ave #101,Tampa,FL,33635,United States,(813) 766-4414,https://www.karolywindows.com/,media@karolywindows.com,,"Window installation service, Door supplier","Karoly Windows & Doors specializes in high-quality installation of hurricane impact and energy-efficient replacement windows and doors. With over 20 years of experience, they are dedicated to providing exceptional service and superior products within the Tampa Bay area.",$6.7 M,30,2001,"50,503","42,423",https://www.linkedin.com/company/karoly-windows,https://www.facebook.com/KarolyWindows,https://x.com/karolywindows,https://www.instagram.com/karolywindows,https://www.youtube.com/@karolywindows,28.0334657,'-82.6390549,Brandon,Shannon,Chief Executive Officer,brandon@karolywindows.com
Kenvora Roofing Contractor,4411 W Trilby Ave,Tampa,FL,33616,United States,(410) 869-6945,,,,Roofing supply store,,,,,,,,,,,,27.8834117,'-82.5196594,,,,
Kh Commercial Roofing,401 E Jackson St Ste 3300,Tampa,FL,33602,United States,(865) 766-3464,https://www.tampacommercialroofing.com/,contact@khcommercialroofing.com,Unknown,Roofing contractor,"Tampa Commercial Roofing Company, KH Commercial Roofing, is Floridas #1 Commercial Roofing Company. We are certified with Carlisle Syntec, GAF and Johns Manville roofing systems.  Florida License #CCC1334035.",,,,,,https://www.linkedin.com/company/kh-commercial-roofing,,,,,27.9472127,'-82.4560739,,,,
King Of Kings Drywall,1718 W Powhatan Ave,Tampa,FL,33603,United States,(805) 263-8641,,,,Dry wall contractor,,,,,,,,,,,,27.9987275,'-82.4778722,,,,
King Roofing & Sheet Metal,13014 N Dale Mabry Hwy Suite 313,Tampa,FL,33618,United States,(855) 544-5464,https://www.kingworksfl.com/,stacy@kingworksfl.com,,Roofing contractor,"King Works Roofing & Sheet Metal specializes in roofing and deck coating services for both residential and commercial clients. Their offerings include shingle and sheet metal roofing, as well as patio deck coatings, ensuring long-lasting protection for properties.",$1.1 M,6,2010,"17,176","23,238",,https://www.facebook.com/people/King-Roofing-and-Sheet-Metal-LLC/100057050517085,https://x.com/kingroofingfl,https://www.instagram.com/kingworks123,,28.0644393,'-82.5061586,Stacy,Reisinger,Owner,stacy@kingworksfl.com
Korson & Son Builders Inc.,4100 W Kennedy Blvd # 202,Tampa,FL,33609,United States,(813) 748-2256,https://ksbiroofing.com/,mark@ksbiroofing.com,Unknown,"Roofing contractor, Home builder",Tampa Roofing - Korson and Son Roofing offer a full line of services to meet all your construction needs.,,,,,,,https://www.facebook.com/100292102846654,,https://www.instagram.com/explore/locations/100292102846654/korson-and-son-roofing,,27.9444704,'-82.512622,,,,
Kris Konstruction Quality Roofing And Solar Solutions,8270 Woodland Center Blvd,Tampa,FL,33614,United States,(954) 231-7663,https://www.kriskonstruction.com/,kris@kriskonstruction.com,,Roofing contractor,"Kris Konstruction is a Maryland-based company specializing in kitchen, bathroom, and roofing services, offering quality remodeling and installation solutions. With over 35 years of experience, they provide a range of services including residential and commercial roofing, kitchen and bathroom remodeling, and storm damage restoration.",$16.9 M,72,1990,"15,152","23,236",https://www.linkedin.com/company/kris-konstruction-inc,https://www.facebook.com/KwikKitchensBathroomsMore,https://x.com/KrisKonstruct,https://www.instagram.com/kriskonstruction,https://www.youtube.com/channel/UCga54T-gIAnVYGdpne0C7hQ,27.9915899,'-82.5195221,Kody,Randlett,"Vice President, Sales",kody@kriskonstruction.com
Krs Roofing Supply - Tampa,6409 N 50th St,Tampa,FL,33610,United States,(786) 498-1682,https://krsroofingsupply.com/,info@krsroofingsupply.com,Unknown,Roofing supply store,"KRS Roofing Supply. Professional And Expert Roofing Supplier. All The Roofing Materials You Need. Kissimmee or Tampa, FL",<$5 M,<25,,"50,503","42,423",,https://www.facebook.com/krsroofingsupply,,https://www.instagram.com/krsroofingsupply,,28.006306,'-82.4011561,,,,
"Lansing Building Products - Tampa West, Fl",9507 N Trask St B,Tampa,FL,33624,United States,(813) 264-6555,https://www.lansingnow.com/visitor/lansing-branches/florida/tampa-west-fl,,,"Building materials supplier, Building materials store, Door supplier, Window supplier","LansingNOW. The online destination powered by your Lansing branch. Register today to benefit from order notifications, account tools, and programs that support your business.",,,,,,,,,,,28.0372905,'-82.5207787,,,,
"Lansing Building Products - Tampa, Fl",,Tampa,FL,33605,United States,(813) 963-7033,https://www.lansingnow.com/visitor/lansing-branches/florida/tampa-fl,,,"Building materials supplier, Building materials store, Door supplier, Window supplier","LansingNOW. The online destination powered by your Lansing branch. Register today to benefit from order notifications, account tools, and programs that support your business.",,,,,,,,,,,27.9580304,'-82.4088827,,,,
"Latite Roofing And Sheet Metal, Llc",5411 Boran Dr,Tampa,FL,33610,United States,(813) 316-4846,https://www.latite.com/,info@latite.com,,Roofing contractor,"Latite Roofing is the largest roofing contractor in Florida with over 80 years of experience, offering a wide range of services for both residential and commercial clients. Their services include re-roofing, leak repair, new construction, and maintenance inspections, using various roofing types such as concrete tiles, metal systems, and shingles.",$74 M,260,1943,"17,176","23,238",https://www.linkedin.com/company/latite-roofing-&-sheetmetal-llc,https://www.facebook.com/LatiteRoofingandSheetMetal,https://x.com/Latiteroofing,https://www.instagram.com/latiteroofing,https://www.youtube.com/channel/UCs0eXanKvTJjP_57HBgd4hw,28.0001976,'-82.3877735,Jim,Engskow,"Director, Technical Services",jim@latite.com
"Lee Mcghee Roofing, Inc.",Ashley Dr S,Tampa,FL,33602,United States,(813) 485-4996,,,,Roofing contractor,,,,,,,,,,,,27.9444574,'-82.4578222,,,,
"Lesko Roofing, Llc",2904 W North St,Tampa,FL,33614,United States,(813) 239-6223,,,,Roofing contractor,,,,,,,,,,,,28.0053216,'-82.4899226,,,,
Liberty Roofing Group,309 N Howard Ave,Tampa,FL,33606,United States,(727) 634-8346,,,,"Roofing contractor, Building firm, Carpenter",,,,,,,,,,,,27.9476728,'-82.4827964,,,,
Lifestyle Remodeling,4897 W Waters Ave B,Tampa,FL,33634,United States,(813) 680-3762,https://lifestyleremodeling.com/,jstavish@lifestyleremodeling.com,Unknown,"Sunroom contractor, Carport and pergola builder, General contractor, Patio enclosure supplier, Window installation service, Window supplier","Lifestyle Remodeling is a construction company based out of 4897 W Waters Ave, Tampa, FL, United States.",$2 M,21,,"15,152","23,236",https://www.linkedin.com/company/lifestyle-remodeling,https://www.facebook.com/pages/Lifestyle-Remodeling/161077293998673,,https://www.instagram.com/lifestyle_sunrooms,https://www.youtube.com/channel/UCT9dfsphPSZROLoAkCY3_SQ,28.0265208,'-82.5267673,,,,
Lifetime Quality Roofing & Storm Restoration Tampa,510 Vonderburg Dr # 306,Brandon,FL,33511,United States,(813) 522-8699,https://www.lifetimequalityroofing.com/locations/tampa-florida/,info@lifetimequalityroofing.com,,"Roofing contractor, Gutter service, Siding contractor","Lifetime Quality is an award-winning provider of roofing, siding, gutter, and solar services, recognized for delivering installations backed by lifetime warranties. The company serves both residential and commercial clients across multiple states, including Ohio, Pennsylvania, Texas, North Carolina, and Florida.",$127.3 M,200,2015,"17,176","23,238",https://www.linkedin.com/company/75719358,https://www.facebook.com/StormRestorationNow,https://x.com/LifetimeQuaIity,https://www.instagram.com/lifetimequality_roofing,https://www.youtube.com/channel/UCzB48ieyZG8LWIU7T2VstTg,27.9306049,'-82.2893273,,,,
Limitless Construction & Remodel Llc.,16610 Mandy Ln,Tampa,FL,33618,United States,(813) 928-2438,,,,"Construction company, Pressure washing service",,,,,,,,,,,,28.1120086,'-82.4991066,,,,
Lindross Remodeling,8473 W Linebaugh Ave,Tampa,FL,33625,United States,(727) 330-3995,https://www.lindrossremodeling.com/,jdagata@dagatadesign.com,,"General contractor, Bathroom remodeler, Contractor, Kitchen remodeler","Lindross Remodeling is a female-owned, full-service general contractor based in Tampa, specializing in stress-free home remodeling services. They offer a range of services including whole home renovations, kitchen and bathroom renovations, outdoor living spaces, and home additions.",$1.1 M,4,,"15,152","23,236",https://www.linkedin.com/company/lindross-remodeling,https://www.facebook.com/lindrossremodeling,,https://www.instagram.com/lindross_remodeling,,28.0419782,'-82.5777017,Vern,Zeno,Project Engineering Management Consultant,vern@lindrossremodeling.com
Line Dr​​​y​​еr V​​e​​nt​​ Clеa​​nin​​​​g S​​е​​​rvic​​​es,6408 W Linebaugh Ave #115,Tampa,FL,33625,United States,(813) 214-8195,,,,"General contractor, Bathroom remodeler, Contractor, Home builder, Kitchen remodeler, Siding contractor",,,,,,,,,,,,28.0398165,'-82.5514272,,,,
M.d. Smith Construction,3225 S Macdill Ave Suite 129-350,Tampa,FL,33629,United States,(813) 599-3691,https://mdsmithconstruction.com/,anthony@mdsmithconstruction.com,,Construction company,"We build on 40+ years of industry experience. We’re professionals in multifamily, commercial and custom residential construction.",$1.6 M,6,2009,,,,https://www.facebook.com/mdsmithconstruction,,,,27.9157286,'-82.494673,Mike,Coulter,"Supervisor, Construction",mike@mdsmithconstruction.com
M6 Building Solutions,401 E Jackson St Ste 3300,Tampa,FL,33602,United States,(877) 401-6623,https://www.m6building.com/,samantha@m6building.com,Unknown,Roofing contractor,"M6 Building Solutions is a full-service contractor specializing in roofing and remodeling services, with over 30 years of experience. They offer a wide range of services including roof installations, repairs, replacements, kitchen and bathroom renovations, and home additions.",$954 K,3,2016,"50,503","55,551",,https://www.facebook.com/102191509476149,,https://www.instagram.com/m6buildingsolutions,,27.9472127,'-82.4560739,Bryon,Maynor,Owner and Certified General Contractor and Certified Roofing Contractor and Haag Certified Inspector,bryon@m6building.com
Magnify Group Inc.,7710 Ann Ballard Rd,Tampa,FL,33634,United States,(813) 243-8725,https://www.magnifygroupinc.com/,magnifygroup@yahoo.com,Unknown,Roofing contractor,"Magnify Group Inc. is a locally owned and operated roofing and construction company based in Tampa, FL, specializing in roofing, construction, and sinkhole services. They offer a range of roofing solutions including shingle, metal, flat, and TPO roofing, catering to both residential and commercial clients.",$553 K,5,2015,,,,https://www.facebook.com/magnifygroup,,,,28.0194823,'-82.5424887,,,,
Maintenx,5208 St Paul St,Tampa,FL,33619,United States,(866) 611-3211,https://www.maintenx.com/,info@maintenx.com,Unknown,"Roofing contractor, HVAC contractor, Waterproofing service","MaintenX, founded in 1982 and headquartered in Tampa, FL, is a licensed, facilities repair company. MaintenX self-performs and manages facility maintenance for their clients, and contracts a network of preferred vendor partners for other jobs.",$62.2 M,287,1982,"87,874","56,561",https://www.linkedin.com/company/maintenx-international,https://www.facebook.com/MaintenXInternational,https://x.com/maintenxonline,,https://www.youtube.com/channel/UCFQFVAOr7B3GREQNt0gM8zQ,27.9200328,'-82.3962872,Brett,Herman,President,brett@maintenx.com
Maintenx International,2202 N Howard Ave,Tampa,FL,33607,United States,(855) 751-0075,https://www.maintenx.com/,info@maintenx.com,Unknown,"Roofing contractor, Air conditioning contractor, Electrician, General contractor, HVAC contractor, Plumber, Corporate office","MaintenX, founded in 1982 and headquartered in Tampa, FL, is a licensed, facilities repair company. MaintenX self-performs and manages facility maintenance for their clients, and contracts a network of preferred vendor partners for other jobs.",$62.2 M,287,1982,"87,874","56,561",https://www.linkedin.com/company/maintenx-international,https://www.facebook.com/MaintenXInternational,https://x.com/maintenxonline,,https://www.youtube.com/channel/UCFQFVAOr7B3GREQNt0gM8zQ,27.960997,'-82.4831718,Brett,Herman,President,brett@maintenx.com
"Malphus And Son General Contractors, Inc.",1465 Tampa Park Plaza,Tampa,FL,33605,United States,(813) 273-0870,https://malphusandson.com/,wmalphus@aol.com,,General contractor,"Malphus and Son is a third-generation general contractor firm based in Tampa, Florida, with over 50 years of experience in residential and commercial construction. They are known for their high-quality work offered at affordable prices and cater to homeowners, real estate developers, and government agencies across Florida.",$7.1 M,23,1969,"15,152","23,236",https://www.linkedin.com/company/malphus-&-sons-general-contractors,https://www.facebook.com/malphusandson,,,https://youtu.be/DOeLvUvvXhA,27.956796,'-82.4505795,Ron,Richardson,Project Manager,ronr@malphusandson.com
Martinez Roofing Company,4608 N Nebraska Ave,Tampa,FL,33603,United States,(727) 634-8339,,,,"Roofing contractor, Building firm, Carpenter",,,,,,,,,,,,27.9877115,'-82.4514617,,,,
Mason Homes General Contractor - Construction Company Tampa,5816 Little River Dr,Tampa,FL,33615,United States,(813) 999-5910,https://masonhomesconstruction.com/,,,Construction company,"Mason Homes offers premier home design remodeling & renovations the best in Tampa FL. Specializing in high-end renovations, MH delivers exceptional craftsmanship and design.",,,,,,,,,,,28.0030409,'-82.5942664,,,,
Mastercraft Roofing,6725 N Armenia Ave,Tampa,FL,33604,United States,(727) 634-8384,,,,"Roofing contractor, Building firm, Carpenter",,,,,,,,,,,,28.0082299,'-82.4841859,,,,
Maze Roofing Tampa,6619 S 78th St,Riverview,FL,33578,United States,(813) 694-8151,https://maze-roofing.com/,,,Roofing contractor,Maze Roofing provides comprehensive residential and commercial roofing services across the state of Florida.,,6,2006,,,https://www.linkedin.com/company/105388745/admin/dashboard,,,https://www.instagram.com/maze.roofing,https://www.youtube.com/@MazeRoofing,27.8829685,'-82.3701144,,,,
Mccoy Roofing Tampa,8875 Hidden River Pkwy Suite 300,Tampa,FL,33637,United States,(813) 212-1220,https://mccoyroofing.com/locations/tampa-roofing-contractors/,marketing@mccoyroofing.com,,Roofing contractor,"McCoy Roofing is a family-owned roofing company based in Omaha, Nebraska, specializing in residential and commercial roofing solutions, including roof repairs, replacements, and inspections. With a commitment to quality and customer service, the company uses top-quality materials and expert craftsmanship to deliver reliable roofing services across multiple states.",$9.3 M,24,2007,"17,176","23,238",https://www.linkedin.com/company/mccoyroofing,https://www.facebook.com/McCoyRoofingLLC,,,,28.0720014,'-82.3595562,Lee,Mccoy,Partner,lee@mccoyroofing.com
Mcenany Roofing & Contracting,8801 Industrial Dr,Tampa,FL,33637,United States,(813) 988-1669,https://mcenanyroofing.com/,lmanson@mcenanyroofing.com,,Roofing contractor,"For two decades, McEnany Roofing has been committed to good, honest workmanship and to providing superior products, exceptional service and the highest standard of customer satisfaction. The company offers a very thorough and cost effective roof repair and maintenance program.",$36.9 M,58,1985,"17,176","23,238",https://www.linkedin.com/company/mcenany-roofing-inc.,"https://www.facebook.com/pages/McEnany+Roofing+%26+Contracting,+Inc./158357110872959",https://www.x.com/bigdogroofer,,,28.0161696,'-82.3598566,Patti,Travis,"Manager, Accounting",ptravis@mcenanyroofing.com
Mch Metal Roofing,4951 E Adamo Dr,Tampa,FL,33605,United States,(813) 450-6386,,,,Roofing contractor,,,,,,,,,,,,27.951256,'-82.403241,,,,
Mendoza Roofing Co,3620 Queen Palm Dr,Tampa,FL,33619,United States,(727) 634-8461,,,,"Roofing contractor, Building firm, Carpenter",,,,,,,,,,,,27.9777932,'-82.3381623,,,,
Mid-atlantic Roofing Supply,9734 Reeves Rd,Tampa,FL,33619,United States,(813) 771-0150,https://www.marsupply.com/find-my-branch/florida/,sdowdy@marsupply.com,Unknown,Roofing supply store,"Mid-Atlantic Roofing Supply specializes in residential and commercial roofing supplies and accessories for projects and customers of all sizes. Since 2010, we’ve taken a different approach to roofing supply. We believe in strong relationships with our clients and vendors.",$82.7 M,135,2010,"50,503","42,423",https://www.linkedin.com/company/midatlanticroofingsupply,,https://www.x.com/roofingmid,https://www.instagram.com/mid_atlantic_roofing_supply,,27.9709004,'-82.3389945,Stephanie,Dowdy,Credit Manager,sdowdy@marsupply.com
Middle Bay Remodel,3411 N 29th St,Tampa,FL,33605,United States,(813) 502-2326,https://www.middlebayconstruction.com/,,,"Roofing contractor, Siding contractor, Window installation service","At Middle Bay Home & Remodel, we’re committed to delivering exceptional construction, expert remodeling, and thoughtfully designed luxury homes that stand the test of time. We provide a full spectrum of services that blend quality, innovation, and personalized care.",,2,2010,,,https://www.linkedin.com/company/middlebayconstruction,,,https://www.instagram.com/middlebayconstruction,,27.9750088,'-82.4277706,,,,
Mighty Dog Roofing Of West Tampa,2202 N Westshore Blvd Suite 200,Tampa,FL,33607,United States,(813) 576-2066,https://www.mightydogroofing.com/west-tampa-fl,us@mightydogroofing.com,,"Roofing contractor, Siding contractor, Window installation service","Mighty Dog Roofing is a roofing contractor specializing in inspections, repairs, and new installations for both residential and commercial properties. Their range of services includes roof repair, replacement, inspection, maintenance, and various exterior solutions such as siding and window installations.",$3.8 M,6,2011,"17,176","23,238",https://www.linkedin.com/company/mighty-dog-roofing,https://www.facebook.com/mightydogroofing,https://www.x.com/mightyroofing,https://www.instagram.com/mightydogroofing,https://www.youtube.com/channel/UCsQjexfW7wJbUeGIaYLa96w,27.9606115,'-82.5249191,,,,
Millard Roofing,6901 S 78th St,Riverview,FL,33578,United States,(813) 661-4522,https://www.millardroofing.com/,warranty@millardroofing.com,,Roofing contractor,"Millard Roofing, Inc. is a trusted roofing contractor in Tampa Bay, specializing in roof replacement and repair since 1996. With over 40 years of expertise, they serve clients in Hillsborough, Hernando, Pasco, and Sarasota Counties, providing high-quality craftsmanship and fair pricing.",$908 K,28,1996,"17,176","23,238",https://www.linkedin.com/company/millard-roofing-inc./posts,https://www.facebook.com/MillardRoofing,,https://www.instagram.com/millardroofingtampa,,27.8786733,'-82.3702831,Brandi,Millard-Noriega,"Vice President, Millard Roofing and Certified Roofing Contractor",brandi@millardroofing.com
Miller Ii Roofing Solutions,2913 W Waters Ave,Tampa,FL,33614,United States,(813) 365-9825,https://www.roofer-tampa.com/,info@roofer-tampa.com,,Roofing contractor,"Three Best Rated® named Larry Miller Roofing as one of 2019s Top 3 Roofing contractors in Tampa, FL . As Tamko Pro Certified and Owens Corning Preferred Contractors with an A+ Rating from the BBB, we are excited to say that Larry Miller Roofing is also now certified as one of the Best Roofing Contractors in Tampa.",$1.3 M,5,2019,"17,176","23,238",,https://facebook.com/tamparoofer,,,,28.0255799,'-82.4904936,,,,
Miller Roofing Group,4010 W Boy Scout Blvd,Tampa,FL,33607,United States,(727) 634-8427,,,,"Roofing contractor, Building firm, Carpenter",,,,,,,,,,,,27.9648885,'-82.5124952,,,,
Mitchell Roofing Company Llc,10150 Highland Manor Dr Suite 200-007,Tampa,FL,33610,United States,(727) 288-4650,https://www.mitchellroofingcompanyllc.com/,mitchellroofingcompanyllc@gmail.com,Unknown,Roofing contractor,"Mitchell Roofing Company is a family-owned and operated roofing business based in St. Petersburg, Florida, specializing in residential roofing services. They offer a comprehensive range of services, including new roof installations, roof repairs, and solar solutions, serving clients across multiple counties in Florida.",$1.8 M,10,2014,"17,176","23,238",,https://www.facebook.com/mitchellroofingcompany,,,,27.9839735,'-82.3325563,,,,
Model City Roofing,501 S Falkenburg Rd Unit D14,Tampa,FL,33619,United States,(813) 538-0008,https://www.modelcityroofing.com/,contactus@modelcityroofing.com,,"Roofing contractor, Contractor, General contractor","Model City Roofing is a trusted roofing company based in Jacksonville, FL, and Kingsport, TN, specializing in both residential and commercial roofing services. They offer a wide range of services including roof installations, repairs, and inspections, prioritizing quality craftsmanship and customer satisfaction.",$1.8 M,14,2016,"17,176","23,238",https://www.linkedin.com/company/model-city-roofing,https://www.facebook.com/modelcityroofing,https://www.x.com/modelcityroof,,,27.9481969,'-82.3370923,Harvey,Haynam,"Director, Florida Operations at & City Roofing Model",harvey@modelcityroofing.com
Morales Roofing Company,16546 N Dale Mabry Hwy,Tampa,FL,33618,United States,(727) 634-8418,,,,"Roofing contractor, Building firm, Carpenter",,,,,,,,,,,,28.1088149,'-82.5047795,,,,
Morgan Exteriors,15915 N Florida Ave,Lutz,FL,33549,United States,(813) 931-4663,https://www.morganexteriorsinc.com/,events@morganexteriorsinc.com,,"Roofing contractor, Kitchen remodeler, Window installation service, Siding contractor","Morgan Exteriors, Inc. is a home remodeling company that services most of Tampa Bay Area. The company is composed of general contractors specialize in Energy Efficient Replacement Windows, Doors, Solid-core Siding, Eaves and overhands, and most exterior improvements.",$13 M,28,1995,"17,176","23,238",https:// https://www.linkedin.com/company/morgan-exteriors-inc,https:// https://www.facebook.com/morganexteriors,https://www.x.com/morganexterior,https:// https://www.instagram.com/morganexteriorsinc/?hl=en,https:// https://www.youtube.com/channel/UCVLeT0fk9OZL6ckm2sTrOYw,28.0960695,'-82.4608546,Lauren,Malta,"Strategic Marketing Leader with Expertise in Brand Building, Demand Generation & Revenue-driving Campaigns",lmalta@morganexteriorsinc.com
Mott's Contracting Services,8418 N Blvd,Tampa,FL,33604,United States,(813) 931-7596,http://mottscontracting.com/,mottscontracting@msn.com,,Construction company,"Motts Contracting Services, Inc. manages all phases of your residential or commercial construction project from concept to completion. We also offer architect and structural engineering services. We specialize in residential remodels and additions, commercial build-outs, interior and exterior painting, roof repair and various speciality services including carpentry, flooring and pavers and handyman-type projects.",$3.7 M,8,1999,"15,152","23,236",https://www.linkedin.com/pub/mott-s-contracting-services/38/673/373,https://www.facebook.com/MottsContracting,https://x.com/MottsTampa,,https://www.youtube.com/channel/UCBUOnzi9pwnKJJNGI_4SRfw,28.0267415,'-82.4680198,Stuart,Alfonso,President,stuart@mottscontracting.com
My Express Handyman,8710 W Hillsborough Ave,Tampa,FL,33615,United States,(813) 603-8500,https://www.myexpresshandyman.com/,,,"General contractor, Bathroom remodeler, Construction company, Demolition contractor, Flooring contractor, Kitchen remodeler, Remodeler","Transforming spaces with precision and speed! My Express Handyman offers top-notch home services and business construction. Your satisfaction, our priority.",,1,2010,,,https://www.linkedin.com/in/my-handyman-express-97a89328b,https://www.facebook.com/myhandymanexpress/photos,,https://www.instagram.com/my_handyman_express,,27.9961256,'-82.5827766,,,,
Native Sons Roofing,601 S Harbour Island Blvd,Tampa,FL,33602,United States,(941) 239-8188,https://www.nativesonsroofing.com/,todd@nativesonsroofing.com,,"Roofing contractor, Construction company, Contractor, Gutter service","Roofing isn’t just about shingles and nails — it’s about protecting what matters most.
At Native Sons Roofing, we take pride in delivering workmanship that stands up to Florida’s toughest weather. From repairs to full replacements, we focus on quality materials, clear communication, and doing the job right the first time.",,4,2019,,,https://www.linkedin.com/company/nativesonsroofing,https://www.facebook.com/nativesonsroofing,,https://www.instagram.com/nativesonsroofing,,27.9387317,'-82.4548937,Todd,Hauser,,todd@nativesonsroofing.com
Navarro Roofing Company,9520 E Dr Martin Luther King Jr Blvd,Tampa,FL,33610,United States,(727) 634-8459,,,,"Roofing contractor, Building firm, Carpenter",,,,,,,,,,,,27.981742,'-82.3418186,,,,
Nema Building Construction,9420 Lazy Ln,Tampa,FL,33614,United States,(727) 494-6402,https://nemabuildingconstruction.com/,,,Construction company,"Full-service construction company in Tampa delivering ground-up builds, renovations, interior finishing, and exterior living solutions.",,,,,,,https://www.facebook.com/nemabuildingconstruction,,https://www.instagram.com/nema_building_construction,,28.0354375,'-82.5102118,,,,
Nevorix Roofing Contractor,7008 S Mascotte St,Tampa,FL,33616,United States,(227) 224-3364,,,,Roofing supply store,,,,,,,,,,,,27.8641544,'-82.5274709,,,,
New Gen Renovations,3805 W Mango Ave B,Tampa,FL,33616,United States,(813) 842-9322,https://newgenreno.com/,,,Remodeler,,,,,,,,,,,,27.875695,'-82.506821,,,,
New Tampa Skyline Roofing Contractors,10203 Goldenbrook Way,Tampa,FL,33647,United States,(813) 303-0856,https://skylineshelterroofingcontractors.com/tampa/,,,Roofing contractor,Professional Roofing Services - Skyline Shelter Roofing Contractors provides professional roofing services. Call (954) 539-2967 for a free estimate.,,,,,,,,,,,28.1496362,'-82.3214279,,,,
Nextden Construction,17737 Esprit Dr,Tampa,FL,33647,United States,(813) 534-5455,http://www.nextden.com/construction,will@nextden.com,,"Roofing contractor, Concrete contractor, Construction company, Electrical engineer, Foundation, Home builder, General contractor, Structural engineer","NextDen is a real estate company located in Tampa, Florida. 
Our company was founded in 2018 with one goal in mind, to help families find their family rooms. 
Our strategy is simple, we donate back part of our commissions to help people who are struggling with finding a place to live.",$5.1 M,3,2018,,,,,,,,28.1282232,'-82.3399661,,,,
Nexus Construction Corp,9801 Lella Ave,Tampa,FL,33615,United States,(813) 586-4641,https://nexusconstructionfl.com/,,,"General contractor, Bathroom remodeler, Flooring contractor, Kitchen remodeler, Painting, Siding contractor, Stucco contractor, Window installation service",Nexus Construction,,,,,,,,,,,28.004483,'-82.5940551,,,,
North American Roofing,6601 E Adamo Dr,Tampa,FL,33619,United States,(813) 437-1508,https://naroofing.com/,service@naroofing.com,,Roofing contractor,"Founded in 1979 and headquartered in Tampa, Florida, North American Roofing provides roofing services. The Company offers roofing installation, site inspection, pre-construction, maintenance, and roofing solution.",$158.5 M,373,1979,"17,176","23,238",https://www.linkedin.com/company/north-american-roofing,https://www.facebook.com/NorthAmericanRoofing,https://www.x.com/na_roofing_,,https://www.youtube.com/user/naroofing,27.9513997,'-82.3807376,Katy,Verble,Vice President,kverble@naroofing.com
Northstar Roofing,3114 N Blvd,Tampa,FL,33603,United States,(727) 634-8387,,,,Roofing contractor,,,,,,,,,,,,27.9723262,'-82.4678896,,,,
Nusens Usa,6710 Benjamin Rd Unit 300,Tampa,FL,33634,United States,(888) 687-8720,https://nusens-usa.com/,terry.k@nusens-usa.com,,Construction company,"Nusens is America’s top interior protection contractor specializing in ceiling containment systems and wall containment systems for industrial, commercial, and institutional construction and re-roofing projects.",,,,,,https://www.linkedin.com/company/nusensusa,https://www.facebook.com/people/Nusens-USA/100090328700386,https://x.com/nusens_usa,https://www.instagram.com/nusens_usa,,28.0087078,'-82.5429748,,,,
Oakbridge Roofing Contractor,3 W Spanish Main St,Tampa,FL,33609,United States,(361) 215-8196,,,,Roofing supply store,,,,,,,,,,,,27.9412015,'-82.5316189,,,,
Oasis Roofing Replacement Tampa Bay,601 S Harbour Island Blvd Suite 113,Tampa,FL,33602,United States,(813) 701-3337,https://www.oasisroofingcompany.com/,,,Roofing contractor,"ROOFING COMPANIES TAMPA BAY ROOFING COMPANY, ROOFERS, ROOF REPAIRS TAMPA ROOFING CONTRACTORS NEAR ME",,,,,,,,,,,27.9387317,'-82.4548937,,,,
Od Jones Roofing,8270 Woodland Center Blvd Suite 531,Tampa,FL,33614,United States,(813) 585-9238,https://odjonesroofing.com/,info@odjonesroofing.com,Unknown,Roofing contractor,,,,,,,,,,,,28.0249323,'-82.5246719,,,,
Omega Roofer Llc,1704 W Erna Dr,Tampa,FL,33603,United States,(813) 629-3868,https://omegaroofer.com/,michael.omegaroofer@gmail.com,Unknown,Contractor,"When your roof needs fast repairs from a proven team, trust the experts at Omega Roofer LLC. Our doors have been open since 2019, and we bring more than a decade of actual experience to each roofing job. Rest assured that whether you need a few repairs or a complete re-roof, we’ll make sure you get what you need.",$730 K,3,2019,"17,176","23,238",https://www.linkedin.com/in/michael-alvarez-803a22171,https://m.facebook.com/Omegaroofer,https://x.com/omegarooferllc/status/1493016859540611072,https://www.instagram.com/omegarooferllc,,27.9856251,'-82.4768989,Michael,Alvarez,Mgr/owner,michael@omegaroofer.com
One Call Construction Services,6600 32nd Ave S,Tampa,FL,33619,United States,(813) 526-3415,,,,"Roofing contractor, Carpenter, Electrician, HVAC contractor, Plumber, General contractor",,,,,,,,,,,,27.9202514,'-82.3821394,,,,
One Source Restoration & Building Services,102 S Armenia Ave,Tampa,FL,33609,United States,(813) 462-9040,https://www.onesourceresto.com/,gregory@onesourceresto.com,,General contractor,"One Source Restoration & Building Services, Inc. offers Commercial Concrete Restoration, Waterproofing, Interior Build-out / Remodel, Pedestrian and Traffic Grade Coatings and more. Our team members have performed work on structures ranging from stadiums, to parking garages to water treatment plants and we remodeled four-star and five-star hotels across the country, including Four Seasons, Crown Plaza, Marriott, and Hilton.",$7.2 M,20,2017,"17,176","23,238",https://www.linkedin.com/company/one-source-home-improvement,https://www.facebook.com/onesourceresto,,,,27.9442033,'-82.4847728,,,,
Onsite Construction & Restoration,1305 N Armenia Ave,Tampa,FL,33607,United States,(813) 394-8783,https://onsiteconstructionfl.com/,ehanner@onsiteconstructionfl.com,,"Construction company, Bathroom remodeler, Building restoration service, Contractor, Custom home builder, Fire damage restoration service, General contractor, Water damage restoration service","Onsite specializes in Custom Residential/ Commercial & Remodel. 
- New Construction 
- Home Additions
- Full Home Restoration
- Remodel kitchen & Baths",$5.4 M,22,2006,"15,152","23,236",https://www.linkedin.com/company/onsite-residential-commercial-construction,https://www.facebook.com/OnsiteContractors,https://www.x.com/onsitetampabay,https://www.instagram.com/onsiteconstructiontampa,,27.9548069,'-82.4848375,Erica,Hanner,Office Manager,ehanner@onsiteconstructionfl.com
Optim Build Group,14902 N Florida Ave,Tampa,FL,33613,United States,(813) 400-1617,https://optimbuildgroup.com/,office@optimbg.com,Unknown,"General contractor, Bathroom remodeler, Dry wall contractor, HVAC contractor, Kitchen remodeler, Stucco contractor","Top-rated general contractor Tampa Bay since 2014. Construction, remodeling, painting, roofing & restoration services. Woman & minority-owned. Free estimate!",,,,,,,,,,,28.084689,'-82.4600956,,,,
Ortega Roofing Services,10285 Windhorst Rd,Tampa,FL,33619,United States,(727) 634-8457,,,,"Roofing contractor, Building firm, Carpenter",,,,,,,,,,,,27.9625284,'-82.3303843,,,,
Orvexa Roofing Contractor,7111 S Trask St,Tampa,FL,33616,United States,(369) 224-8279,,,,Roofing supply store,,,,,,,,,,,,27.8626412,'-82.5228717,,,,
"Orwins Inc Roofing, Restoration And Construction",7820 N 56th St,Tampa,FL,33610,United States,,,,,"Roofing contractor, Contractor, Fire damage restoration service, General contractor, Water damage restoration service",,,,,,,,,,,,28.0186962,'-82.3938094,,,,
Panda Exteriors,4406 W Linebaugh Ave Suite 4,Tampa,FL,33624,United States,(656) 216-0521,https://pandaexteriors.com/,info@pandaexteriors.com,,Roofing contractor,"At Panda Exteriors, were passionate about transforming homes with a smile! We are the bear--when it comes to quality and service. 
Our expert team, backed by 20+ years of experience, delivers top-notch products and installation to make your home shine.",,75,,,,,https://facebook.com/pandaexteriorsofficial,https://x.com/pandaexteriors,https://www.instagram.com/pandaexteriors,https://www.youtube.com/@pandaexteriors,28.0395827,'-82.5174518,,,,
Parker & Sons Roofing,4915 Independence Pkwy,Tampa,FL,33634,United States,(727) 634-8429,,,,"Roofing contractor, Building firm, Carpenter",,,,,,,,,,,,27.9783545,'-82.5491441,,,,
"Pat The Gutter Rat, Llc",1705 W La Salle St,Tampa,FL,33607,United States,(813) 251-0957,https://www.patthegutterrat.com/,pat@patthegutterrat.com,Unknown,Gutter cleaning service,"Pat the Gutter Rat is a full-service company specializing in exterior maintenance for residential homes, commercial properties, and homeowners associations. They focus on maintaining and protecting properties from Floridas extreme weather through services such as seamless gutter installation, drainage system repairs, and infrared inspections.",$1.1 M,6,2017,"17,176","23,238",,https://www.facebook.com/patthegutterrat,,https://www.instagram.com/patthegutterrat,https://www.youtube.com/channel/UCtIsNcm9so_bL03lNs20ojg,27.9551152,'-82.4769424,,,,
Patio Enclosures Sunrooms,8813 Venture Cove,Tampa,FL,33637,United States,(813) 755-4293,https://www.patioenclosures.com/,general@patioenclosures.com,,Sunroom contractor,"Patio Enclosures specializes in custom-designed and manufactured sunrooms, solariums, screen rooms, and enclosed porches. Their product offerings also include replacement windows and various types of outdoor enclosures tailored to meet the unique needs, budgets, and lifestyles of clients.",$68.8 M,225,1998,"34,344","33,332",https://www.linkedin.com/company/patio-enclosures,https://www.facebook.com/patioenclosures,https://www.x.com/patio_enclosure,https://www.instagram.com/patio_enclosures/%20,https://www.youtube.com/user/PatioEnclosures,28.0185997,'-82.3569831,Richard,Meyer,President,richard@patioenclosures.com
Patriot Roofing Solutions,324 S Plant Ave,Tampa,FL,33606,United States,(727) 634-8382,,,,"Roofing contractor, Building firm, Carpenter",,,,,,,,,,,,27.9406505,'-82.4625505,,,,
Paul Davis Restoration Of Tampa,1611 Allison Woods Ln,Tampa,FL,33619,United States,(813) 331-1826,https://tampa.pauldavis.com/,reception@pauldavis.com,Unknown,"Water damage restoration service, Building restoration service, Fire damage restoration service, General contractor","Paul Davis is a franchise organization founded in 1966 that specializes in emergency restoration, reconstruction, and remodeling services. The company provides cleanup and repair solutions for residential and commercial properties damaged by water, fire, mold, storms, or other disasters.",$3.8 B,"6,000",1966,"87,874","23,238",https://www.linkedin.com/company/paul-davis-restoration,https://www.facebook.com/PaulDavisRestorationInc,https://www.x.com/pdrestoration,https://www.instagram.com/pauldavisrestorationinc,https://www.youtube.com/user/PDRestorationInc,27.962116,'-82.3277052,Marcus,Martin,Business Development,marcus.martin@pauldavis.com
Pebblestone Construction & Management Inc.,5045 W Cypress St #4001,Tampa,FL,33607,United States,(656) 212-2112,https://www.pebblestonegroup.com/,info@pebblestonegroup.com,Unknown,"Roofing contractor, Contractor","Professional roofing services for repairs, replacements, and new roof installations. Same-day appointments available. Call (888) 602-1585.",,,,,,,,,,,27.9526648,'-82.5300735,,,,
Peerless Restoration And Construction,1511 W Mohawk Ave,Tampa,FL,33603,United States,(813) 993-2542,https://peerlessflorida.com/,michael@peerlessflorida.com,,"General contractor, Bathroom remodeler, Dry wall contractor, Remodeler, Kitchen remodeler, Siding contractor, Water damage restoration service",Bot Verification,,,,,,,,,,,27.99707,'-82.474753,,,,
Perez Roofing,1709 W Country Club Dr,Tampa,FL,33612,United States,(813) 935-0107,https://perezroofingllc.com/,info@perez-roofing.com,Unknown,Roofing contractor,We deliver high-quality roofing solutions for Commercial and Residential to keep your roofing system safe and secure,,,,,,,https://www.facebook.com/1067862449907880,,,,28.0534888,'-82.4784401,,,,
Phillips Roofing Group Tampa,2601 N Falkenburg Rd,Tampa,FL,33619,United States,(727) 634-8458,,,,"Roofing contractor, Building firm, Carpenter",,,,,,,,,,,,27.9659557,'-82.3348797,,,,
Pink Construction And Engineering,4830 W Kennedy Blvd,Tampa,FL,33609,United States,(813) 725-2060,,,,Construction company,,,,,,,,,,,,27.9442703,'-82.5248408,,,,
Pitch Roofing,12610 Henderson Rd Suite 4 #1024,Tampa,FL,33625,United States,(813) 797-4872,https://pitchroofing.com/,bill@pitchroofing.com,,Roofing contractor,"PITCH Roofing offers roof replacement, repair, and storm damage restoration across Florida. BBB Accredited, Owens Corning Preferred. Free estimates, Call today.",,,,,,https://www.linkedin.com/company/pitch-roofing,https://www.facebook.com/pitch.roof,,https://www.instagram.com/pitchroofing1,https://www.youtube.com/@PitchRoofing,28.0594307,'-82.5499661,,,,
Pittol Solidcore Construction Group Llc,8517 Gunn Hwy,Odessa,FL,33556,United States,(407) 813-8196,https://pittolsolidcore.com/,,,Construction company,Discover solid core fitness with effective core workouts and fitness training to strengthen your body. Join our newsletter for updates!,,,,,,,,,,,28.0882885,'-82.5783145,,,,
Popa Construction,8911 N Mobley Rd,Odessa,FL,33556,United States,(888) 412-4441,https://www.popaconstruction.com/,tpopa@popaconstruction.com,,"Roofing contractor, Bathroom remodeler, Contractor, Electrician, Flooring contractor, Kitchen remodeler, PVC windows supplier, General contractor, Window installation service","POPA CONSTRUCTION, LLC. is a full service construction management and contracting firm based in Tampa, Florida serving Tampa | Orlando | Sarasota | Jacksonville in the Commercial, Residential and REO Construction Industries.

 • Construction management - Acting as an part of the owners team we represents and protects the owners interest 

• Property Preservation - Popa Construction has inspects and preserves hundreds of REO assets throught out Florida and will evaluate and report potential damages or issues and addressed them in a timely and cost-effective manner or fully rehab to improve the asset value.",$1.8 M,5,2014,"15,152","23,236",https://www.linkedin.com/company/popa-construction-llc,https://www.facebook.com/popabuilt,,https://www.instagram.com/popaconstruction,,28.115326,'-82.5853026,Thomas,Popa,Chief Executive Officer,tpopa@popaconstruction.com
"Post Roofing, Inc.",3217 Taragrove Dr,Tampa,FL,33618,United States,(813) 333-1213,https://postroofing.us/,info@postroofing.us,Unknown,Roofing contractor,"Post Roofing, Inc. is a local roofing company committed to providing a comprehensive range of roofing services to residential, commercial, and industrial clients. They specialize in pitched and flat roofing solutions, and offer additional services such as solar installation and attic insulation.",$1.1 M,6,1989,,,,https://www.facebook.com/postroofing1958,,,,28.0749756,'-82.495561,,,,
Prattco Roofing,9316 Merlot Cir,Seffner,FL,33584,United States,(813) 973-4771,https://prattcoroofing.com/,cnp@prattcoroofing.com,,Roofing contractor,"Prattco Roofing is a family-owned business established in 1995, providing affordable and reliable roofing services for both residential and commercial clients in the Tampa Bay area. They are a fully licensed and insured roofing contractor known for delivering high-quality workmanship and excellent materials at reasonable prices.",$5.7 M,14,1995,"17,176","23,238",https://www.linkedin.com/company/prattco-inc,https://www.facebook.com/prattco.roofing,https://www.x.com/prattcocreekway,,,28.027451,'-82.331395,Matthew,Pratt,"Commercial and Development Fire, Security, Burg Consultant",pratt@prattcoroofing.com
Precision Roofing Group,5325 Primrose Lake Cir,Tampa,FL,33647,United States,(727) 634-8373,,,,"Roofing contractor, Building firm, Carpenter",,,,,,,,,,,,28.1308855,'-82.3795766,,,,
Precision Roofing Solutions,1201 E 138th Ave,Tampa,FL,33613,United States,(813) 264-6262,http://www.prstampa.com/,dan@prstampa.com,,Roofing contractor,"Precision Roofing Solutions, Inc. is a family owned and operated business based out of Tampa, Florida. We provide commercial, industrial, office or multi-family building owners with a wide variety of quality roofing solutions, from new construction to retrofits, plus maintenance and consulting services
For more information please visit our website - www.",$1.5 M,1,2009,"17,176","23,238",https://www.linkedin.com/company/precision-roofing-solutions-inc.,,,,,28.0725947,'-82.4468373,Josh,Smith,General Manager,jsmith@prstampa.com
Premier Edge Roofing Tampa Fl,8301 N Dale Mabry Hwy,Tampa,FL,33614,United States,(727) 634-8409,,,,Roofing contractor,,,,,,,,,,,,28.0239846,'-82.5043744,,,,
"Premier Metal Roof Manufacturing, Llc",8820 Maislin Dr,Tampa,FL,33637,United States,(813) 498-4270,https://www.pmroof.com/,eray@pmroof.com,Unknown,Roofing supply store,"Tampa and SW Floridas Premier​ manufacturer of metal roofing systems, with a focus of providing the best service, the best warranties, and the best products, all at super-competitive pricing. 
In an industry where manufacturers prioritize what is convenient for their own operations and delivery schedules, Premier Metal has an unwavering commitment to prioritize customer timelines.",<$5 M,10,2019,"17,176","23,238",https://www.linkedin.com/company/pmroof,,https://apostolicgraphix.com,https://www.instagram.com/premier__metal,,28.0235576,'-82.3556289,Ray,Bowen,President,ray.bowen@pmroof.com
Premier Roofing Guys,6203 Imperial Key,Tampa,FL,33615,United States,(813) 736-7231,https://premierroofingguys.com/tampa-fl/,,,Roofing contractor,,,,,,,,,,,,28.0036795,'-82.6050202,,,,
Premier Shield Roofing Tampa Fl,5223 Orient Rd,Tampa,FL,33610,United States,(727) 634-8340,,,,"Roofing contractor, Building firm, Carpenter",,,,,,,,,,,,27.9930398,'-82.3720483,,,,
Premiere Builders & Remodeling,5103 Memorial Hwy,Tampa,FL,33634,United States,(813) 473-8230,https://premiere-builders.net/,jonathan@premiere-builders.net,Unknown,"Remodeler, Bathroom remodeler, Kitchen remodeler","Premiere Builders & Remodeling is a trusted remodeler based in Tampa, FL, specializing in kitchen remodeling, bathroom upgrades, and full home renovations. They cater to homeowners seeking high-quality renovations with a focus on expert craftsmanship and customer satisfaction.",$475 K,5,2017,,,https://www.linkedin.com/company/premierebuilders,https://www.facebook.com/premierebuildersfl,https://www.x.com/permierbuilders,,,27.9820349,'-82.5521776,,,,
Prime Roof Repair Tampa,610 E Zack St Suite 910,Tampa,FL,33602,United States,(813) 723-5093,https://primeroofrepairtampa.com/,info@primeroofrepairtampa.com,Unknown,Roofing contractor,"At Prime Roof Repair Tampa, we specialize in providing high-quality, dependable roofing services for both residential and commercial clients. Whether youre dealing with a small leak, storm damage, or need a complete roof restoration, our team of skilled professionals is equipped to handle every project with precision and care.",,0,,,,https://www.linkedin.com/company/prime-roof-repair-tampa,,https://x.com/roofrepairtampa,https://www.instagram.com/primeroofrepairtampa,https://www.youtube.com/@PrimeRoofRepairTampa,27.9513528,'-82.4562353,,,,
Primebuild Roofing,6640 Gunn Hwy,Tampa,FL,33625,United States,(727) 634-8378,,,,"Roofing contractor, Building firm, Carpenter",,,,,,,,,,,,28.0651286,'-82.5634631,,,,
Priority Roofing,410 Ware Blvd Suite 814,Tampa,FL,33619,United States,(689) 305-4104,https://priorityroofs.com/location/tampa/,office@priorityroofs.com,,Roofing contractor,"Welcome to Priority Roofing, your premier roofing company! With over 8 years of dedicated service, we’ve earned a reputation for excellence in the industry. As a family-owned business, we understand the importance of a sturdy roof for your home or business.",$390.8 M,307,2016,"17,176","23,238",https://www.linkedin.com/company/priority-contracting-and-roofing,https://www.facebook.com/PriorityContractingandRoofing,https://x.com/PriorityRoofs,https://www.instagram.com/priority_roofs,,27.9468192,'-82.3466213,Tyler,Brittain,Sales Representative,tyler@priorityroofs.com
Proformance Builder Solutions,4490 Eagle Falls Pl,Tampa,FL,33619,United States,(833) 467-7635,https://probld.com/,newconpm@probld.com,,Construction company,"ProFormance Builder Solutions is a leading provider of roofing, siding, house wrap, and soffit & fascia services for the nation’s highest volume home builders. Headquartered in Winter Garden, Florida, ProFormance touches tens of thousands of homes annually across Florida, Georgia, and the Carolinas.",,84,2016,,,https://www.linkedin.com/company/proformance-builder,https://www.facebook.com/probld,,https://www.instagram.com/proformance.builder,https://www.youtube.com/@ProFormanceBuilders,27.9032397,'-82.3892658,Joe,Voigt,,joe.voigt@probld.com
Proline Roofing Co,1120 E Kennedy Blvd,Tampa,FL,33602,United States,(727) 634-8359,,,,"Roofing contractor, Building firm, Carpenter",,,,,,,,,,,,27.9512182,'-82.4476554,,,,
Protech Roofing Llc,4950 W Kennedy Blvd #210,Tampa,FL,33609,United States,(866) 308-2640,https://www.protechroof.net/,,,Roofing contractor,"At Protech Roofing, we specialize in providing high-quality roofing solutions for residential clients, making the entire process easy and accessible. Our experienced team conducts all consultations and sales over the phone, offering a convenient, hassle-free experience from start to finish.",,3,2024,,,,https://facebook.com,https://x.com,https://instagram.com,,27.9444787,'-82.5278424,,,,
Protek Roofing & Solar,6920 E Chelsea St,Tampa,FL,33610,United States,(813) 344-5466,https://protekps.com/,anthonyj@protekps.com,,"Roofing contractor, Solar energy system service","Protek Roofing, Heating, Air Solar has been providing top-notch roofing, HVAC, and solar services in Tampa, FL since 2019. Catering to both residential and commercial clients, they specialize in a range of services including roof repairs, AC installations, and solar panel installations.",$553 K,21,2019,"17,176","23,238",https://www.linkedin.com/company/protek-property-solutions-inc,https://www.facebook.com/protekps,,https://www.instagram.com/protekps,https://www.youtube.com/channel/UCZGfyDL-OrgRieCh5vL3ZDQ/featured,27.9865876,'-82.3764413,Michelle,Delgado,"Manager, Operations",michelled@protekps.com
"Protex Roofing, Llc",10184 Fisher Ave A,Tampa,FL,33619,United States,(813) 654-7663,,,,Roofing contractor,,,,,,,,,,,,27.9588426,'-82.3331857,,,,
Purple Painting And Services Llc,1902 W Main St,Tampa,FL,33607,United States,(813) 638-4663,https://www.purplepaintingfl.com/,,,"Painting, Gutter cleaning service, Pressure washing service, Solar panel maintenance service, Window cleaning service",Professional interior & exterior house painting in Tampa Bay. Licensed & insured. 9-year labor warranty. Free estimates.,,,,,,https://www.linkedin.com/in/purple-painting-and-services-llc-tampa-fl-97904934a,,,https://www.instagram.com/gopurpletampa,https://www.youtube.com/@PurplePaintingandServicesLLC,27.9569463,'-82.4789308,,,,
Qervon Roofing Contractor,7612 S Trask St,Tampa,FL,33616,United States,(445) 324-2650,,,,Roofing supply store,,,,,,,,,,,,27.8562325,'-82.5224259,,,,
Qorvix Roofing Contractor,7714 S Fitzgerald St,Tampa,FL,33616,United States,(816) 437-1022,,,,Roofing supply store,,,,,,,,,,,,27.8548417,'-82.5260019,,,,
Quality Roofing Tampa,4105 W Cayuga St,Tampa,FL,33614,United States,(877) 867-0228,https://www.alliedroofingtampa.com/,admin@alliedroofingtampa.com,,Roofing contractor,"Located Centrally in Tampa, Florida, Allied Roofing provides commercial, sheet metal, waterproofing, and repair  roofing services.",,,,,,,,,,,27.9866549,'-82.5123865,,,,
"Quality Roofing, Inc.",1905 N 40th St,Tampa,FL,33605,United States,(813) 620-4797,https://quality-roofing.com/,tara.cole@quality-roofing.com,Unknown,Roofing contractor,"Quality Roofing, Inc. has been a recognized leader in the roofing industry since 1994 and is a third generation license and state certified roofing and general contracting firm. Qualified in all phases of commercial and residential roofing, the company has built its reputation by exceeding customer satisfaction with the majority of its referrals generated from current and previous customers.",$28.7 M,134,1994,"17,176","23,238",https://www.linkedin.com/company/qrinc,https://www.facebook.com/smithsqualityroofing,https://www.x.com/qualityroofinc,,,27.961175,'-82.4138909,,,,
Qxo,8501 Sabal Industrial Blvd,Tampa,FL,33619,United States,(813) 740-8790,https://locations.qxo.com/FL/Tampa/Tampa-FL-336190/861,info@qxo.com,,"Building materials supplier, Roofing supply store","Headquartered in Greenwich, CT, we specialize in helping contractors, distributors, and suppliers streamline operations, improve efficiency, and grow their businesses with confidence. With deep roots in the building materials sector, we understand the fast-paced demands of commercial and residential roofing.",$9.8 B,"8,000",2002,"50,503","42,423",https://www.linkedin.com/company/qxoinc,https://www.facebook.com/QXOInc,https://x.com/QXOInc,https://www.instagram.com/qxoinc,http://www.youtube.com/@QXOInc.,27.9725258,'-82.3526285,Brandon,Smith,"Regional Director, Operations",bsmith@qxo.com
"R & P Contracting, Inc.",4951 E Adamo Dr # 130,Tampa,FL,33605,United States,(813) 393-1488,,,,"General contractor, Welder",,,,,,,,,,,,27.951314,'-82.4036159,,,,
R M Williams Construction Inc,504 S Moody Ave Suite 106,Tampa,FL,33609,United States,(813) 251-8051,,,,General contractor,,,,,,,,,,,,27.9393405,'-82.4838396,,,,
Rabbit Roofing,3907 W Dr Martin Luther King Jr Blvd,Tampa,FL,33614,United States,(813) 699-7663,https://www.rabbit-roofing.com/,wajid@rabbit-roofing.com,,"Roofing contractor, Gutter service","Rabbit Roofing provides high-quality roofing services to homeowners and businesses across Tampa, Florida. From roof repairs, replacements, and storm damage fixes to full installations, we handle every kind of roofing job with care and expertise. We w",,,,,,,https://www.facebook.com/332254869960036,,https://www.instagram.com/rabbitroofingtampa,,27.981903,'-82.5079124,,,,
Rainier Roofing Llc,5000 N Nebraska Ave,Tampa,FL,33603,United States,(813) 920-9065,https://rainierroofing.com/,service@rainierroofing.com,,Roofing contractor,"Our commitment to completing hours of factory training, our dedication to following industry-leading installation methods and our professional business practices have made us Tampa’s leading roofing company. We’re proud to offer our excellent products, superior services and factory-certified advantages to local communities.",<$5 M,4,2005,"17,176","23,238",https://www.linkedin.com/company/rainier-roofing-llc,https://www.facebook.com/Rainier-Roofing-LLC-305586007026683,,https://www.instagram.com/rainier_roofing_llc,,27.9905361,'-82.4515487,Sameer,Asmar,Principle,sasmar@rainierroofing.com
Rainstorm Roofing,9901 E Fowler Ave Lot E6,Thonotosassa,FL,33592,United States,(813) 848-7944,https://www.rainstormroof.com/,rainstormroof@gmail.com,Unknown,Roofing contractor,"We offer quality roof installation, roof repairs, and roof leak detection all throughout Tampa Bay. We do both Commercial and Residential Roofing.",,,,,,,https://facebook.com/rainstormroofs,,https://instagram.com/rainstormroofing,,28.0532228,'-82.3233889,,,,
Ramcon Roofing,5902 Breckenridge Pkwy,Tampa,FL,33610,United States,(813) 663-9667,https://www.ramconroofing.com/,support@ramconroofing.com,Unknown,"Roofing contractor, Sheet metal contractor","RAMCON, founded in 2002 and headquartered in Tampa, Florida, is a full-service commercial, industrial, and institutional roofing contractor.",$159.1 M,250,2002,"17,176","23,238",https://www.linkedin.com/company/ramcon_2,https://www.facebook.com/pages/Ramcon-Roofing/523914087669239,https://x.com/RAMCON_Roofing,,,27.9996732,'-82.3600701,Kayla,English,Customer Service Representative,kenglish@ramconroofing.com
Ramirez Family Roofing Tampa Fl,5405 Boran Pl,Tampa,FL,33610,United States,(727) 634-8335,,,,"Roofing contractor, Building firm, Carpenter",,,,,,,,,,,,27.999078,'-82.387813,,,,
Ramos Roofing & Construction,9204 King Palm Dr,Tampa,FL,33619,United States,(727) 634-8455,,,,"Roofing contractor, Building firm, Carpenter",,,,,,,,,,,,27.9770722,'-82.3500283,,,,
Rapid Recovery Team Tampa Llc,17425 Bridge Hill Ct Ste 100,Tampa,FL,33647,United States,(813) 934-1911,https://www.rapidrecoveryteamtampa.com/,,,Water damage restoration service,"Rapid Recovery Team Tampa offers expert damage restoration services Florida. 24/7 response for water, fire & mold damage recovery.",,,,,,,https://www.facebook.com/people/Rapid-Recovery-Team-Tampa/61573699989537,https://x.com/RapidTampa247,https://www.instagram.com/rapidrecoveryteamtampa,https://www.youtube.com/@rapidrecovery7673,28.1288931,'-82.3807414,,,,
Rdg Design & Builders,2007 W Busch Blvd,Tampa,FL,33612,United States,(813) 769-9508,https://www.rdgdesignandbuilders.com/,rdg@rdgdesignandbuilders.com,,Construction company,"RDG Design and Builders, Inc. is a flexible and innovative developer specializing in residential and commercial property in the Tampa area. The company focuses on delivering cost-effective design and construction solutions tailored to the specific needs of its clients.",$3.6 M,4,2017,"15,152","23,236",https://www.linkedin.com/company/rdg-design-and-builders-inc.,,,,,28.0336305,'-82.4795867,,,,
Ready Roofing Pros,401 E Palm Ave,Tampa,FL,33602,United States,(813) 304-7994,https://readyroofingpros.com/,info@readyroofingpros.com,Unknown,Roofing contractor,Top-Quality Roofing Solutions,,,,,,https://www.linkedin.com/in/ready-roofing-pros-4572842b8,https://www.facebook.com/readyroofingpros,,https://www.instagram.com/readyroofingpros,,27.9620488,'-82.4563622,,,,
Red Roof Men,5205 Colfax Pl,Seffner,FL,33584,United States,(813) 760-6360,,,,Roofing contractor,,,,,,,,,,,,27.9922067,'-82.3083999,,,,
Red Sky,3031 N Rocky Point Dr W Suite 600,Tampa,FL,33607,United States,(813) 867-0320,https://redskywindows.com/,,,"Roofing contractor, Aluminum window, Door supplier, PVC windows supplier, Window installation service, Siding contractor, Window supplier",,,,,,,,,,,,27.9692466,'-82.5686115,,,,
Red Truck Roofing,8517 Gunn Hwy,Odessa,FL,33556,United States,(813) 733-8725,https://redtruckroofing.com/,gunner@redtruckroofing.com,,Roofing contractor,"Red Truck Roofing is a company that operates in the Construction industry. It employs 6-10 people and has $0M-$1M of revenue. The company is headquartered in Tampa, Florida.",<$5 M,<25,,"17,176","23,238",,https://www.facebook.com/RedTruckRoofingCo,,https://www.instagram.com/redtruckroofingco,,28.0882885,'-82.5783145,,,,
Redrock Roofing Contractor,4717 W Alline Ave,Tampa,FL,33611,United States,(562) 327-4688,,,,Roofing supply store,,,,,,,,,,,,27.8991883,'-82.5262588,,,,
Reece Windows & Doors,4917 Ehrlich Rd Suite# 200,Tampa,FL,33624,United States,(954) 371-0083,https://reecewindows.com/tampa/,us@reecewindows.com,,"Window installation service, Door shop, Door supplier","Reece Windows & Doors specializes in providing high-quality replacement windows and exterior doors, focusing on impact resistance and energy efficiency. They cater to homeowners across Florida, addressing the unique challenges posed by the local climate.",$689 K,9,1999,"17,179","23,238",,https://www.facebook.com/ReeceWindows,https://x.com/ReeceWindows,https://www.instagram.com/reecewindows,,28.0850848,'-82.5313456,Alex,Cocco,"Director, Territory",alex.cocco@reecewindows.com
Reliable Choice Roofing,4608 N Nebraska Ave,Tampa,FL,33603,United States,(727) 634-8353,,,,"Roofing contractor, Building firm, Carpenter",,,,,,,,,,,,27.9877115,'-82.4514617,,,,
Reliable Roof Systems,16546 N Dale Mabry Hwy,Tampa,FL,33618,United States,(727) 634-8399,,,,"Roofing contractor, Building firm, Carpenter",,,,,,,,,,,,28.1088149,'-82.5047795,,,,
"Renaissance Patio Products | Patio Covers, Patio Roofing, Pergolas, Screen Rooms & Sunrooms",9507 N Trask St B,Tampa,FL,33624,United States,(813) 296-6516,https://www.renaissancepatio.com/where-we-work/tampa-hillsborough-county/,chrisnoe@renaissancepatio.com,,"Roofing contractor, Carport and pergola builder, Gazebo builder, Patio enclosure supplier, Sunroom contractor","Create Your Dream Patio Welcome to Renaissance Patio Products, we design and manufacture the strongest and most beautiful line of: Patio Covers Patio Roofing Screen Rooms Pergolas Gazebos Sunrooms And thanks to our network of independent installers, you can have any one of our products installed at the click of a mouse!",$21.9 M,321,2004,"34,344","33,332",https://www.linkedin.com/company/renaissance-patio,https://www.facebook.com/RenaissancePatioProducts,,https://www.instagram.com/renaissancepatioproducts,https://www.youtube.com/channel/UCggNg1XCwojGQdZMyuGfSsA/playlists,28.0372905,'-82.5207787,Christopher,Noe,"I Make Selling & Building Patios Simple | Fast-build Patio Systems for Sales-driven Remodelers | Installs in 2 Days, Not 2 Weeks | 3d Design ���…",cnoe@renaissancepatio.com
Renuity Home Improvement Of Tampa,5910 Benjamin Center Dr Suite 110,Tampa,FL,33634,United States,(813) 822-4105,https://renuityhome.com/florida/tampa-fl/,website@renuityhome.com,,"Roofing contractor, General contractor, Kitchen remodeler, Remodeler, Window installation service","With Renuity’s certified local home improvement providers throughout the U.S., we combine the best of renovation expertise, local know-how, and collaborative project management services to ensure you have peace of mind along the way and at the finish line.",$1.7 B,1478,2019,"15,152","23,236",https://www.linkedin.com/company/renuityhome,https://www.facebook.com/RenuityHomeLLC,https://www.x.com/renuityhome,https://www.instagram.com/renuityhome,https://www.youtube.com/@RenuityHome-qi1te,28.0060417,'-82.540777,Andrea,Cordova,Division President,acordova@renuityhome.com
Restoration 1 Of Tampa Bay,333 N Falkenburg Rd C-307,Tampa,FL,33619,United States,(813) 710-5129,https://restoration1.com/tampa-bay,it@restoration1.com,,"Water damage restoration service, Building restoration service, Fire damage restoration service, General contractor, Waste management service","Founded in 2008 and headquartered in Dallas, Texas, Restoration 1 is a franchising company that focuses on the restoration and repair of homes and other building types. The company has locations all over the United States.",$7.4 M,18,2008,"72,721","81,811",https://www.linkedin.com/company/restoration-1-headquarters,https://www.facebook.com/Restoration1Headquarters,https://x.com/@Restoration1HDQ,,,27.954597,'-82.3344035,Tim,Downs,Owner and President,tim.d@restoration1.com
Revival Roofing Systems,7036 W Hillsborough Ave,Tampa,FL,33634,United States,(813) 921-8069,,,,Roofing contractor,,,,,,,,,,,,27.996059,'-82.560589,,,,
Reynolds Roofing Company,3810 N 56th St,Tampa,FL,33619,United States,(727) 634-8433,,,,"Roofing contractor, Building firm, Carpenter",,,,,,,,,,,,27.9804152,'-82.3938997,,,,
Rfh Construction,1100 S 56th St Unit 4-i,Tampa,FL,33619,United States,(813) 260-0046,https://restoringfloridahomes.com/,robert@restoringfloridahomes.com,,General contractor,"Tampa Bays Exterior Remodeling Contractor specializes in exterior home improvements, offering services such as sunroom and screenroom construction, as well as soffit and fascia installations. The company caters to homeowners looking to enhance their outdoor living spaces and improve the overall aesthetic of their properties.",$1.2 M,7,2013,"15,152","23,236",,,https://www.x.com/rfh2011,,,27.9547077,'-82.4022825,Robert,Hoskinson,President,robert@restoringfloridahomes.com
"Ricky Johnson Roofing, Inc.",3505 N 10th St,Tampa,FL,33605,United States,(813) 248-5103,,,,Roofing contractor,,,,,,,,,,,,27.979145,'-82.4471951,,,,
Rig Roofing - Tampa,1503 Us-301 Suite #1,Tampa,FL,33619,United States,(863) 294-4477,https://rigroofing.com/tampa,contact@rigroofing.com,,Roofing contractor,"RIG is proud to provide a high quality roof installation and roof repairs throughout the Central Florida area. Our home office is in Winter Haven, Florida; with a franchise office in Windermere, FL and satellite offices in Tampa, FL & Lakeland, FL. We are currently franchising nationwide.",$1.1 M,11,2005,"17,176","23,238",https://www.linkedin.com/company/rigroofing,https://www.facebook.com/mansfieldfamilyvaluesmagazine,https://www.x.com/rigroofing,,,27.9326346,'-82.3533917,James,Curtis,,james@rigroofing.com
Rock Solid Construction,5700 Memorial Hwy,Tampa,FL,33615,United States,(813) 252-0509,https://rock-solid-construction.com/contact-us,sasha@rock-solid-construction.com,Unknown,Contractor,"Rock-Solid-Construction specializes in residential remodeling and custom pool construction, providing services throughout Florida since 2005. The company caters to both large and small projects, ensuring quality work and seamless communication with clients.",$1.9 M,16,2005,,,,,,,,27.9812767,'-82.5654644,,,,
"Roof Doc, Inc.",5700 Memorial Hwy Suite 122,Tampa,FL,33615,United States,(813) 802-0112,https://roofdocinc.com/,flroofdocinc@gmail.com,Unknown,Roofing contractor,"Roof Doc, Inc. is a leading roofing contractor based in West Central Florida, specializing in residential, multi-unit, and commercial roofing services. With over eight years of experience, they offer a comprehensive range of services including inspections, repairs, preventive maintenance, and full roof replacements using various materials.",$1.2 M,6,2016,"17,176","23,238",,https://www.facebook.com/RoofDoc1nc,,https://www.instagram.com/roof_doc_inc,,27.981629,'-82.565245,,,,
Roof Fixie,223 N 12th St,Tampa,FL,33602,United States,(813) 565-2479,https://roof-fixie.ueniweb.com/,hello@dlselectrical.com,,Roofing contractor,"Corretora de seguros especializada em benefícios corporativos, Seguros de Vida em Grupo, Planos de Saúde, Planos Odontológicos, Vales Alimentação, Refeição, Combustível.
Com foco de atuação em empresas que buscam a redução de custos e opções para proteção e segurança de seus colaboradores, além de um atendimento diferenciado e mais próximo do cliente.",$5.6 M,3,2017,"73,737","81,811",https://www.linkedin.com/company/ueni-ltd,https://www.facebook.com/ueniltd,https://x.com/ueniltd,https://www.instagram.com/ueni.ltd,https://www.youtube.com/channel/UC8fBh12eIVelFUDWpRp556g,27.949946,'-82.446232,,,,
Roof Go Roofing Services Llc,6390 N 34th St,Tampa,FL,33610,United States,(239) 508-6262,,,,Roofing contractor,,,,,,,,,,,,28.0050663,'-82.4225075,,,,
Roof Hugger Inc,142 Whitaker Rd B,Lutz,FL,33549,United States,(800) 771-1711,https://www.roofhugger.com/,info@roofhugger.com,,"Roofing contractor, Metal fabricator, Metal stamping service","Roof Hugger specializes in retrofit systems that enable the installation of a new metal roof over existing roofs, ensuring cost-effectiveness and compliance with building codes. Their products are designed for building owners, contractors, and design professionals, offering minimal disruption and enhanced structural integrity.",$1.1 M,6,1991,"17,176","23,238",https://www.linkedin.com/company/2630648,https://www.facebook.com/roofhugger,https://www.x.com/roofhugger,,https://www.youtube.com/watch,28.11834,'-82.4609309,D.j,Highnote,Product Advisor and Vice President,dhighnote@roofhugger.com
Roof Of The Village Llc,4018 Riverhills Dr,Tampa,FL,33617,United States,,https://hvaccontractor.site/,,,Roofing contractor,"HVAC Contractor Affiliated LLC provides expert heating, cooling, and ventilation services. We specialize in HVAC installation, repair, and maintenance for homes and businesses, ensuring year-round comfort and efficiency.",,,,,,,https://www.facebook.com,https://x.com,https://www.instagram.com,,28.0218022,'-82.4137986,,,,
Roof Panda Llc,4726 N Lois Ave Unit B,Tampa,FL,33614,United States,(813) 295-7663,https://www.theroofpanda.com/,info@theroofpanda.com,Unknown,Roofing contractor,"Call Roof Panda at (813) 295-7663 for 24/7 Roof Repair in Tampa, FL, or for a Free Estimate for Roof Installation, Replacement, and Leak Repairs.",,,,,,,https://www.facebook.com/roofpanda,,https://www.instagram.com/theroofpanda,,27.9886619,'-82.5138905,,,,
Roof Rx,405 S Dale Mabry Hwy #401,Tampa,FL,33609,United States,(813) 402-0883,,,,"Roofing contractor, Skylight contractor",,,,,,,,,,,,27.9409145,'-82.5061182,,,,
Roof X,1512 Mckay Bay Ct Suite 1,Tampa,FL,33619,United States,(813) 590-1124,https://roofxincfl.com/,inquiries@roofxincfl.com,,"Roofing contractor, Construction company, General contractor, Gutter cleaning service","Roof X is a nationally licensed and certified roofing company committed to providing continuity to a legacy of generations passionate for roofing specialty. We are a team with over 50 years of experience in the roofing, sales and customer service arena.",$5.8 M,14,2015,"17,176","23,238",https://www.linkedin.com/company/roofx,https://www.facebook.com/roofgurus,https://www.x.com/roofgurus,,,27.956664,'-82.3758164,,,,
Roofelite,19002 1st St Sw,Lutz,FL,33548,United States,(833) 553-5483,https://roof-elite.com/,info@roof-elite.com,Unknown,"Roofing contractor, Solar energy company","RoofElite is one of the highest rated roofing companies delivering expert roofing solutions to both residential and commercial clients across Central Florida. As fully licensed and insured professionals, we take pride in being trusted licensed roofers near you who specialize in metal, shingle, tile, and flat roof installations.",,2,,,,,https://www.facebook.com/people/RoofElite/61558357045622,,https://www.instagram.com/RoofEliteFL,https://www.youtube.com/@Roof-Elite,28.1504122,'-82.4625403,,,,
Roofin Ron,1703 W Sligh Ave,Tampa,FL,33604,United States,(941) 756-3533,https://roofinroninc.com/contact-us.html,info@roofinroninc.com,Unknown,Roofing contractor,#1 Roofing Company Tampa: Best Contractor Metal Tile Roof Repairs Commercial Residential FL Florida Ron,,,,,,,,,,,28.0109523,'-82.4766783,,,,
Roofing Contractors Tampa Squad,600 N Westshore Blvd #981,Tampa,FL,33609,United States,(813) 939-8330,https://roofingcontractorstampasquad.com/,,,Roofing contractor,Toggle Menu,,,,,,,,,,,27.9509349,'-82.5249815,,,,
"Roofing Contractors Tampa, Five Star Roofing And Construction, Roof Repair, Asphalt Shingles",9340 N Florida Ave Suite I,Tampa,FL,33612,United States,(800) 661-4026,https://fivestarroofingconstruction.com/,info@fivestarroofingconstruction.com,Unknown,Roofing contractor,"Five Star Roofing and Construction is your Top-Rated Roofing Contractors in Tampa and Orlando. For expert Shingles and Roof Repair, call (800) 661-4026.",,,,,,,,,,,28.0351094,'-82.4601744,,,,
Roofing Pros Usa,8875 Hidden River Pkwy Suite 300,Tampa,FL,33637,United States,(813) 252-1662,https://roofingprosusa-fl.com/location/roofing-contractor-tampa-fl/,,,Roofing contractor,"Floridas trusted roofing contractors for shingle, metal, tile & storm damage repairs. Licensed, insured & serving all of FL. Free inspection!",,,,,,,,,,,28.0720014,'-82.3595562,,,,
Roofing Ramirez Llc,2020 Balfour Cir,Tampa,FL,33619,United States,,https://roofingcontractorusa.site/,,,Roofing supply store,Reliable Roofing Services You Can Trust Providing high-quality roofing solutions for homes and businesses with unparalleled expertise and customer service. Get,,,,,,,,,,,27.9288155,'-82.3747177,,,,
Roofing Repairs Tampa,2103 E Fletcher Ave,Tampa,FL,33612,United States,(719) 888-6508,https://tampa-roofing-repairs.ueniweb.com/,hello@dlselectrical.com,,Roofing contractor,"Corretora de seguros especializada em benefícios corporativos, Seguros de Vida em Grupo, Planos de Saúde, Planos Odontológicos, Vales Alimentação, Refeição, Combustível.
Com foco de atuação em empresas que buscam a redução de custos e opções para proteção e segurança de seus colaboradores, além de um atendimento diferenciado e mais próximo do cliente.",$5.6 M,3,2017,"73,737","81,811",https://www.linkedin.com/company/ueni-ltd,https://www.facebook.com/ueniltd,https://x.com/ueniltd,https://www.instagram.com/ueni.ltd,https://www.youtube.com/channel/UC8fBh12eIVelFUDWpRp556g,28.0690593,'-82.4350405,,,,
Roofing Soldier Llc,1319 Us-301,Tampa,FL,33619,United States,,,,,Roofing contractor,,,,,,,,,,,,27.935319,'-82.353456,,,,
"Roofsmith Of Tampa Bay, Inc.",5013 Tampa W Blvd,Tampa,FL,33634,United States,(813) 419-0502,https://www.myroofsmith.com/,sales@myroofsmith.com,,Roofing contractor,"With over 50 years of experience in the industry, RoofSmith is recognized as the premiere roofing specialist in the Tampa Bay area. The principles of RoofSmith are dedicated to making your experience stress free and cost effective. We understand the importance of our products and how the right choices affect the lifespan of your roofing system.",$3 M,10,,"17,176","23,238",https://www.linkedin.com/company/myroofsmith,,,,,28.0182995,'-82.528538,Kelek,Pineda,,kpineda@myroofsmith.com
Rooring Apex Roofing Llc,5506 E Longboat Blvd,Tampa,FL,33615,United States,(855) 321-3623,,,,Roofing contractor,,,,,,,,,,,,27.9930592,'-82.6011752,,,,
Rooted Re Llc,304 W Curtis St,Tampa,FL,33603,United States,,,,,Roofing contractor,,,,,,,,,,,,27.9878777,'-82.4623707,,,,
Rossi Construction,6708 Benjamin Rd Suite 400,Tampa,FL,33634,United States,(813) 436-0177,https://www.jrossiconstruction.com/,jason@jrossiconstruction.com,,Construction company,"Rossi Construction is a prominent construction and renovation company based in the Tampa Bay area, specializing in both residential and commercial projects. Their range of services includes new builds, remodeling, and design-build solutions tailored to meet client needs.",$2.7 M,13,1979,"15,152","23,236",https://www.linkedin.com/company/rossi-construction-inc.,https://www.facebook.com/rossiconstruction,https://www.x.com/rossiconst,https://www.instagram.com/rossiconstruction,https://www.youtube.com/channel/UCe6StMQ0A_nKz58VuRAYvyQ,28.0084513,'-82.5423189,Robert,Zang,Account Manager,rzang@jrossiconstruction.com
Rpgs Roofing Llc,1617 E 97th Ave,Tampa,FL,33612,United States,(813) 220-1821,https://rpgsroofing.com/,,,"Roofing contractor, Painter",rpgsroofing.com,,,,,,,,,https://www.instagram.com/rpgsroofing,,28.0370326,'-82.4401738,,,,
Rrca - Roofing & Reconstruction Contractors Of America,18424 Livingston Ave #2,Lutz,FL,33559,United States,(727) 591-7742,https://rrcausa.com/,renee.lasher@rrcausa.com,Unknown,Roofing contractor,Roofing & Reconstruction Contractors Of America LLC first opened in 1993. RRCA are a one-stop for the best commercial & residential roofing restoration services. RRCA specializes in professional roof restoration after wind & hail storms for both residential & commercial.,$238.7 M,375,1993,"17,176","23,238",https://www.linkedin.com/company/rrca,https://www.facebook.com/rrcanation,,,,28.1416142,'-82.4311919,Lee,Haight,President,lee.haight@rrcausa.com
Rubicon General Contractors,5946 Benjamin Rd,Tampa,FL,33634,United States,(813) 882-4513,http://www.rubicongcllc.com/,angelica@rubicongcllc.com,,General contractor,"Rubicon General Contractors LLC is a full-service commercial general contractor based in Florida, with offices in Tampa and Orlando. They specialize in tenant improvement projects and have expanded their expertise to include ground-up commercial, GSA, healthcare, and commercial base building renovations.",$7 M,32,2013,"15,154","23,236",https://www.linkedin.com/company/rubicon-general-contractors-llc,https://www.facebook.com/rubicongcllc,,,,28.0013527,'-82.542374,Marlon,Obregon,Project Manager,mobregon@rubicongcllc.com
"Rubio Home Inspection, Llc",16350 Bruce B Downs Blvd,Tampa,FL,33647,United States,(813) 724-5679,https://rubiohomeinspection.co/,leonardomrubio@rubiohomeinspection.co,Unknown,Home inspector,"Rubio Home Inspection, LLC is a licensed home inspection company based in Valrico, FL, providing comprehensive inspection services including full home, four point, and termite inspections in the greater Tampa Bay area. Their target clientele includes homebuyers, sellers, and homeowners needing assessments for insurance or refinancing purposes.",$587 K,2,,"73,738","54,541",,,,,,28.1124753,'-82.3853424,,,,
Ruiz Roofing Services,5401 W Kennedy Blvd,Tampa,FL,33609,United States,(727) 634-8448,,,,Roofing contractor,,,,,,,,,,,,27.9457407,'-82.5345427,,,,
"Rycars Construction, Llc",501 E Kennedy Blvd Suite 1400,Tampa,FL,33602,United States,(813) 778-7360,https://rycars.com/,email@rycars.com,,"Roofing contractor, Sheet metal contractor","RYCARS Construction is a commercial roofing company that provides a range of services including roof replacement, repair, and maintenance for business owners and government organizations. With locations in New Orleans, Atlanta, Austin, and Tampa, they are known for their quality-driven approach and have worked on high-profile projects such as the NASA Johnson Space Center.",$11.8 M,28,2002,"17,176","23,238",https://www.linkedin.com/company/rycars-construction-llc,https://www.facebook.com/rycarsconstruction,,,,27.9479064,'-82.4556005,Meri,Gates,Contract Administrator & It Administrator,mgates@rycars.com
Safebay Roofing & Construction Inc,5811 Memorial Hwy Suite 104,Tampa,FL,33615,United States,(813) 249-5003,https://safebayroofing.com/,,,Roofing contractor,"SafeBay Roofing provides roofing services including installation, upgrades, and repair, ensuring that homes have reliable protection against the elements. They offer a range of roofing compositions and environmentally friendly options tailored to client needs.",$1.6 M,15,,"17,176","23,238",,,,,,27.9838381,'-82.5676873,,,,
"San Marco Builders, Inc.",5418 W Ingraham St,Tampa,FL,33616,United States,(813) 333-8511,,,,Contractor,,,,,,,,,,,,27.8620415,'-82.5348595,,,,
Santos Roofing & Repair,601 S Harbour Island Blvd,Tampa,FL,33602,United States,(727) 634-8432,,,,"Roofing contractor, Building firm, Carpenter",,,,,,,,,,,,27.9387317,'-82.4548937,,,,
Savitara Roofing Contractors | Tampa,6907 N Gunlock Ave,Tampa,FL,33614,United States,(407) 427-2098,http://www.savitara.com/,info@savitara.com,Unknown,Roofing contractor,"SAVITARA General Contractors and Roofing Contractors in Orlando is a licensed and insured Florida State Certified General Contractor and Roofing Contractor with Design Build capabilities.
The Savitara general and roofing contractors in Orlando were established to respond to an increasing demand for honest and responsible contractors,consultants,and construction managers, and roofing contractors in Orlando.",,1,2007,,,https://www.linkedin.com/company/savitara,,,,,28.0113987,'-82.4997595,,,,
"Scm Roofing, Llc",13909 N Dale Mabry Hwy,Tampa,FL,33618,United States,(855) 726-7663,https://scmroofingfl.com/,website@scmroofingfl.com,,Roofing contractor,"SCM Roofing, LLC is a GAF Factory Certified Master Elite roofing contractor serving residential and commercial clients in Central Florida. The company offers a wide range of roofing services including installation, repairs, and inspections, focusing on both durability and aesthetics.",$2.6 M,9,2013,"17,176","23,238",https://www.linkedin.com/company/scm-construction-&-roofing-of-florida,https://www.facebook.com/scmroofingfl,,,,28.073823,'-82.5060424,Jason,Nicholas,Project Manager,jason@scmroofingfl.com
"Scott King Contracting, Inc.",4113 W Watrous Ave,Tampa,FL,33629,United States,(813) 833-5592,http://www.scottkingbuiltit.com/,scott@scottkingbuiltit.com,Unknown,Construction company,,,,,,,,,,,,27.9323106,'-82.5136009,,,,
Scott Post Construction,14320 N Blvd,Tampa,FL,33613,United States,(813) 504-5007,,,,Roofing contractor,,,,,,,,,,,,28.07754,'-82.4679666,,,,
Semper Solaris,501 S Falkenburg Rd Suite D 11,Tampa,FL,33619,United States,(813) 534-6062,https://florida.sempersolaris.com/locations/tampa/,sales@sempersolaris.com,,"Roofing contractor, HVAC contractor, Solar energy company","Founded in 2012, Semper Solaris provides solar, battery storage, roofing, heating, and air conditioning products for a growing customer base. The company is headquartered in El Cajon, California. (Private company)",$415.0 M,4,2012,"49,491","22,221",https://www.linkedin.com/company/semper-solaris,https://www.facebook.com/sempersolaris,https://www.x.com/sempersolarisco,,,27.9481988,'-82.3366266,David,Fox,,dfox@sempersolaris.com
Service Pro Roofing,8267 Causeway Blvd Unit F,Tampa,FL,33619,United States,(813) 645-7700,https://serviceproroofing.com/tampa/,info@serviceproroofing.com,,"Roofing contractor, Contractor, General contractor","High-quality roofing services from our expert roofing company across Tampa, guaranteeing your peace of mind with every shingle. Contact us now!",,,,,,,https://www.facebook.com/people/Service-Pro-Roofing-LLC/61578322814741,,https://www.instagram.com/serviceproroofing,,27.922001,'-82.3627874,,,,
Service Works Commercial Roofing,5423 N 59th St,Tampa,FL,33610,United States,(813) 626-7717,https://www.serviceworksroofing.com/,contact@serviceworksroofing.com,,Roofing contractor,"Service Works Roofing is a full service roofing contractor specializing in 24/7 leak repairs, preventative maintenance programs to extend the useful life of a existing roof system, and complete reroofing. We are authorized applicators for all the major manufactures including Firestone, GAF, Siplast, FiberTite, and more.",$9.3 M,28,2004,"17,176","23,238",https://www.linkedin.com/company/service-works-commercial-roofing-inc-/people,https://www.facebook.com/ServiceWorksRoofing,,,,27.9986401,'-82.3893541,Jason,Willis,President,j.willis@serviceworksroofing.com
Servpro Of New Tampa,5331 Primrose Lake Cir Ste 129,Tampa,FL,33647,United States,(813) 540-0073,https://www.servpro.com/locations/fl/servpro-of-new-tampa,sales@servpro.com,,"Roofing contractor, Air duct cleaning service, Building restoration service, Carpet cleaning service, Cleaners, Crime victim service, Debris removal service, Fire damage restoration service, Water damage restoration service, Waste management service",Fire and Water-Cleanup and Restoration,$813 K,6,,"58,581","81,811",https://www.linkedin.com/company/servpro-industries,https://www.facebook.com/SERVPRO,https://x.com/servpro,,https://www.youtube.com/user/SERVPROCorporate,28.1299063,'-82.3799558,Tim,Schroeder,Senior Developer & Salesforce Administrator,tschroeder@servpro.com
Servpro Of Oldsmar/westchase,12802 Dupont Cir,Tampa,FL,33626,United States,(813) 543-0053,https://www.servpro.com/locations/fl/servpro-of-oldsmar-westchase,sales@servpro.com,,"Water damage restoration service, Air duct cleaning service, Building restoration service, Carpet cleaning service, Cleaners, Crime victim service, Debris removal service, Fire damage restoration service, Waste management service",Fire and Water-Cleanup and Restoration,$813 K,6,,"58,581","81,811",https://www.linkedin.com/company/servpro-industries,https://www.facebook.com/SERVPRO,https://x.com/servpro,,https://www.youtube.com/user/SERVPROCorporate,28.0586001,'-82.6481212,,,,
"Servpro Of South Tampa, Channelside",6002 S Dale Mabry Hwy,Tampa,FL,33611,United States,(813) 937-1279,https://www.servpro.com/locations/fl/servpro-of-south-tampa-channelside,sales@servpro.com,,"Roofing contractor, Air duct cleaning service, Building restoration service, Carpet cleaning service, Cleaners, Crime victim service, Debris removal service, Fire damage restoration service, Water damage restoration service, Waste management service",Fire and Water-Cleanup and Restoration,$813 K,6,,"58,581","81,811",https://www.linkedin.com/company/servpro-industries,https://www.facebook.com/SERVPRO,https://x.com/servpro,,https://www.youtube.com/user/SERVPROCorporate,27.880824,'-82.506018,,,,
"Servpro Of Tampa East Central, Temple Terrace",7402 N 56th St Suite 100p,Tampa,FL,33617,United States,(813) 540-0266,https://www.servpro.com/locations/fl/servpro-of-tampa-east-central-temple-terrace,sales@servpro.com,,"Water damage restoration service, Air duct cleaning service, Building restoration service, Carpet cleaning service, Cleaners, Construction company, Crime victim service, Debris removal service, Fire damage restoration service, Waste management service",Fire and Water-Cleanup and Restoration,$813 K,6,,"58,581","81,811",https://www.linkedin.com/company/servpro-industries,https://www.facebook.com/SERVPRO,https://x.com/servpro,,https://www.youtube.com/user/SERVPROCorporate,28.0145715,'-82.3952707,,,,
Servpro Of Tampa Southeast,5409 E Henry Ave Suite 1003,Tampa,FL,33610,United States,(813) 945-7555,https://www.servpro.com/locations/fl/servpro-of-tampa-southeast,sales@servpro.com,,"Roofing contractor, Air duct cleaning service, Building restoration service, Carpet cleaning service, Cleaners, Crime victim service, Debris removal service, Fire damage restoration service, Water damage restoration service, Waste management service",Fire and Water-Cleanup and Restoration,$813 K,6,,"58,581","81,811",https://www.linkedin.com/company/servpro-industries,https://www.facebook.com/SERVPRO,https://x.com/servpro,,https://www.youtube.com/user/SERVPROCorporate,27.999249,'-82.3951782,,,,
Servpro Of West Tampa,3030 N Rocky Point Dr,Tampa,FL,33607,United States,(813) 540-0141,https://www.servpro.com/locations/fl/servpro-of-west-tampa,sales@servpro.com,,"Roofing contractor, Air duct cleaning service, Building restoration service, Carpet cleaning service, Cleaners, Crime victim service, Debris removal service, Fire damage restoration service, Water damage restoration service, Waste management service",Fire and Water-Cleanup and Restoration,$813 K,6,,"58,581","81,811",https://www.linkedin.com/company/servpro-industries,https://www.facebook.com/SERVPRO,https://x.com/servpro,,https://www.youtube.com/user/SERVPROCorporate,27.9686988,'-82.5698168,,,,
Shingle Hero,5440 Mariner St Unit 110,Tampa,FL,33609,United States,(727) 607-5460,https://www.shinglehero.com/,jmorris@shinglehero.com,Unknown,Roofing contractor,"At Shingle Hero, we help homeowners and property managers extend the life of their roofs by restoring and protecting aging shingles. 
Our eco-friendly, plant-based rejuvenation treatment penetrates deep into shingles, replenishing essential oils, improving flexibility, and enhancing weather resistance without the need for costly roof replacement.",,3,,,,,https://www.facebook.com/Shingleheroofficial,,,https://www.youtube.com/@ShingleHero,27.9431236,'-82.536138,Justin,Morris,Owner,jmorris@shinglehero.com
Shingle Masters Roofing,4805 Independence Pkwy Suite 300,Tampa,FL,33634,United States,(813) 661-4600,https://www.shingle-masters.com/,estimate@shingle-masters.com,,"Roofing contractor, Siding contractor","Shingle Masters Roofing & Construction is a family-owned and operated roofing company based in Riverview, FL, specializing in comprehensive roofing services for both residential and commercial clients. Their offerings include roof repair, installation, maintenance, and gutter services, all tailored to withstand Floridas unique climate challenges.",$1.4 M,11,2007,"17,176","23,238",https://www.linkedin.com/company/shingle-masters-roofing-&-construction-services-inc.,https://www.facebook.com/shinglemastersroofing,,https://www.instagram.com/shinglemastersroofing,https://www.youtube.com/@shinglemastersroofingconst820,27.9779885,'-82.5478476,Dallas,Beauchaine,Avast Antivirus Software,dallas@shingle-masters.com
Shingle Masters Roofing And Construction,7409 Commerce St,Riverview,FL,33578,United States,(813) 677-7663,https://www.shingle-masters.com/,estimate@shingle-masters.com,,"Roofing contractor, General contractor, Siding contractor","Shingle Masters Roofing & Construction is a family-owned and operated roofing company based in Riverview, FL, specializing in comprehensive roofing services for both residential and commercial clients. Their offerings include roof repair, installation, maintenance, and gutter services, all tailored to withstand Floridas unique climate challenges.",$1.4 M,11,2007,"17,176","23,238",https://www.linkedin.com/company/shingle-masters-roofing-&-construction-services-inc.,https://www.facebook.com/shinglemastersroofing,,https://www.instagram.com/shinglemastersroofing,https://www.youtube.com/@shinglemastersroofingconst820,27.8738487,'-82.3283725,Dallas,Beauchaine,Avast Antivirus Software,dallas@shingle-masters.com
Sidd Roofing Inc,4306 E Broadway Ave,Tampa,FL,33605,United States,(813) 837-0000,https://www.siddroofing.com/,us@siddroofing.com,,Roofing contractor,"Sidd Roofing Inc. offers expert roof repairs, replacements, and inspections in Tampa, FL. Licensed, insured, and reliable. Get a free estimate today!",,,,,,,https://www.facebook.com/siddroofing,,https://www.instagram.com/siddroofinginc,,27.9606638,'-82.4095979,,,,
Silveroak Roofing Contractor,5004 W Poe Ave,Tampa,FL,33629,United States,(227) 254-0686,,,,Roofing supply store,,,,,,,,,,,,27.9194827,'-82.5299864,,,,
Simon Roofing,E Columbus Dr,Tampa,FL,33605,United States,(866) 641-7663,https://www.simonroofing.com/locations/tampa-commercial-roofing/,careers@simonroofing.com,,Roofing contractor,"Simon Roofing, established in 1900 and headquartered in Youngstown, Ohio, is a family-owned and operated commercial roofing manufacturer, installer, and service provider with over 120 years of experience. The company offers a comprehensive range of services, including repairs, restorations, replacements, 24/7 emergency service response, diagnostic testing and analysis, roof asset management, and p",$318.3 M,500,1900,"17,176","23,238",https://www.linkedin.com/company/simon-roofing,https://www.facebook.com/simonroofing,https://www.x.com/simonroofing,,,27.9658182,'-82.4107576,Bob,Sheridan,,bsheridan@simonroofing.com
Skyline Construction & Home Improvement Services,4520 W Village Dr,Tampa,FL,33624,United States,(813) 770-7958,https://skylinetampa.com/,mattrick04@yahoo.com,Unknown,Construction company,Skyline Construction is a Tampa and St. Petes home remodeling company. We provide affordable home renovations in the greater Tampa area.,$1.2 M,6,2004,,,,,,,,28.072885,'-82.522208,,,,
Skyline Roofing Repair,16021 Tampa Palms Blvd W,Tampa,FL,33647,United States,(813) 776-3425,https://skylineroofingrepair.com/,,,Roofing contractor,Skyline Roofing Repair | Tampas Premier Roofing Experts,,,,,,,,,,,28.1000414,'-82.3984915,,,,
Smith & Hudson Contracting,,Tampa,FL,33610,United States,(813) 626-7709,https://smithandhudson.com/,,,General contractor,"Smith & Hudson Contracting is a general contractor based in Tampa, Florida, serving the greater Tampa Bay area. With over 40 years of experience, the company specializes in new construction, remodels, and build-outs. They are committed to providing quality and dependable services to their clients.",$3.7 M,17,1976,,,,https://www.facebook.com/Smith-Hudson-Contracting-164493294088505,,,,28.0012749,'-82.3920878,,,,
"Solar Roof Solutions, Inc.",7371 Rowlett Park Dr,Tampa,FL,33610,United States,(813) 999-4918,https://solarroofsolutions.com/,tonyv@solarroofsolutions.biz,Unknown,Roofing contractor,Site Not Available,,,,,,,,,,,28.0145152,'-82.4299894,,,,
Solid Rock Roofing,5107 E Diana St,Tampa,FL,33610,United States,(727) 634-8357,,,,"Roofing contractor, Building firm, Carpenter",,,,,,,,,,,,28.0065806,'-82.4003825,,,,
Sos Roofing Co,1718 E 7th Ave B,Tampa,FL,33605,United States,(813) 295-2794,,,,Roofing contractor,,,,,,,,,,,,27.9603843,'-82.4398965,,,,
"Southern Pro Roofing & Restoration, Llc",9260 Bay Plaza Blvd Suite 501,Tampa,FL,33619,United States,(813) 578-0413,https://www.southernprorestoration.com/,last.first@southernprorestoration.com,,"Roofing contractor, HVAC contractor, Siding contractor","We are a family-owned and operated, public adjusting and marketing firm that specializes in the restoration of residential properties.With over 60 years of combined experience in the construction and insurance industry, experience and know-how have proven to be integral keys to our company’s success and experience is always the best teacher.",$5.4 M,7,2010,"17,176","23,238",https://www.linkedin.com/company/southern-pro-restoration,https://www.facebook.com/SPRTampa,https://x.com/sprtampa,,https://www.youtube.com/channel/UCetHHkbIPF1-whUGvUOe_-A,27.9476628,'-82.3491435,,,,
Southern Roofing Company Inc.,3425 W Main St,Tampa,FL,33607,United States,(813) 251-5252,https://www.southernroofingcompany.com/,,,Roofing contractor,"Southern Roofing Company, Inc is a commercial roofing company based out of Tampa, FL.",<$5 M,12,1960,"17,176","23,238",https://www.linkedin.com/company/southern-roofing-company-inc,,,,,27.9574957,'-82.5012046,,,,
Southshore Roofing & Exteriors,5128 Puritan Rd,Tampa,FL,33617,United States,(813) 400-3329,https://southshorecontractorstampa.com/,corey@southshorecontractorstampa.com,Unknown,"Roofing contractor, General contractor, Siding contractor","SouthShore Roofing & Exteriors is a locally owned roofing contractor based in Tampa, FL, specializing in residential and commercial roof repair, replacement, and rejuvenation. They offer a comprehensive range of services including free roof inspections, emergency storm damage assistance, and insurance claims support.",$1.2 M,5,2018,"17,176","23,238",https://www.linkedin.com/company/southshore-roofing-exteriors,https://www.facebook.com/SouthShoreroofingandexteriors,,https://www.instagram.com/southshoreroofingandexteriors,https://www.youtube.com/channel/UCuSTqyiihxDvtgmwiv9iP-g,28.0218803,'-82.3982794,Corey,Combes,Production Owner,corey@southshorecontractorstampa.com
Spec Building Materials Corporation,1440 Massaro Blvd,Tampa,FL,33619,United States,(813) 622-6870,https://www.speccorp.com/,c.nielsen@speccorp.com,Unknown,Building materials supplier,"Founded in 1973, SPEC Building Materials Corporation provides building materials for commercial and residential construction. Headquartered in Kansas City, Kansas.",$105.5 M,229,1973,"50,503","42,423",https://www.linkedin.com/company/spec-building-materials,https://www.facebook.com/SPECBuildingMaterials,https://www.x.com/greenspecuk,,,27.9548417,'-82.3607429,Jim,Coston,Southeast Regional Vice President,j.coston@speccorp.com
Srs Building Products,14212 N Nebraska Ave,Tampa,FL,33613,United States,(813) 664-8686,https://www.srsdistribution.com/en/markets/our-brands/SRTAM/,sales@srsdistribution.com,,"Roofing supply store, Building materials supplier, Wholesaler","Crown C Supplys commitment to you: To help you complete your job successfully ... on time and on budget. Were Crown C Supply. Some call Crown C Supply the contractors best friend but what Crown C Supply really are is the contractors best contact, to get the supplies and materials they need to do their job.",$4.3 M,23,1978,"50,503","42,423",https://www.linkedin.com/company/srs-distribution-inc-,https://www.facebook.com/SRSDistributionInc,https://x.com/SRSdistribution,https://www.instagram.com/srs.distribution.inc,https://www.youtube.com/user/SRSdistribution,28.0752999,'-82.4535826,Brian,Rawlings,Creative Director,brian.rawlings@srsdistribution.com
Stay Dry Roofing Of Tampa Bay Inc.,4700 N Florida Ave,Tampa,FL,33603,United States,(813) 232-9430,https://staydryfl.com/,dflores@staydryfl.com,,Roofing contractor,"Stay Dry Roofing Services Inc is a company that operates in the Construction industry. It employs 6-10 people and has $0M-$1M of revenue. The company is headquartered in Tampa, Florida.",<$5 M,<25,,"17,176","23,238",,https://www.facebook.com/StayDryRoofing,https://www.x.com/staydrytampabay,,,27.9882477,'-82.4596705,,,,
Steadfast Roofing,3104 N Armenia Ave Suite 2,Tampa,FL,33607,United States,(813) 726-4590,https://steadfastroofingfl.com/roofing/tampa/,team@steadfastroofingfl.com,,Roofing contractor,"Steadfast Roofing is a local, family-owned business founded on faith, transparency, and honesty. As certified roofing experts, we have the training and experience to handle all your roofing needs. At Steadfast Roofing, we aim to educate our potential clients about their roofing projects by providing a consultative approach to handling whatever issue they face with their roofs.",$1.4 M,5,2021,"17,176","23,238",,https://www.facebook.com/steadfastroofingfl,,https://www.instagram.com/steadfastroofingfl,https://www.youtube.com/@steadfastroofingfl,27.9676853,'-82.4856658,Jon,Starry,Company Owner,jonstarry@steadfastroofingfl.com
Step Up Home Improvements,4401 E Hillsborough Ave,Tampa,FL,33610,United States,(561) 660-0997,https://stepuphomeimprovements.com/,admin@stepuphomeimprovements.com,Unknown,"General contractor, Bathroom remodeler, Flooring contractor, Flooring store, Home improvement store, HVAC contractor, Kitchen remodeler","Step Up Home Improvements is a licensed and insured home remodeling company based in Florida, specializing in high-end kitchen, bathroom, and whole-home renovations. They serve homeowners in Tampa Bay, St. Petersburg, Clearwater, Sarasota, Miami, and Fort Lauderdale, focusing on mid-to-large remodeling projects that enhance functionality and long-term value.",$1.3 M,4,,"15,152","23,236",https://www.linkedin.com/company/step-up-home-improvements,https://facebook.com/stepuphomeimprovements,,https://instagram.com/stepuphomeimprovements,,27.9956943,'-82.4081371,,,,
Stonebridge Roofing,8207 N Florida Ave Fl,Tampa,FL,33604,United States,(727) 634-8403,,,,"Roofing contractor, Building firm, Carpenter",,,,,,,,,,,,28.0231031,'-82.45868,,,,
Stonetree Construction Llc.,10459 Blackmore Dr,Tampa,FL,33647,United States,(845) 399-7962,,,,"Remodeler, Bathroom remodeler, Construction company, Interior construction contractor, Kitchen remodeler",,,,,,,,,,,,28.1454449,'-82.3131171,,,,
Storm Forge Roofing Co,N Florida Ave,Tampa,FL,33604,United States,(908) 570-1307,,,,"Roofing contractor, Roofing supply store",,,,,,,,,,,,28.0121392,'-82.4595162,,,,
Stormpro Roofing Llc,16150 N Florida Ave,Lutz,FL,33549,United States,(813) 333-5253,https://stormproroofing.us/,,,Roofing contractor,,,,,,,,,,,,28.1005154,'-82.460859,,,,
Strong Roofing Group Llc,3019 W Azeele St,Tampa,FL,33609,United States,(813) 981-9850,https://strongroofingsrq.com/roofing-tampa/,strongroofingsrq@gmail.com,Unknown,"Roofing contractor, Construction company, General contractor, Gutter service, Siding contractor, Water damage restoration service, Waterproofing service","Strong Roofing is a premier roofing contractor providing a multitude of roofing services for residential and commercial properties in Sarasota, Bradenton, and Venice, FL. They specialize in various roofing types including flat, shingle, metal, and tile roofs, focusing on quality craftsmanship and dependable service.",$1.1 M,6,2017,"17,176","23,238",https://www.linkedin.com/company/strongroofingsrq,https://www.facebook.com/StrongRoofingSRQ,,https://www.instagram.com/strongroofingsrq,https://www.youtube.com/@strongroofing,27.9412836,'-82.4930141,,,,
Summit Ridge Roofing Tampa Fl,8002 Beaty Grove Dr,Tampa,FL,33626,United States,(727) 634-8365,,,,"Roofing contractor, Building firm, Carpenter",,,,,,,,,,,,28.0813183,'-82.578957,,,,
Summit Roof Repair,108 S 12th St,Tampa,FL,33602,United States,(727) 634-8844,,,,"Roofing contractor, Building firm, Carpenter",,,,,,,,,,,,27.9466509,'-82.4463957,,,,
Suncoast Crest Roofing,14318 N Dale Mabry Hwy Ste 14332,Tampa,FL,33618,United States,(656) 254-5074,https://www.suncoastcrestroofing.com/,,,Roofing contractor,Reliable roofing experts in Tampa. Phone 656-254-5074 for free estimates.,,,,,,,,,,,28.0769637,'-82.5074871,,,,
Suncoast Roofing Solutions,12157 W Linebaugh Ave #171,Tampa,FL,33626,United States,(813) 723-3262,https://www.suncoastroofingsolutions.com/,doug@suncoastroofingsolutions.com,,Roofing contractor,"Suncoast Roofing Solutions, established in 2009, specializes in high-quality roofing services in the Tampa area, including tile, shingle, metal, and solar roofing. They cater to both residential and commercial clients, offering solutions such as roof repairs, inspections, and roof replacements tailored to meet individual needs.",$4.3 M,13,2009,"17,176","23,238",https://www.linkedin.com/company/suncoast-roofing-solutions,https://www.facebook.com/SuncoastRoofingSolutions,https://www.x.com/suncoastroof,https://www.instagram.com/suncoastroofingsolutions,,28.0570913,'-82.6246239,John,Johnb,Suncoast Roofing Supply,john@suncoastroofingsolutions.com
Sunny Roofing,11524 Us-92 #100,Seffner,FL,33584,United States,(813) 750-5855,https://mysunnyroofing.com/,,,Roofing contractor,"Sunny Roofing LLC provides trusted roofing services in Tampa, Florida, including repairs, replacements, inspections, and emergency solutions.",,,,,,,,,,,28.0016774,'-82.3056973,,,,
Sunrise Construction And Roof,2804 E Mcberry St,Tampa,FL,33610,United States,(656) 333-7322,,,,Roofing contractor,,,,,,,,,,,,27.9933212,'-82.4279188,,,,
Sunset Ventures Roofing,7211 N Dale Mabry Hwy #200,Tampa,FL,33614,United States,(813) 766-8934,,,,Roofing contractor,,,,,,,,,,,,28.0155186,'-82.504334,,,,
Sunstate Roofing Tampa,1127 S 56th St,Tampa,FL,33619,United States,(727) 634-8347,,,,"Roofing contractor, Building firm, Carpenter",,,,,,,,,,,,27.9378999,'-82.3943698,,,,
Superior Roofing & Repair,3633 W Waters Ave,Tampa,FL,33614,United States,(727) 634-8396,,,,"Roofing contractor, Building firm, Carpenter",,,,,,,,,,,,28.0279721,'-82.5013103,,,,
Superior Roofing Services,4404 W Paxton Ave,Tampa,FL,33611,United States,(813) 839-5544,https://www.superiorroofingservices.com/,n@superiorroofingservices.com,Unknown,Roofing contractor,"Superior Roofing Services in Tampa offers expert roof replacement, repairs, and inspections. Get quality service with over 40 years of experience. Contact us!",,,,,,,,,,,27.8884256,'-82.5188664,,,,
Sutter Roofing - Tampa,8811 Maislin Dr,Tampa,FL,33637,United States,(813) 868-0800,https://www.sutterroofing.com/,hr@sutterroofing.com,,Roofing contractor,"The Sutter family has been in the commercial roofing business since our founding in 1902. Since that time, four generations of the Sutter family have continued the tradition of providing quality roofing installations and unsurpassed customer satisfaction.",$45.4 M,150,1902,"17,176","23,238",https://www.linkedin.com/company/sutter-roofing-of-sw-florida,https://www.facebook.com/SUTTERROOFINGCOMPANY,https://x.com/Sutter_Roofing,https://instagram.com/sutter_roofing,https://www.youtube.com/channel/UCnT_T7pseUG7QtD7w5hYuNQ,28.0227868,'-82.3570919,Michael,McCarthy,Senior Estimator,mmccarthy@sutterroofing.com
Swenson Construction,7324 W Comanche Ave,Tampa,FL,33634,United States,(813) 549-6388,https://www.swensonenterprises.com/,danswenson@swensonenterprises.com,Unknown,Construction company,The Swenson Group has over 10 years of experience in the residential and commercial construction industry.,,,,,,https://linkedin.com/company/swensonconstruction,https://www.facebook.com/SwensonConstruction813,,http://instagram.com/swensonconstruction813,,27.9990066,'-82.5616342,,,,
Syl Roofing Supply,2005 N 43rd St,Tampa,FL,33605,United States,(813) 595-4292,https://sylroofingsupply.com/,lissie@sylroofingsupply.com,,Roofing supply store,We offer high quality roofing materials and professional services at competitive prices. Our business hours are Monday-Friday from 7:00 am to 6:00 pm and Saturdays from 7:00 am to 3:00 pm. We are your one-stop-shop for all your roofing needs! Hablamos Español.,<$5 M,28,2005,"50,503","42,423",https://www.linkedin.com/company/syl-roofing-suply,,,https://www.instagram.com/sylroofingsupply,,27.9623307,'-82.409761,Sandra,Ballesteros,Customer Service Representative,sandra@sylroofingsupply.com
Tailored Reconstruction Services,4830 W Kennedy Blvd #600,Tampa,FL,33609,United States,(941) 334-4459,http://tailoredreconstruction.com/contact-us/,jeremiah@tailoredreconstruction.com,,"General contractor, Building restoration service","Tailored Reconstruction Services specializes in providing customized reconstruction and repair solutions as a General Contractor for clients in need of renovation and rehabilitation services. Their expertise includes multi-family reconstruction, construction defect remediation, and repairs for distressed properties.",$2 M,8,2017,,,https://www.linkedin.com/company/tailored-reconstruction-services,https://www.facebook.com/Tailored-Reconstruction-Services-Inc-101694241361102,,,,27.9438341,'-82.5252312,,,,
Tampa Aquabarrier Roof Solutions,7027 Briar Hill Ct,Tampa,FL,33625,United States,(813) 324-6822,https://aquabarrierroofleaksolutions.com/service-areas/tampa,,,Roofing contractor,"AquaBarrier Roof Solutions provides expert roof leak repair, waterproofing, and roofing services in Thonotosassa, Tampa, and the greater Tampa Bay area.",,,,,,,https://www.facebook.com,,,,28.0549042,'-82.5571183,,,,
Tampa Area Home Inspection,8346 Golden Prairie Dr,Tampa,FL,33647,United States,(813) 680-3104,http://tampaareahomeinspection.com/,admin@tampaareahomeinspection.com,,"Home inspector, Appraiser, Commercial real estate inspector","Tampa Area Home Inspection is a leading home inspection service provider in the Tampa Bay area, dedicated to delivering thorough and easy-to-understand inspection reports. They offer a wide range of services including residential inspections, 4 Point inspections, wind mitigation inspections, and more, catering to both buyers and sellers in the real estate market.",$1.9 M,3,,,,https://www.linkedin.com/company/tampa-area-home-inspection,https://www.facebook.com/tampahi,,,,28.1555303,'-82.3680506,,,,
"Tampa Bay Construction, Roofing, Hvac, & Plumbing Services, Llc",1465 W Busch Blvd,Tampa,FL,33612,United States,(813) 533-0070,https://www.constructionservicesfl.com/,tbrepairservices@gmail.com,,"Roofing contractor, Building firm, Building restoration service, Construction company, Custom home builder, Electrician, HVAC contractor, Plumber, Real estate developer, General contractor","Tampa Bay Construction Services, LLC is a company based out of 1465 W Busch Blvd, Tampa, Florida, United States.",$2.6 M,2,2017,,,https://www.linkedin.com/company/tampa-bay-construction-services-llc,https://www.facebook.com/constructionservicesfl,https://x.com/bay_repair,https://www.instagram.com/constructionservicesfl,,28.0337514,'-82.475807,,,,
Tampa Bay Gutters Inc,7285 Causeway Blvd,Tampa,FL,33619,United States,(813) 605-0779,https://tampabayguttersinc.com/,tampabaygutters@gmail.com,Unknown,Gutter cleaning service,Site Not Available,,,,,,,,,,,27.9223957,'-82.3735758,,,,
Tampa Bay Home Solutions,3802 Gunn Hwy,Tampa,FL,33618,United States,(813) 231-5811,https://tbhomesolutions.com/,info@tbhomesolutionis.com,Unknown,"Roofing contractor, Air conditioning contractor, HVAC contractor","TB Home Solutions specializes in major home renovations, energy efficiency improvements, and financing solutions for homeowners in the Tampa Bay area. They offer a variety of services including roofing, air conditioning, home insulation, and general renovations, ensuring affordable options tailored to client needs.",$1.7 M,9,2010,"15,152","23,236",,https://www.facebook.com/TAMPABAYHOMESOLUTIONS,,,,28.0368666,'-82.5076536,,,,
Tampa Bay Renovations And Design,12094 Anderson Rd Suite 329,Tampa,FL,33625,United States,(813) 400-3051,https://www.tampabayrd.com/,,,"Remodeler, Interior designer, Real estate developer","Transform your space with our expert home renovations and design in Tampa Bay, from kitchen renovations to bathroom interior design, Including home remodeling.",,,,,,,,,https://www.instagram.com/tampabayrd,https://www.youtube.com/@TampaBayRenovationsDesign,28.0608925,'-82.5430805,,,,
Tampa Constructors Corp.,6302 Benjamin Road Suite 405,Tampa,FL,33626,United States,(813) 537-5454,https://www.tampaconstruct.com/,estimating@tampaconstruct.com,Unknown,Construction company,Tampa Constructors Corp. is a full-service construction company providing comprehensive services for the commercial building industry in Florida. Our in-depth knowledge of the construction market and decades of staff experience makes Tampa Constructors Corp.,$1.1 M,7,,,,https://www.linkedin.com/company/tampaconstructors,,,,,28.0606753,'-82.6460155,,,,
Tampa Contractor Group,16019 N Florida Ave,Lutz,FL,33549,United States,(813) 336-2936,https://tampacontractorgroup.com/,hannah@tampacontractorgroup.com,,"Roofing contractor, General contractor","Tampa Contractor Group is a boutique construction company specializing in interior and exterior remodeling, additions, roofing, and commercial interiors, serving the Tampa Bay area since 2012. They are dedicated to revamping spaces with a focus on design innovation and meticulous execution of projects.",$1.2 M,4,2012,"15,152","23,236",https://www.linkedin.com/company/tampacontractorgroup,https://www.facebook.com/TampaContractorGroup,,https://www.instagram.com/tampacontractorgroup,,28.0991219,'-82.4605778,Meghan,Byrne,Chief Operating Officer & Estimator,meghan@tampacontractorgroup.com
Tampa Drywall,1902 W Main St Suite 205,Tampa,FL,33607,United States,(813) 545-5105,https://www.tampadrywall.com/,,,"Dry wall contractor, Handyman/Handywoman/Handyperson",Drywall Repair Experts - Servicing Tampa and Surrounding Areas,,,,,,,,,,,27.9569463,'-82.4789308,,,,
Tampa Florida Roofing,1808 W Burke St,Tampa,FL,33604,United States,(813) 733-6281,https://tampafloridaroofing.com/,,,Roofing contractor,Roof Repair | Commercial Roofing | Residential Roofing | Free Estimates,,1,,,,,https://www.facebook.com/Tampa-Florida-Roofing-114612137804615,,,,28.0018155,'-82.4779349,,,,
Tampa Handy Pro Llc,5489 Baywater Dr,Tampa,FL,33615,United States,(813) 393-9778,https://tampahandypro.com/,,,"Construction company, Concrete contractor, Handyman/Handywoman/Handyperson, House clearance service, Stucco contractor, Wood floor installation service",Reliable handyman & construction services in Tampa Bay. From concrete & painting to gutters & landscaping. Contact us today for a free estimate.,,,,,,,,,https://www.instagram.com/tampa_handy_pro_llc,https://www.youtube.com/https://youtube.com/@tampahandyprollc,28.0013514,'-82.6049525,,,,
Tampa Metal Roofers,4010 W Boy Scout Blvd Ste #115,Tampa,FL,33607,United States,,,,,Roofing contractor,,,,,,,,,,,,27.9654489,'-82.5107737,,,,
Tampa Metal Roofing Group,205 N Pierce St,Tampa,FL,33602,United States,(813) 461-6255,https://tampametalroofingfl.com/about-us/,tampametalroof@gmail.com,Unknown,Roofing contractor,"Tampa Metal Roofing Group specializes in providing high-quality metal roofing solutions for both residential and commercial clients. Their extensive services include metal roof installation, replacement, repairs, and various types of metal roofing such as standing seam, corrugated, and stone-coated steel.",$3.4 M,19,2010,,,https://www.linkedin.com/company/metal-roofing-tampa,,,,,27.9476298,'-82.4537702,,,,
Tampa Roof Pros,13030 Tampa Oaks Blvd #3111,Temple Terrace,FL,33637,United States,(813) 592-5403,https://www.tamparoofers.org/,,,Roofing contractor,Looking for roofers in Tampa? Tampa Roof Pros is a licensed & insured roofing contractor in Tampa doing roof repairs and replacements.,,0,,"17,176","23,238",,,https://x.com/Tamparoofpros,https://www.instagram.com/tamparoofpros,,28.0623902,'-82.3591748,,,,
Tampa Roof Repair Llc,13403 Arbor Pointe Cir,Tampa,FL,33617,United States,(813) 413-5115,https://www.tamparoofrepair.com/,brahmin382@tamparoofrepair.com,,Roofing contractor,Home - Tampa Roof Repair,,,,,,,https://www.facebook.com/RoofrepairTampa,,https://www.instagram.com/tamparoofrepair,https://www.youtube.com/watch,28.068578,'-82.398776,,,,
"Tampa Roofing Company, Inc.",1700 E Ellicott St,Tampa,FL,33610,United States,(813) 238-6436,https://www.tamparoofing.com/,info@tamparoofing.com,,Roofing contractor,"Tampa Roofing Company is a fourth-generation, family-owned roofing business based in Tampa, Florida, with a legacy dating back to 1936. They specialize in both residential and commercial roofing systems, including asphalt shingles, metal roofs, and a variety of modern roofing solutions.",$5.8 M,15,1936,"17,176","23,238",https://www.linkedin.com/company/tampa-roofing,https://www.facebook.com/tamparoofingco,,,,28.0064038,'-81.7220744,Keith,Swope,President,keith@tamparoofing.com
Tampa Roofing Contractors,4350 W Cypress St #260,Tampa,FL,33607,United States,(813) 692-5901,,,,Roofing contractor,,,,,,,,,,,,27.9512726,'-82.5170291,,,,
Tampa Roofing Repair,1602 River Dr,Tampa,FL,33603,United States,(239) 456-0404,,,,Roofing contractor,,,,,,,,,,,,27.9846412,'-82.4752334,,,,
Tampa Shield Roof Pro,1508 N Westshore Blvd,Tampa,FL,33607,United States,(813) 328-5060,https://shieldroofleakpro.site/location/best-roofing-contractors-in-tampa-a-comprehensive-guide,,,Roofing contractor,"Professional roofing services for repairs, replacements, and new roof installations. Same-day appointments available. Call (888) 602-1585.",,,,,,,,,,,27.9565471,'-82.5245951,,,,
Taralon Homes,3113 S Dale Mabry Hwy,Tampa,FL,33629,United States,(813) 501-4955,https://taralonhomes.com/,scottkirchner@taralonhomes.com,,Construction company,"Taralon Homes specializes in building unique, one-of-a-kind custom homes in the Greater Tampa Bay area, with a focus on exceeding home-building expectations through attentive customer service. The award-winning partnership of Mike Bartoletta and Scott Kirchner offers a diverse range of home designs, including modern farmhouses and post-modern styles.",$1.4 M,68,2011,"15,152","23,236",https://www.linkedin.com/company/hannah-bartoletta-homes,https://www.facebook.com/TaralonHomes,,https://www.instagram.com/taralonhomestampabay,,27.9178884,'-82.5061997,Mike,Bartoletta,Owner,mikebartoletta@taralonhomes.com
"Taurus Renovation And Builders, Inc.",400 N Tampa St 15th Floor,Tampa,FL,33602,United States,(813) 504-0898,https://www.taurus.builders/,,,Construction company,"Taurus Builders in Tampa Bay specializes in new home construction, renovations, and additions; transforming visions into reality with reliable craftsmanship. Contact us today.",,,,,,https://www.linkedin.com/company/builtbytaurus,https://www.facebook.com/Builtbytaurus,,https://www.instagram.com/Builtbytaurus,https://www.youtube.com/@builtbytaurus,27.9477468,'-82.459056,,,,
Tecta America West Florida Commercial Roofing,5429 N 56th St,Tampa,FL,33610,United States,(813) 621-1700,https://www.tectaamerica.com/location/west-florida-tampa/,service@tectaamerica.com,,Roofing contractor,"Tecta America is a national roofing contractor specializing in installation, repair, and maintenance services for commercial, industrial, and institutional clients. Headquartered in Rosemont, Illinois, it was founded in 2000.",$2.4 B,"3,692",2000,"17,176","23,238",https://www.linkedin.com/company/tecta-america-corp,https://www.facebook.com/TectaAmerica,https://x.com/tectaamerica,https://www.instagram.com/tectaamerica,https://www.youtube.com/user/TectaAmericaCorp,27.998336,'-82.392877,Dan,Brown,"President, Operating Unit, Anthony Roofing",db@tectaamerica.com
Temple Terrace All Season Roofing Contractors,9780 N 56th St,Tampa,FL,33617,United States,(813) 213-4755,https://allseasonroofleakrepairs.com/temple-terrace-all-season-roofing-contractors/,,,Roofing contractor,"All Season Roof Leak Repairs provides expert roof leak services in Brandon, Tampa, Lutz and surrounding areas. Licensed, insured, and warranty-backed. Call (813) 213-4072 for a free estimate.",,,,,,,,,,,28.0380895,'-82.393873,,,,
Temple Terrace Elite Roof Leak,503 Garrard Dr,Temple Terrace,FL,33617,United States,(813) 303-0969,https://eliteroofleakrepair.com/temple-terrace-elite-roof-leak,,,Roofing contractor,"At Elite Roof Leak, we combine deep local expertise with cutting‐edge techniques to deliver roofing solutions that stand the test of time for both homes and",,,,,,,,,,,28.0444187,'-82.3764413,,,,
Terrasun Roofing,5604 N Hesperides St,Tampa,FL,33614,United States,(813) 562-4110,https://terrasunroofing.com/,,,Roofing contractor,Terrasun Roofing,,,,,,,,,,,27.9984909,'-82.5198789,,,,
The Perry Company,1814 N 15th St,Tampa,FL,33605,United States,(813) 248-6556,https://perrycompany.com/,johnh@perrycompany.com,,Construction company,"The Perry Company specializes in the design/build delivery system of office buildings, industrial and manufacturing buildings, particulate controlled environments (clean room construction), and construction projects with a high level of technical design and interior build out.",$3.9 M,17,1993,"15,154","23,236",https://www.linkedin.com/company/2173727,https://www.facebook.com/pages/The-Perry-Company/452397041470445,https://www.x.com/jscandalp,,,27.9608129,'-82.4431684,Eric,Grzybowski,Partner/project Manager,ericg@perrycompany.com
The Roofing Company,6710 Benjamin Rd Suite #100a,Tampa,FL,33634,United States,(813) 556-7773,https://www.tampabayroofs.com/,jena@tampabayroofs.com,,Roofing contractor,"The Roofing Company of Tampa Bay specializes in residential and commercial roofing services, offering products such as shingle, tile, metal, and flat roofs, along with solar panel installations. Their target clients include homeowners and businesses in the Tampa Bay area seeking reliable roofing solutions and repairs.",$653 K,8,2012,"17,176","23,238",https://www.linkedin.com/company/the-roofing-company-tampa,https://www.facebook.com/tampabayroofs,https://www.x.com/tampabayroofs,https://www.instagram.com/tampabayroofs,https://www.youtube.com/channel/UCfaTlAXVwwJ4VjJuLNTtHkA,28.0087386,'-82.5429541,Nicole,Martin,"Manager, Production",nicole@tampabayroofs.com
The Tampa Roofer Llc,15311 Winding Creek Dr,Tampa,FL,33613,United States,(813) 625-9864,https://thetamparoofer.com/,,,"Roofing contractor, General contractor",,,,,,,,,,,,28.0904862,'-82.4644442,,,,
The Window Depot Llc,6203 Johns Rd Suite 5-6,Tampa,FL,33634,United States,(813) 551-0414,https://www.thewindowdepotllc.com/,windowdepot@thewindowdepotllc.com,,"Window installation service, Door supplier, General contractor, PVC windows supplier, Siding contractor, Window supplier","Founded in 2009 and Headquartered in Tampa, Florida. The Window Depot has provided homeowners in Tampa, FL, and surrounding areas with home remodeling services, including the installation of replacement windows, siding, entry doors, and patio doors.They specialize in not only enhancing a home&s;s beauty, but also making it as energy efficient as possible and improving its defense against hurricanes.",$10 M,35,2009,"17,176","23,238",https://www.linkedin.com/company/the-window-depot-l.l.c.,https://www.facebook.com/thewindowdepotllc1,,,,28.0086384,'-82.5490036,Sana,DiBerardino,"Manager, Operations",sdiberardino@thewindowdepotllc.com
Thompson Brothers Roofing,3113 E Hillsborough Ave,Tampa,FL,33610,United States,(727) 634-8336,,,,"Roofing contractor, Building firm, Carpenter",,,,,,,,,,,,27.9958851,'-82.4251523,,,,
Tiger Roofing - Roofing Company In Tampa,3001 N Rocky Point Dr E #200,Tampa,FL,33607,United States,(407) 900-9909,https://www.tigerroofing.com/,sales@tigerroofing.com,Unknown,Roofing contractor,"Tiger Roofing: A Local and Trusted Roofing Company
We’re proud to be a family-owned and managed business serving our local community. Our goal is to make sure you’re happy with our work. Our team is well-trained and experienced, so you can expect professional and expert help.",$2.3 M,4,2021,,,,https://www.facebook.com/TigerRoofingOrlando,,https://instagram.com/tigerroofing_official,https://www.youtube.com/watch,27.9679269,'-82.5676377,,,,
Timeless Homes Construction Development,3702 W Spruce St Ste 1160,Tampa,FL,33607,United States,(727) 647-2911,https://www.timelesshomesconstruction.com/,,,Contractor,"Timeless Homes Construction specializes in quality construction services for both residential and commercial projects, including custom home building, renovations, and specialized restaurant construction. They offer hurricane-resistant steel frame homes and expert remodeling services to transform existing spaces.",$424 K,11,2000,"15,152","23,236",,,,https://www.instagram.com/timelesshomesconstruction_,,27.9588721,'-82.5040419,,,,
Titan Contracting Llc Tampa,16350 Bruce B Downs Blvd Unit 46215,Tampa,FL,33647,United States,(813) 999-3989,https://yourtitanteam.com/,admin@yourtitanteam.com,Unknown,Contractor,"Titan Contracting, LLC offers the highest quality of products and services on the market today. We take great pride in our management expertise and our superior craftsmanship. Our years of experience and commitment to excellence have earned us the reputation as one of the best in the Southwest Florida area.",$4.1 M,14,2011,"17,176","23,238",https://www.linkedin.com/company/titan-contracting-llc,https://www.facebook.com/TITANCONTRACTINGLLCFL,,https://www.instagram.com/titancontractingswfl,,28.1407563,'-82.3556385,,,,
Titan Roofing Company,4115 W Spruce St #200,Tampa,FL,33607,United States,(813) 263-7835,https://titanroofcompany.com/,andrew@titanroofcompany.com,,Roofing contractor,"Titan Roofing Company specializes in providing quality roofing services to homeowners and business owners throughout the Tampa Bay area. They offer a range of services including residential roofing, commercial roofing, and storm damage repair. Recognized as a leader in the roofing industry, Titan Roofing is committed to delivering superior customer service and professional installation through the",$1.2 M,9,,"17,176","23,238",https://www.linkedin.com/company/titan-roofing-company,https://www.facebook.com/titanroofingcompany,,https://www.instagram.com/titan.roof,,27.959951,'-82.5128757,,,,
Tnt Quality Builders Inc.,702 E Norfolk St,Tampa,FL,33604,United States,,,,,Roofing contractor,,,,,,,,,,,,28.0119964,'-82.4537405,,,,
Todd Homes Inc,13779 N Nebraska Ave,Tampa,FL,33613,United States,(813) 932-5988,https://todd-homes.com/,,,"General contractor, Bathroom remodeler, Home builder, Kitchen remodeler","Todd Homes specializes in home improvement and repair services, offering a comprehensive range of solutions including renovations, bathroom and kitchen remodels, and general home repairs. With over 30 years of experience, they cater to homeowners, landlords, and investors in the Tampa Bay area, ensuring quality workmanship and customer satisfaction.",$923 K,5,1979,,,,https://www.facebook.com/todd-homes-inc-168019076594855,https://www.x.com/toddhomesinc1,,,28.0727576,'-82.4499942,,,,
Total Care Installs,610 E Zack St,Tampa,FL,33602,United States,(727) 365-0945,https://tcisolarhome.com/,martinaguilarv@tcisolarhome.com,,"Roofing contractor, Solar energy equipment supplier, Solar energy company, Solar energy system service",TCI Roofing and Solar: Floridas solar and roofing experts. Get a free home energy evaluation and improve your homes efficiency.,,,,,,,https://facebook.com,https://x.com,https://instagram.com,https://youtube.com,27.9513522,'-82.456248,,,,
Tpc Roofing,3104 N Armenia Ave,Tampa,FL,33607,United States,(727) 275-0166,https://tpcroof.com/,,,Roofing contractor,clouds_shape,,,,,,,,,,,27.9676234,'-82.4851499,,,,
Tpc Tampa 56 St Planta De Asfalto,5414 N 56th St,Tampa,FL,33610,United States,,,,,Asphalt contractor,,,,,,,,,,,,27.9974799,'-82.394633,,,,
Trident Roofing & Exteriors,5115 Memorial Hwy,Tampa,FL,33634,United States,(813) 600-5200,https://tridentroofingfl.com/,,,Roofing contractor,"Looking for reliable roofing services in Tampa, FL? Trident Roofing offers expert roof repairs, replacements, and installations. Get a free quote today!",,,,,,,https://www.facebook.com/TridentRoofingExteriors,,https://www.instagram.com/tridentroofing_exteriors,,27.9820853,'-82.5536297,,,,
Triton Construction Group,7324 W Comanche Ave Suite B,Tampa,FL,33634,United States,(813) 867-0408,https://tritonconstructiongroup.com/,info@tritonconstructiongroup.com,,Construction company,"TRITON Construction Group is a full-service general contractor specializing in all phases of commercial construction and remodeling. They provide services for various sectors including petroleum, convenience stores, and restaurants, focusing on exceptional quality and superior customer service.",$8.6 M,20,2006,"15,154","23,236",https://www.linkedin.com/company/triton-construction-group-limited,https://www.facebook.com/tritonconstruction,,,,27.9989969,'-82.5615936,Ronald,Lloyd,Superintendent,rlloyd@tritonconstructiongroup.com
Truecraft Roofing Co,5014 N Hale Ave,Tampa,FL,33614,United States,(727) 634-8344,,,,"Roofing contractor, Building firm, Carpenter",,,,,,,,,,,,27.992691,'-82.5109885,,,,
Trueshield Roofing,4924 E Busch Blvd,Tampa,FL,33617,United States,(727) 634-8393,,,,"Roofing contractor, Building firm, Carpenter",,,,,,,,,,,,28.033656,'-82.4042231,,,,
Trust Roofing - Westchase,12635 Race Track Rd,Tampa,FL,33626,United States,(813) 640-4044,https://trustroofing.com/roofing/westchase/,hr@trustroofing.com,,"Roofing contractor, Contractor, Gutter cleaning service, Gutter service, Waterproofing service","One of the largest and most reputable roofing companies servicing the greater Tampa Bay area with expansion plans. Trust Roofing services commercial and residential roofing needs. Our goal is to raise the bar in our industry in how we care for our employees, clients and partners.",$1.0 M,16,2019,"17,176","23,238",https://www.linkedin.com/company/trust-roofing,https://www.facebook.com/TrustRoofingCo,,https://www.instagram.com/trust_roofing,https://www.youtube.com/@trustroofing,28.0664265,'-82.6348284,Ian,Kolbinskie,Sales Administrator,ian@trustroofing.com
Trusted Bay Roofing Llc,16510 N Florida Ave,Lutz,FL,33549,United States,(813) 918-0994,https://www.trustedbayroofing.com/,,,Roofing contractor,"At Trusted Bay Roofing Repair , we believe a strong roof is the foundation of a safe and beautiful home. With years of experience, we have helped hundreds of homeowners and businesses in the Florida region with durable roofing solutions that stand th",,,,,,,https://www.facebook.com/people/Trusted-Bay-Roofing/61587418498321,,https://www.instagram.com/trustedbayroofing,,28.1056732,'-82.460838,,,,
Trusted Roof Pros,5524 W Cypress St,Tampa,FL,33607,United States,(727) 634-8374,,,,Roofing contractor,,,,,,,,,,,,27.951595,'-82.5398413,,,,
Turk Custom Homes,5302 N Branch Ave,Tampa,FL,33603,United States,(813) 624-5878,https://www.turkcustomhomes.com/,branden@turkcustomhomes.com,,Contractor,"Our reputation is our foundation and it is a reflection of our commitment to our clients and their valuable time and investment. We construct quality products and offer traditional craftsmanship in everything that we build. We work with the finer details, such as hand crafted, one-of-a-kind pieces and classic touches, to give discerning clients the unique, signature property they desire.",$2.2 M,7,2005,"15,152","23,236",https://www.linkedin.com/company/turk-holdings-llc,https://facebook.com/TurkCustomHomes,,,,27.9952558,'-82.4578112,Kurt,Plum,Owner,kurt@turkcustomhomes.com
Turner Roofing Company,3256 Parkside Center Cir,Tampa,FL,33619,United States,(727) 634-8453,,,,"Roofing contractor, Building firm, Carpenter",,,,,,,,,,,,27.97396,'-82.33546,,,,
United Water Restoration Group Of Tampa,4897 W Waters Ave,Tampa,FL,33634,United States,(813) 738-6130,https://uwrgtampafl.com/,,,"Water damage restoration service, Building restoration service, Construction company, Fire damage restoration service, Sanitation service","United Water Restoration Group of Tampa specializes in restoration services for water, fire, mold, and storm damage, providing comprehensive support to both residential and commercial clients. They operate 24/7, ensuring rapid response to emergencies and utilizing certified technicians to manage restoration tasks efficiently.",$2.6 M,15,,"15,152","23,236",https://www.linkedin.com/company/uwrgtampa,https://www.facebook.com/UWRGTampa,,,https://www.youtube.com/@unitedwaterrestorationgroup,28.026745,'-82.5268909,,,,
Unity Roofing Services,2108 N Tampa St,Tampa,FL,33602,United States,(727) 634-8377,,,,"Roofing contractor, Building firm, Carpenter",,,,,,,,,,,,27.9628627,'-82.4611873,,,,
Universal Contracting Services,5008 West Linebaugh Avenue Suite #32-34,Tampa,FL,33624,United States,(813) 252-8435,https://www.ucsmultifamily.com/,mark@ucsmultifamily.com,,Contractor,"Universal Contracting Services, Inc is a Florida–based General Contracting company delivering reliable, high-quality construction and renovation solutions for Multifamily, Commercial, and Residential clients. We specialize in providing efficient, code-compliant workmanship with a strong focus on safety, durability, and customer satisfaction.",,3,2004,,,,,,,,28.0392499,'-82.5287136,Jairo,Cascante,,jairo@ucsmultifamily.com
Universal Roof & Contracting Tampa,5112 E Adamo Dr,Tampa,FL,33619,United States,(813) 295-7872,https://www.universalroof.com/,office@universalroof.com,,Roofing contractor,"Universal Roof Contracting specializes in residential roofing services, offering a wide range of roofing options including Spanish tile, stone-coated steel, metal roofing, asphalt shingles, and flat roofs. With over 25 years of experience, they provide exceptional workmanship and customer satisfaction, backed by unique warranties.",$27.2 M,122,1993,"17,176","23,238",https://www.linkedin.com/company/universalroofandcontracting,https://www.facebook.com/universalroof,https://x.com/universalroof,https://www.instagram.com/universalroof,,27.9531795,'-82.4004773,Jared,Martin,"Vice President, Sales & Marketing",jared@universalroof.com
Us Roofing,410 Ware Blvd,Tampa,FL,33619,United States,(888) 965-0305,https://joinusroofing.com/,csr@joinusroofing.com,Unknown,Roofing contractor,"We put our customers first, always. Were focused on your making this the best experience youve ever had with a roofing company. This purpose shapes the solutions we offer, and drives us to innovate. What stands out in our industry is the need to deliver at the best level every single time.",$1.1 M,6,,"17,176","23,238",,https://www.facebook.com/joinusroofing,,,,27.9468192,'-82.3466213,,,,
Us Solar,2732 Broadway Center Blvd,Brandon,FL,33510,United States,(800) 351-3430,https://usroofingandsolar.com/,,,"Roofing contractor, Solar energy company","Hey US Home is Your Trusted Roof Repair, Experienced Solar Company, and Roofing Contractors in Tampa.",,,,,,,,,,,27.9676704,'-82.3249224,,,,
Valley Gold Roofing,2502 N Rocky Point Dr Suite 560,Tampa,FL,33607,United States,(813) 667-9724,https://valleygoldroofing.sbs/,,,Roofing contractor,"Need professional Roofing in Valrico? Call Valley Gold Roofing at 813-667-9724 for fast, reliable service you can trust.",,,,,,,https://www.facebook.com/ValleyGoldRoofing,,,https://www.youtube.com/@ValleyGoldRoofing,27.9623581,'-82.5712147,,,,
Venus Renovation Tampa,2404 Corrine St,Tampa,FL,33605,United States,(571) 316-0344,https://www.venusrenovation.com/,info@venusrenovation.com,Unknown,"Roofing contractor, Electrician, Flooring contractor, Painting, General contractor",,,,,,,,,,,,27.9488262,'-82.4323248,,,,
Vibrant Roof & Solar Llc Dba Vibrant Roofing & Metal Fabrication,5609 E Adamo Dr D,Tampa,FL,33619,United States,(813) 894-5593,https://www.thevibrantroof.com/,nick@thevibrantroof.com,Unknown,Roofing contractor,Vibrant is a licensed roofing contractor in Florida who is focused on providing quality roofing and sheet metal fabrication services to homeowners and contractors!,$2 M,1,2021,,,https://www.linkedin.com/company/vibrant-roof-solar,,,,,27.9508285,'-82.3926853,,,,
Victory Roofing & Restoration,16546 N Dale Mabry Hwy,Tampa,FL,33618,United States,(727) 634-8380,,,,"Roofing contractor, Building firm, Carpenter",,,,,,,,,,,,28.1088149,'-82.5047795,,,,
Vnps Roofing,14034 N Florida Ave,Tampa,FL,33613,United States,(813) 609-5596,https://vnpsroofing.com/,website@vnpsroofing.com,,Roofing contractor,"Tampas trusted roofing contractor. Veteran-owned. Expert roof repairs, replacements & storm damage restoration. Residential & commercial. Call for free quote!",,,,,,,https://www.facebook.com/vetnps,https://x.com/vnpsroofing,https://www.instagram.com/vnpsroofing,https://www.youtube.com/@vnpsroofing,28.0755948,'-82.4598555,,,,
Vorexia Roofing Contractor,4526 S Cameron Ave,Tampa,FL,33611,United States,(386) 298-4195,,,,Roofing supply store,,,,,,,,,,,,27.8979217,'-82.5129003,,,,
Wal-mark Contracting Group,3030 N Rocky Point Dr W #800,Tampa,FL,33607,United States,(813) 348-4711,https://www.walmarkcontracting.com/,cchamberlin@wm.nceusa.com,,"Contractor, Construction company","Wal-Mark Contracting Group is a reputable contracting company based in Florida, known for its commitment to excellence and uncompromising quality over the past 30 years. The company specializes in construction services, including prefabrication and panelization, and has successfully completed significant projects such as the expansion of the North Florida Regional Medical Center.",$16.8 M,252,1985,"17,174","23,238",https://www.linkedin.com/company/wal-mark-contracting-group-llc,https://www.facebook.com/walmarkcontracting,,,,27.9688353,'-82.5697758,Adam,Peggs,President Sarasota Division,adam.peggs@walmarkcontracting.com
Warrick Roofing,1309 N Florida Ave Fl,Tampa,FL,33602,United States,(813) 761-6761,https://www.warrickroofing.com/,,,Roofing contractor,"Trusted Tampa roofing contractor. Fast estimates, quality roof repairs, replacements & storm damage solutions. Serving Tampa Bay area. Call (813) 761-6761.",,,,,,,,,,,27.9558433,'-82.4593244,,,,
Water Damage Pros Fl,8009 Benjamin Rd Unit 101,Tampa,FL,33634,United States,(813) 212-4328,https://waterdamageprostampa.com/,experts@waterdamageprostampa.com,,Water damage restoration service,"The Water Damage Pros in Tampa are always on call to provide mold remediation, fire damage repair, storm damage cleanup, flood restoration, and 24/7 emergency water damage restoration in Tampa, St. Petersburg, Clearwater, Largo, & the entire Tampa metro area.",,3,,,,https://www.linkedin.com/company/water-damage-pros-fl-llc,https://www.facebook.com/waterdamageprosfl,,,,28.0227215,'-82.5413679,,,,
Watertight Roofing Services Llc,14409 N Nebraska Ave,Tampa,FL,33613,United States,(813) 971-5404,http://watertightroofing.net/,website@watertightroofing.net,,Roofing contractor,"Watertight Roofing Services LLC is a reputable roofing company based in Tampa, Florida, with over 50 years of experience in the building industry. They specialize in residential and commercial roofing services, including roof repairs, replacements, and solar roofing solutions, serving clients in Hillsborough, Pinellas, and Pasco counties.",$258 K,7,2017,"17,176","23,238",,https://www.facebook.com/watertightroofingservices,,,,28.0785566,'-82.4506951,Ryan,McCracken,Vice President of Business Development and Customer Service,ryan@watertightroofing.net
Watertight Roofing Svc Llc,1005 W Busch Blvd,Tampa,FL,33612,United States,(813) 933-1776,https://watertightroofing.net/,website@watertightroofing.net,,Roofing contractor,"Watertight Roofing Services LLC is a reputable roofing company based in Tampa, Florida, with over 50 years of experience in the building industry. They specialize in residential and commercial roofing services, including roof repairs, replacements, and solar roofing solutions, serving clients in Hillsborough, Pinellas, and Pasco counties.",$258 K,7,2017,"17,176","23,238",,https://www.facebook.com/watertightroofingservices,,,,28.0338261,'-82.4693909,Ryan,McCracken,Vice President of Business Development and Customer Service,ryan@watertightroofing.net
Weather Tite Windows,2119 W Columbus Dr,Tampa,FL,33607,United States,(813) 908-0131,https://www.weathertitewindows.com/,judyh@wtwindows.com,Unknown,"Window supplier, Door supplier, Patio enclosure supplier, Window installation service","A family owned company specializing in window, entry door, sliding glass door replacement. Weathertite Windows has been serving the Tampa Bay and surrounding areas for over a decade with quality window and door installation. Weathertite offers excellent customer service, factory trained installers and 24/7 commitment to their customers.",$4.7 M,34,2004,"17,179","23,238",https://www.linkedin.com/company/weathertite-windows,https://www.facebook.com/weathertiterapidcity,,,,27.9668318,'-82.4815268,Michael,Hollander,Owner,michael@weathertitewindows.com
Weatherguard Roofing,5128 Le Tourneau Cir,Tampa,FL,33610,United States,(813) 921-8310,,,,Roofing contractor,,,,,,,,,,,,27.9932143,'-82.3975727,,,,
Well Home Solutions,4830 W Kennedy Blvd Suit 600,Tampa,FL,33609,United States,(305) 224-1666,https://wellhomesolutions.net/,info@wellhomesolutions.net,Unknown,"Water damage restoration service, Fire damage restoration service","Need expert home restoration in Ocala, FL? Well Home Solutions offers reliable repairs and restoration services. Call today for a consultation!",,,,,,,https://facebook.com/login,,http://instagram.com/accounts/login,,27.9438777,'-82.5255189,,,,
West Coast Roofing Contractors Association,1971 W Lumsden Rd,Brandon,FL,33511,United States,(813) 666-5355,http://www.wcrca.net/contact/,wcrca-admin@tampabay.rr.com,,Roofing contractor,"WCRCA is a trade association of roofing contractors that serve both the residential and commercial markets. Our group of professionals represents the most qualified roofing contractors located on the west coast of Florida. WCRCA works to support our members by keeping them up to date through educational information, technical data and specs, and industry contacts and connections.",$9.8 M,77,1976,"17,176","23,238",https://www.linkedin.com/in/west-coast-roofing-contractors-assoc-ba296140,https://www.facebook.com/WCRCAFL,https://www.x.com/wcrca_roof,https://www.instagram.com/westcoastroofingcontractors,,27.9214351,'-82.3164536,West,Assoc,Professional Roofing Contractors Association,wassoc@wcrca.net
West Florida Roofing,4515 George Rd Suite 355a,Tampa,FL,33634,United States,(813) 550-6297,https://westroofingfl.com/,guys58@gmail.com,,"Roofing contractor, Construction company, Contractor, Roofing supply store, Sheet metal contractor, Siding contractor, Skylight contractor, Solar energy system service, Waterproofing service","Professional roofing services in Tampa from a trusted roofing company Tampa FL, offering repairs, replacements, and inspections.",,,,,,,https://www.facebook.com/p/West-Florida-Roofing-100077297505386,,,https://www.youtube.com/@West-Florida-Roofing,27.9845961,'-82.5495678,,,,
Westchase Skyline Roofing Contractors,13514 Tufts Pl,Tampa,FL,33626,United States,(813) 303-2273,https://skylineshelterroofingcontractors.com/tampa/,,,Roofing contractor,Professional Roofing Services - Skyline Shelter Roofing Contractors provides professional roofing services. Call (954) 539-2967 for a free estimate.,,,,,,,,,,,28.0695879,'-82.5907173,,,,
Westfall Roofing,5413 W Sligh Ave,Tampa,FL,33634,United States,(813) 291-0693,https://www.westfallroofing.com/roofing-contractor-in-tampa-fl/,info@westfallconstruction.com,,Roofing contractor,"Westfall Roofing is a Florida-based, residential roofing contractor established in 1989. With over 1,000 5-star reviews and tens of thousands of happy customers across Central and Southwest Florida, we set the bar for professional roofing standards. State licensed, bonded and insured, we have the construction knowledge and tenured expertise to protect your home.",$19.9 M,39,1989,"17,179","23,238",https://www.linkedin.com/company/westfall-roofing,https://www.facebook.com/westfallroofing,https://www.x.com/westfallroofing,,https://www.youtube.com/channel/UCtfIrK-glqjctGf5q4EjxNw,28.0111587,'-82.5351178,Mike,Kost,Chief Estimator,mkost@westfallroofing.com
Whiting-turner Contracting Company,4300 W Cypress St Suite 1045,Tampa,FL,33607,United States,(813) 287-9700,http://www.whiting-turner.com/,info@whiting-turner.com,,"General contractor, Construction company, Construction equipment supplier","“How fortunate we all are to work in an industry that produces such a tangible work product that affects so many profoundly. All of us face difficult obstacles on all of our projects, but at the end of the day, we collectively turn around, look at what we’ve created, and it takes our breath away.",$13.3 B,5374,1909,"17,179","23,238",https://www.linkedin.com/company/the-whiting-turner-contracting-company,,,,,27.9599742,'-82.5160617,Thomas,Mallon,Project Manager,mthomas@whiting-turner.com
Wilson Family Roofing,13075 Telecom Pkwy N,Temple Terrace,FL,33637,United States,(727) 634-8422,,,,"Roofing contractor, Building firm, Carpenter",,,,,,,,,,,,28.0649928,'-82.3707378,,,,
Wilson Roofing And Renovations,1100 N 50th St St #3i,Tampa,FL,33619,United States,(941) 422-1737,https://www.wilsonroofingandrenovations.co/,,,Roofing contractor,"UNBEATABLE QUALITY. UNMATCHED PRICE. Why overpay? We provide superior installation on all roof types. Plus, take advantage of our exclusive pricing that puts premium metal roofing within reach of a shingle budget. Schedule Now 941-422-1737 Why Choose",,,,,,,,,,,27.9546503,'-82.4027977,,,,
Xtreme Roofing & Construction,13608 W Hillsborough Ave Suite 107,Tampa,FL,33635,United States,(727) 940-9534,https://xtremeroofingpros.com/,info@xrcfl.com,Unknown,"Roofing contractor, Building restoration service, General contractor, Water damage restoration service","Xtreme Roofing is the premier roofing company in orlando! If you think you might have damage to your roof, the first step for you is to have a qualified roofing professional inspect your roof. Roofs are a dangerous place for most homeowners so getting a professional roofing advisor to do your inspection is always recommended.",<$5 M,<25,2011,"17,176","23,238",https://www.linkedin.com/company/xtreme-roofing-construction,https://www.facebook.com/xrcroof,,https://www.instagram.com/xrcroof,https://www.youtube.com/@xtremeroofingconstruction1920,28.0311736,'-82.6430346,,,,
Yj Contractor Home Improvement,10705 Preserve Lake Dr,Westchase,FL,33626,United States,(813) 521-2013,,,,Construction company,,,,,,,,,,,,28.0572658,'-82.6288138,,,,
Yowell's Roofing,6710 Benjamin Rd,Tampa,FL,33634,United States,(813) 949-4561,https://www.yowellsroofing.com/contact-us,yowellsroofing@yahoo.com,,Roofing contractor,"Yowells Roofing, based in Tampa, FL, has been providing high-quality roofing services since 1964, specializing in roof installation, repair, and replacement. The company caters to both residential and commercial clients, ensuring that every project is handled by their in-house team without subcontractors.",$1.8 M,8,1964,"17,176","23,238",https://www.linkedin.com/company/yowell's-roofing-co.,https://facebook.com/yowellsroofing,,,https://youtube.com/watch,28.0087078,'-82.5429748,Marcia,Feijoo,Director,marcia@yowellsroofing.com
Yox Construction Services Llc,6515 W Clifton St,Tampa,FL,33634,United States,(786) 817-5615,https://www.yoxconstructionservices.com/,,,Construction company,Yox Construction Services - https://www.yoxconstructionservices.com/,,,,,,,https://www.facebook.com/Yox-Construction-Services-105297105551131,,,,28.0007931,'-82.5532703,,,,
Zorevion Roofing Contractor,6914 S Trask St,Tampa,FL,33616,United States,(442) 407-8030,,,,Roofing supply store,,,,,,,,,,,,27.865188,'-82.52237,,,,
American Construction Services,719 S 50th St,Tampa,FL,33619,United States,(813) 247-1419,https://www.americancsi.com/,carla.boyce@americancsi.com,,Construction services,"American Construction Services, Inc. of Tampa (ACS) was founded in 1985 by Mr. Carl Aldridge, Jr. as a residential and commercial construction company serving the greater Tampa area. In 1990 Mr. Robert Glover joined ACS to expand the company beyond the residential and commercial marketplaces into the industrial arena targeting the petro-chemical construction industry while expanding the company’s regional coverage.",$4.6 M,10,1985,,,https://www.linkedin.com/company/american-construction-experts-tampa,https://www.facebook.com/americancsitampafl,,,,27.9413548,'-82.4021988,Robert,Glover,,glover@americancsi.com
Baker Construction - Tampa,205 S Hoover Blvd,Tampa,FL,33609,United States,(813) 328-8271,https://www.bakerconstruction.com/,hernandezj@bakerconstruction.com,,Construction services,Baker Construction Enterprises seeks to become long-term partners with exceptional management teams and co-workers who share our goal of significant long-term growth while simultaneously leaving a lasting and positive impact on the communities in which we operate.,$3 B,96,2002,"16,162","23,237",https://www.linkedin.com/company/bakerconstruction,https://www.facebook.com/BakerConst1968,https://x.com/BakerConst1968,https://www.instagram.com/bakerconst1968,,27.9415054,'-82.5359726,Hernandez,Joshua,"Manager, Safety",hernandezj@bakerconstruction.com
Bay Area Roofing Supply Llc,1809 N 43rd St,Tampa,FL,33605,United States,(813) 716-6253,https://bayarearoofingsupply.com/contact-us,adam@bayarearoofingsupply.com,,Building supply store,Construction Supplies You Can Depend On.,,,,,,,,,,,27.9609203,'-82.4098663,,,,
Camp Facility Services,1308 Hobbs St,Tampa,FL,33619,United States,(888) 797-2267,https://campfs.com/,info@campfs.com,,Construction services,"CAMP Facility Services has been a trusted leader in the facility and construction management industry since 1978. With a focus on multifamily, condominium (HOA), and commercial clients, we offer a comprehensive range of services, including fire, flood, and disaster restoration, exterior and interior renovations, complete roofing services, as well as maintenance and service repairs.",$191.0 M,283,1978,"70,703","72,721",https://www.linkedin.com/company/camp-construction-services/about,https://www.facebook.com/campfacilityservices,,https://www.instagram.com/campfacilityservices,https://www.youtube.com/@CampFacilityServices,27.9589539,'-82.3302841,Nate,Schneider,Director of Interiors,nschneider@campfs.com
Coastal Roofing Supply - Tampa,1102 N 50th St,Tampa,FL,33619,United States,(727) 385-6729,https://www.coastalroofingsupply.com/,sales@coastalroofingsupply.com,,Building supply store,Coastal Roofing Supply is a company that specializes in roofing products for the residential and commercial industry. Our goal is to provide superior roofing products to the entire state of Florida at a competitive price. Our professional stocking service makes us the supplier of choice for many Florida roofing contractors.,$4.7 M,18,2009,"50,503","42,423",https://www.linkedin.com/company/coastal-roofing-supply-llc,https://www.facebook.com/coastalroofingsupplyuslbmllc,,,,27.9552402,'-82.4024963,Todd,Letawa,Branch Manager,tletawa@coastalroofingsupply.com
Home Depot Installation Services,9208 Florida Palm Dr,Tampa,FL,33619,United States,(813) 626-7540,http://www.homedepot.com/services/,delivery@homedepot.com,,Contractor,"U S Remodelers, founded in 1997 and headquartered in Livonia, Michigan, is a construction company specializing in commercial and residential remodeling services. The company operates multiple locations and provides home improvement solutions through partnerships with retailers like Home Depot.",$372 K,3,1997,"15,152","23,236",https://www.linkedin.com/company/the-home-depot,https://www.facebook.com/homedepot,,,,27.9449768,'-82.3528061,Rohn,Nusbaum,"Chief Operating Officer, Acrylic Bathroom Program",rohn.nusbaum@homedepot.com
"Keystone Construction Contractors, Llc",17633 Gunn Hwy,Odessa,FL,33556,United States,(727) 709-6608,https://www.kccontractorsllc.com/,rob@kccontractorsllc.com,Unknown,Building contractor,Home | Keystone Construction Contractors,,,,,,,https://www.facebook.com/Keystoneconstructioncontractors,,https://www.instagram.com/keystone_construction_llc,,28.1273899,'-82.5745697,,,,
LEONEL REMODELING LLC BATHROOM REMODELING PAINTING DOOR INSTALLATION BAS…,,Tampa,Florida,,United States,(813) 379-5282,https://leonelremodelingllc.com/,leobarbam@gmail.com,Unknown,Building contractor,"Leonel Remodeling LLC is a licensed and insured remodeling company, providing our clients with safe and professional services. Our licensing ensures compliance with industry standards, and our insurance provides added protection for our clients. You",,,,,,,https://www.facebook.com/people/Leonel-Remodeling-LLC/100072440619086,https://www.midoriux.com,,,27.9599991,'-82.5400009,,,,
Pombo's Contracting Services,5704 W Sligh Ave,Tampa,FL,33634,United States,(813) 323-7433,https://pomboscontracting.com/,pomboscontracting@gmail.com,,Contractor,"Pombo&s;s Screen Enclosures specializes in designing and building custom screen enclosures, lanais, and aluminum pergolas for homeowners in the Tampa Bay, Florida area. With over 20 years of experience, they focus on enhancing outdoor living spaces with quality craftsmanship and durable materials.",$6.5 M,26,2011,"15,152","23,236",https://www.linkedin.com/company/pombo-s-contracting-services-inc,https://www.facebook.com/pombos-contracting-services-inc-590815607677497,https://www.x.com/pomboscontrac,,,28.0103664,'-82.5400848,,,,
Power Home Remodeling,4135 Crescent Park Dr,Riverview,FL,33578,United States,(813) 471-9713,https://powerhrg.com/,recruiting@powerhrg.com,,Altering & remodeling contractor,"Founded in 1992, Power Home Remodeling Group an exterior home remodeling company. Power Home focuses their remodeling services towards energy and cost saving products. PHRG LLC is headquartered out of Chester, Pennsylvania.",$1.7 B,"3,000",1992,"15,152","23,236",https://www.linkedin.com/company/power-home-remodeling-group,https://www.facebook.com/PowerHRG,https://www.x.com/powerhrg,https://www.instagram.com/powerhrg,https://www.youtube.com/powerhrg,27.9136715,'-82.3463135,Michael,Varricchio,Team Lead and Inbound Scheduling Mentor,michael.varricchio@powerhrg.com
Senox Corporation,201 Kelsey Ln,Tampa,FL,33619,United States,(813) 623-6178,https://www.senox.com/,johndoe@senox.com,,Building supply store,Senox Corporation is a leading manufacturer and supplier of seamless gutter products for residential and light commercial construction. We are committed to fulfilling the needs of seamless gutter contractors every day with reliable parts coupled with quick and accurate service.,$68.8 M,172,1972,"17,176","23,238",https://www.linkedin.com/company/senox-corporation,https://www.facebook.com/SenoxCorp,https://senox.com,https://www.instagram.com/senox_gutters,https://www.youtube.com/@SenoxCorp,27.9451809,'-82.3596878,Senox,Credit,Lansing Building Products,senox@senox.com
Turner Construction Company,4300 W Cypress St,Tampa,FL,33607,United States,(813) 853-4440,https://www.turnerconstruction.com/,marketing@tcco.com,,Building contractor,"Turner is an international construction services company. Founded in 1902, Turner first entered the market using steel-reinforced concrete for general building construction. Today, the company continues to utilize emerging technologies and offers an a wide set of services.",$20.2 B,"11,000",1902,"15,154","23,236",https://www.linkedin.com/company/turner-construction-company,https://www.facebook.com/turnerconstruction,https://www.x.com/turner_talk,https://www.instagram.com/turnerconstructioncompany,https://www.youtube.com/@TurnerConstructionCo,27.9519501,'-82.5161285,John,Stud,Project Manager,johns@turnerconstruction.com
