Business,Street,City,State,Postcode,Country,Phone,Website,Email,Email Type,Categories,Description,Revenue,Employees,Founded,Sic,Naics,Linkedin,Facebook,X,Instagram,Youtube,Lat,Lng,Contact First Name,Contact Last Name,Contact Role,Contact Email
"1st Impressions Contractors, Inc.",9651 Hood Rd Ste 4,Jacksonville,FL,32257,United States,(904) 233-1116,https://www.1stimpressionscontractors.com/,info@1stimpressionscontractors.com,Unknown,Roofing contractor,"Serving commercial & residential clients throughout Florida, Texas, Tennessee, & more, 1st Impressions provides one-stop solutions for all your property needs.",,,,,,,https://www.facebook.com/p/1st-Impressions-Contractors-Inc-100063601959288,,,,30.2025852,'-81.5829822,,,,
3mg Roofing & Solar,10175 Fortune Pkwy Unit 1102,Jacksonville,FL,32256,United States,(904) 561-4333,https://3mg.com/locations/jacksonville-roofer/,info@3mgroofing.com,,Roofing contractor,"3mg Solutions LLC is a company that operates in the Management Consulting industry. It employs 20to49 people and has 1Mto5M of revenue. The company is headquartered in Winter Park, Florida.",$52.2 M,82,2020,"17,176","23,238",https://www.linkedin.com/company/3mgroofing,https://www.facebook.com/3mgroofing,https://x.com/3MGRoofingSolar,,https://www.youtube.com/channel/UC7MpxXryoxNoT_9OAYBu2IA,30.1851219,'-81.5480958,,,,
820 Group,7979 Ramona Blvd W,Jacksonville,FL,32221,United States,(904) 712-1820,https://820group.com/,julian.davila@820group.com,,General contractor,"820 is a problem-solving company in which youll find solutions for your property.
Building the Future Together!",,20,,,,,,,,,30.3138596,'-81.7811095,Julian,Davila,,julian.davila@820group.com
904 Handyman & Home Services Llc,6999-2 Merrill Rd,Jacksonville,FL,32277,United States,(904) 701-4166,https://www.904handymanandhomeservices.com/,904handymanandhomeservices@gmail.com,Unknown,Handyman/Handywoman/Handyperson,"Reliable handyman services for all your small to medium home repairs and improvements. Painting, drywall, assembly, minor plumbing & electrical. Call (888) 123-4567.",,,,,,,,,,,30.3523374,'-81.5815422,,,,
9oh4 Llc,54 Hutchinson Rd,Jacksonville,FL,32220,United States,(904) 386-0986,,,,Handyman/Handywoman/Handyperson,,,,,,,,,,,,30.3151283,'-81.8609266,,,,
A & E General Contractors,1415 Moody St,Jacksonville,FL,32206,United States,(904) 356-8300,http://aegeneralcontractors.com/,office@americancontractorsjax.com,Unknown,General contractor,"A & E General Contractors is a construction company based out of 1415 Moody St, Jacksonville, Florida, United States.",,4,,,,https://www.linkedin.com/company/a-&-e-general-contractors,,https://mailto:office@AmericanContractorsJax.com,,,30.368128,'-81.6360499,,,,
A To Z Construction & Roofing,5644 Baywood Terrace,Jacksonville,FL,32211,United States,(904) 314-9191,https://www.atozconstructionandroofing.com/contact,atozconstruction904@gmail.com,Unknown,Roofing contractor,A to Z Construction & Roofing,,,,,,,https://www.facebook.com,https://x.com,https://www.instagram.com,,30.3504763,'-81.6014292,,,,
A&g United Roofing,12220 Atlantic Blvd,Jacksonville,FL,32225,United States,(904) 947-4878,https://agunitedroofing.com/,info@agunitedjax.com,Unknown,Roofing contractor,Home | A&G United Roofing,,,,,,,,https://mailto:info@agunitedjax.com,,,30.3171949,'-81.4883897,,,,
A&o Builders Ll,7384 Hawks Cliff Dr,Jacksonville,FL,32222,United States,(904) 383-5564,,,,Roofing contractor,,,,,,,,,,,,30.2056529,'-81.8088117,,,,
A&r Inc,4560 Zambito Ave,Jacksonville,FL,32210,United States,(904) 219-5392,,,,General contractor,,,,,,,,,,,,30.2569839,'-81.8070853,,,,
A&t Roofing And Exteriors,10330 Chedoak Ct Ste 101,Jacksonville,FL,32218,United States,(904) 365-3828,https://www.atroofingexterior.com/,lissi@atroofingexteriors.com,Unknown,"Roofing contractor, Construction company, General contractor, Gutter cleaning service, Gutter service, Siding contractor","A&T Roofing and Exteriors is a small, family-owned company located in Jacksonville, Fl. Our goal is to not only help spread the knowledge of roofing but also create it. Bringing someone’s dream place to life is our #1 priority, and with us, quality will always matter.",,3,2021,,,,https://facebook.com/a&troofingandexteriors,,https://instagram.com/atroofingandexteriors,,30.42589,'-81.6554751,Jasmine,Moreno,Sales Manager,jasmine@atroofingexteriors.com
"A-z Speciality Services, Llc",2057 Mcgirts Point Blvd,Jacksonville,FL,32221,United States,(904) 377-3215,,,,"Construction company, Property maintenance",,,,,,,,,,,,30.2797303,'-81.8236516,,,,
A. J. Wells Roofing & Construction,,Jacksonville,FL,32204,United States,(904) 553-0069,https://ajwellsroofing.com/,sales@ajwellsrfg.com,,"Roofing contractor, Construction company, Waterproofing service",AJ Wells Roofing & Construction is a company that operates in the Construction industry. It employs 11-20 people and has $1M-$5M of revenue.,<$5 M,<25,,"17,176","23,238",https://www.linkedin.com/company/ajwellsroofingandconstruction,https://www.facebook.com/AJWellsRoofing,,https://www.instagram.com/ajwellsroofing,https://www.youtube.com/@AJWellsRoofingJax,30.3385426,'-81.6746345,,,,
A.p.v. Home Improvement,1645 Cortez Rd,Jacksonville,FL,32246,United States,(904) 760-2979,,,,"Construction company, Bathroom remodeler, Dry wall contractor, Flooring contractor, Handyman/Handywoman/Handyperson, Insulation contractor, Kitchen remodeler, Remodeler, Siding contractor, Sunroom contractor",,,,,,,,,,,,30.3221642,'-81.5334794,,,,
A1a Roof & Repair,388 33rd Ave S,Jacksonville Beach,FL,32250,United States,(904) 735-9913,http://www.a1aroofandrepair.com/,info@a1aroofandrepair.com,Unknown,Roofing contractor,"When roof repair and installation is not done properly, you expose yourself to leaks and potentially thousands of dollars in damages. A1A Roof and Repair is committed to keeping you safe by protecting your most valuable asset, your home. We provide a",,,,,,,https://www.facebook.com/A1AROOFS,,,,30.2631887,'-81.3892303,,,,
A1a Roofing,3107 Spring Glen Rd,Jacksonville,FL,32207,United States,(904) 674-0744,,,,Roofing contractor,,,,,,,,,,,,30.2937796,'-81.6094737,,,,
A1a Solar & Air,10418 New Berlin Rd Unit 223,Jacksonville,FL,32226,United States,(904) 468-7861,https://www.a1asolar.com/,mccoy@a1asolar.com,,"Solar energy company, Electric vehicle charging station contractor, Energy advisory service, Energy equipment and solutions, Hot water system supplier, HVAC contractor, Insulation contractor, Solar energy system service, Solar panel maintenance service","A1A Solar is a leading provider of renewable energy solutions, specializing in solar power systems, battery storage, HVAC, and energy efficiency improvements for residential and commercial clients. The company is known for its expertise and commitment to customer satisfaction, offering pre-qualified certified solar contracting services.",$13.3 M,26,2010,"16,162","23,237",https://www.linkedin.com/company/a1a-solar-contracting-inc,https://www.facebook.com/A1Asolar,https://www.x.com/a1asolar,https://www.instagram.com/a1asolar,,30.4234616,'-81.565153,Pete,Wilking,President & Founder,pete@a1asolar.com
Aaa Roofmasters Inc,5991 Chester Ave Unit 110,Jacksonville,FL,32217,United States,(904) 713-7663,https://www.aaaroofmastersinc.com/,sales@aaaroofmastersinc.com,Unknown,Roofing contractor,"A A A Roof Masters Inc is a company that operates in the Commercial & Residential Construction industry. It employs 10to19 people and has 1Mto5M of revenue. The company is headquartered in Tallahassee, Florida. (Private company)",$3.0 M,11,,"17,176","23,238",,https://www.facebook.com/groups/ClickFunnels,,,,30.224099,'-81.592439,,,,
Abc Supply Co. Inc.,1972 Wells Rd,Orange Park,FL,32073,United States,(904) 830-3230,https://www.abcsupply.com/locations/location/,customersupport@abcsupply.com,,"Roofing supply store, Solar energy equipment supplier","ABC Supply Co., Inc. is the largest wholesale distributor of roofing and other select exterior and interior building products in North America. Since its founding in 1982, ABC Supply’s sole focus has been serving professional contractors and “making it easy” for them to do their jobs by offering the products, support and services they need — including myABCsupply, which allows them to place material orders and manage their account details from anywhere.",$20.4 B,8540,1982,"50,503","42,423",https://www.linkedin.com/company/abc-supply,https://www.facebook.com/ABCSupplyCo,,https://www.instagram.com/abcsupplycoinc,https://www.youtube.com/channel/UC1ME1XrT3I7n3csvQ2D_vig,30.1850243,'-81.7409264,Jim,Baniewicz,Chief Operating Officer,jbaniewicz@abcsupply.com
Abc Supply Co. Inc.,2045 W 26th St,Jacksonville,FL,32209,United States,(904) 924-7974,https://www.abcsupply.com/locations/location/,customersupport@abcsupply.com,,"Building materials supplier, Building materials store, Manufacturer, Window supplier","ABC Supply Co., Inc. is the largest wholesale distributor of roofing and other select exterior and interior building products in North America. Since its founding in 1982, ABC Supply’s sole focus has been serving professional contractors and “making it easy” for them to do their jobs by offering the products, support and services they need — including myABCsupply, which allows them to place material orders and manage their account details from anywhere.",$20.4 B,8540,1982,"50,503","42,423",https://www.linkedin.com/company/abc-supply,https://www.facebook.com/ABCSupplyCo,,https://www.instagram.com/abcsupplycoinc,https://www.youtube.com/channel/UC1ME1XrT3I7n3csvQ2D_vig,30.3602973,'-81.6921073,Jim,Baniewicz,Chief Operating Officer,jbaniewicz@abcsupply.com
Acosta Roofing Company,12276 San Jose Blvd,Jacksonville,FL,32223,United States,(386) 348-4446,,,,"Roofing contractor, Building firm, Carpenter",,,,,,,,,,,,30.1470425,'-81.6354929,,,,
Act Metal Deck Supply,1560 Jessie St,Jacksonville,FL,32206,United States,(800) 894-7741,https://www.metaldecksupply.com/,sales@metaldecksupply.com,Service busy,Metal supplier,"A.C.T. Metal Deck Supply is a full-service metal deck distributor with 15 locations in 11 states serving the U.S. and abroad. Metal roof deck, form deck and composite floor decks are available in all types, gauges and finishes for immediate use as well as any size order produced for any project requirements and schedule.",$6 M,20,1993,"50,503","42,423",https://www.linkedin.com/in/metaldecksupply,https://www.facebook.com/actmetaldecksupply,https://x.com/metaldecksupply,,https://www.youtube.com/channel/UCaC563acDqA-0Q0UZsJV6Vw,30.3328585,'-81.6339802,Gustav,Linner,"Manager, Information Technology",glinner@metaldecksupply.com
Advanced Roofing Inc.,4671 Edison Ave,Jacksonville,FL,32254,United States,(904) 826-3860,https://www.advancedroofing.com/,sales@advancedroofing.com,,"Roofing contractor, Solar energy company","Established in 1983, Advanced Roofing Inc. is a full-service commercial roofing contractor specializing in re-roofing, replacements, repairs, maintenance, and solar energy services for occupied buildings in Florida and the Caribbean.",$366 M,395,1983,"17,176","23,238",https://www.linkedin.com/company/advanced-roofing,https://www.facebook.com/AdvancedRoofing,https://x.com/AdvancedRoofFL,https://www.instagram.com/advancedroofinginc,https://www.youtube.com/user/AdvancedRoofingInc,30.322855,'-81.72602,Dale,Elkins,,dalee@advancedroofing.com
Afab Solutions,1867 Caravan Trail #109,Jacksonville,FL,32216,United States,(904) 783-8771,https://afabsolutionsllc.com/,info@afabsolutionsllc.com,Unknown,Stucco contractor,"AFAB Solutions LLC is a leading stucco company based in Jacksonville, FL, specializing in stucco repair and installation services. Their skilled team also offers a range of home improvement services, including residential and commercial painting, remodeling, and maintenance solutions.",$1.3 M,9,,"32,327","32,327",,https://facebook.com/pg/afabsolutions,,,,30.3127418,'-81.5632015,,,,
Ak Certified Contracting Llc,3491 Pall Mall Dr Ste 119,Jacksonville,FL,32257,United States,(386) 302-9063,https://akccfl.com/,website@akccfl.com,Unknown,"Roofing contractor, Contractor, Gutter cleaning service, Siding contractor","AK Certified Contracting is a local company dedicated to revolutionizing roofing services in the Northeast Florida area. We are committed to delivering an exceptional experience to our customers, whether its for private residences, rental properties, or commercial buildings, with unparalleled attention to detail.",$1.2 M,7,2017,"17,176","23,238",https://www.linkedin.com/company/ak-certified-roofing,https://www.facebook.com/akccfl,https://x.com/akcroofingfl,https://www.instagram.com/akcertifiedroofing,https://www.youtube.com/channel/UCrMw4YIvfeZuzjq8ZmVhWVg,30.2003531,'-81.6207618,Brianna,Tracy,Office Manager,btracy@akccfl.com
Al-jackson Roof Install,11798 San Jose Blvd 17 Suite 17,Jacksonville,FL,32223,United States,(904) 204-2363,https://jacksonvillerooffix.cc/,,,Roofing contractor,Roof Repair in Jacksonville (904) 204-2363 Call Us,,,,,,,,,,,30.157136,'-81.6340617,,,,
Alan Taylor Roofing,,Jacksonville,FL,32216,United States,(904) 701-7417,,,,Roofing contractor,,,,,,,,,,,,30.291102,'-81.5706967,,,,
Alan Taylor Roofing Llc,1029 Blanding Blvd Unit 705,Orange Park,FL,32065,United States,(904) 291-8438,https://alantaylorroofing.com/,alan@alantaylorroofing.com,,"Roofing contractor, Contractor","Alan Taylor Roofing is a third generation Company dating back to 1956 North Floridas residential roofing company serving Duval, Clay, and St Johns county. Alan Taylor Roofing is a proud member of FRSA Floridas Association of Roofing Professionals. FRSA is the industry voice on Florida specific building codes and legislation and supports licensed professional contractors.",<$5 M,<25,1956,"17,176","23,238",,https://www.facebook.com/alantaylorroofing,,,,30.1333403,'-81.7786594,Renee,Taylor,Project Manager,renee@alantaylorroofing.com
All American Gutter Protection,7052 103rd St Ste 306,Jacksonville,FL,32210,United States,(888) 323-8090,https://www.allamericangutterprotection.com/location/jacksonville-florida/,customerservice@allamericangutterprotection.com,,"Gutter service, Gutter cleaning service","All American Gutter Protection specializes in premium gutter guards designed to prevent clogs caused by leaves and debris, ensuring year-round protection for homes. Their products come with a lifetime performance guarantee, promising homeowners a hassle-free, maintenance-free solution to gutter cleaning.",$9 M,39,2015,"17,176","23,238",https://linkedin.com/company/6644543,https://facebook.com/endguttercleaningforever,https://x.com/all_american_gp,https://instagram.com/allamericangutterprotection,https://youtube.com/@allamericangutterprotection,30.2472218,'-81.7614191,Greg,Brosch,National Sales Trainer,greg@allamericangutterprotection.com
All American Roofing,8130 Ribault Scenic Dr,Jacksonville,FL,32208,United States,(904) 789-6712,,,,Roofing contractor,,,,,,,,,,,,30.3938045,'-81.6823113,,,,
All Around Roofing,8540 W Beaver St,Jacksonville,FL,32220,United States,(904) 783-9500,,,,"Roofing contractor, Repair service, Skylight contractor",,,,,,,,,,,,30.3199371,'-81.7942278,,,,
All Around Roofing,8540 Baycenter Rd,Jacksonville,FL,32256,United States,(904) 977-8300,https://allarroofing.com/,,,Roofing contractor,,,,,,,,,,,,30.2284396,'-81.5835712,,,,
All Clean Pressure Washing & Roof Cleaning,360 14th Ave S,Jacksonville Beach,FL,32250,United States,(904) 480-8893,https://allclean904.wixsite.com/allcleanpressurewash,,,"Pressure washing service, Gutter cleaning service, Waterproofing service, Window cleaning service",,,,,,,,,,,,30.2747362,'-81.3900399,,,,
All Dry Services Of Se Jacksonville,13830 Gran Bay Pkwy #301,Jacksonville,FL,32258,United States,(904) 592-9111,https://alldryjax.com/,service@alldryjax.com,Unknown,"Water damage restoration service, Building restoration service","All Dry Services is a mold removal and water damage restoration company serving Jacksonville FL. Call now for fast, 24/7 emergency cleanup and repair.",,,,,,https://www.linkedin.com/company/all-dry-se-jacksonville,https://www.facebook.com/alldryservicessejacksonville,https://alldryjax.com/sitemap,https://www.instagram.com/alldryjax,https://www.youtube.com/@AllDryJAX,30.1354551,'-81.5119278,,,,
All Metals Fabrication Llc,4235 St Augustine Rd,Jacksonville,FL,32207,United States,(904) 862-6885,https://amfllc.net/,contact@amfllc.net,,"Roofing supply store, Metal fabricator","At all Metals Fabrication, LLC we pride ourselves in delivering a top notch product manufactured to your specific needs using only American Made metal for our products. We operate a complete custom sheet metal accessory shop that help design and build most anything needed to make your home, business, or a one of a kind project.",$1.4 M,8,2017,,,https://www.linkedin.com/company/all-metals-fabrication-llc,https://www.facebook.com/allmetalfabinc,,,,30.2769056,'-81.6420786,Brian,Barlow,Senior Estimator,brian.barlow@amfllc.net
All Pro Roofing And Consulting Llc,11633 Philips Hwy,Jacksonville,FL,32256,United States,(904) 337-1082,https://www.allproroofingllc.com/,brian@allproroofingllc.com,,"Roofing contractor, Siding contractor, Window installation service","All Pro Roofing & Consulting, LLC is a professional roofing contractor based in Jacksonville, FL, specializing in both residential and commercial roofing services. They offer a comprehensive range of exterior services, including roofing, siding, window, and door installations, as well as emergency repairs.",$982 K,6,,"17,176","23,238",,https://www.facebook.com/allproroofingllc,https://www.x.com/allproroofing1,https://www.instagram.com/allproroofingandconsulting,,30.1588053,'-81.5318863,Brian,Damico,Partner,brian@allproroofingllc.com
All Rite Roofing Inc,5534 Normandy Blvd,Jacksonville,FL,32205,United States,(904) 789-6713,,,,Roofing contractor,,,,,,,,,,,,30.308339,'-81.7425343,,,,
All South Roofing Co,406 Roberts St,Jacksonville,FL,32254,United States,(904) 781-6363,,,,Roofing contractor,,,,,,,,,,,,30.3211541,'-81.7417594,,,,
All Weather Contractors,1702 Lindsey Rd,Jacksonville,FL,32221,United States,(904) 781-7060,https://allweathercontractors.com/,info@allweathercontractors.com,,"General contractor, Air conditioning contractor","All Weather Contractors provides a number of quality, licensed services performed by certifies, skilled and factory trained professionals. There arent many contractors that have licensed professionals in construction, HVAC, property maintenance and plumbing services available within one company.",$16.9 M,74,2008,"76,769","23,238",https://www.linkedin.com/company/4445298,https://www.facebook.com/AllWeatherContractors,https://www.x.com/allweatherjax,https://www.instagram.com/allweathercontractors,,30.2889906,'-81.7863155,Jimmy,Lubani,,jlubani@allweathercontractors.com
Allegiance Roof Systems Llc,9556 Historic Kings Rd S Ste 402,Jacksonville,FL,32257,United States,(904) 513-3976,https://www.allegianceroofjax.com/,allegianceroofsystems@gmail.com,,Roofing contractor,"Allegiance Roof Systems is a top rated roofing contractor located in Jacksonville, Florida. Our roofing company has teams of roofers ready to install metal, tile, flat, or shingle new roofs as well as repair roofs on homes and businesses in and around Jacksonville, Jax Beach, Ponte Vedra Beach and Orange Park.",,1,2015,,,,https://facebook.com,,,,30.2047074,'-81.5784576,,,,
Alliance Roofing And Construction,5151 Sunbeam Rd,Jacksonville,FL,32257,United States,(888) 216-0459,,,,Contractor,,,,,,,,,,,,30.206638,'-81.5808387,,,,
Allied Restoration & Construction,11501 Columbia Park Dr W,Jacksonville,FL,32258,United States,(844) 925-5433,https://alliedrandc.com/,sbays@alliedrandc.com,Unknown,"Water damage restoration service, Building restoration service, Cleaning service, Construction company, Fire damage restoration service","Allied Restoration & Construction specializes in professional water damage, fire restoration, and remodeling services for both residential and commercial clients. They provide emergency assistance for flooding, smoke damage assessment, and mold mitigation to ensure health and safety.",$6.7 M,32,2016,"15,152","23,236",https://www.linkedin.com/company/allied-restoration-and-construction,https://www.facebook.com/Allied-Restoration-and-Construction-357564817979740,,,,30.1587573,'-81.5384888,Larry,Augst,Regional Manager,laugst@alliedrandc.com
Alpha Foundations,55 Industrial Loop,Orange Park,FL,32073,United States,(904) 872-6198,https://www.alphafoundations.com/about/meet-the-team/jacksonville-branch/,sales@alphafoundations.com,Service busy,"Concrete contractor, Contractor, Foundation, Water damage restoration service, Waterproofing service","Alpha Foundations is proud to be part of Groundworks—North America’s leading and fastest-growing foundation solutions company.
At Alpha Foundations, were not just about providing services; were about educating homeowners on the importance of structural integrity and crawl space solutions.",$29.9 M,129,2003,"86,17","23,238",https://www.linkedin.com/company/alpha-foundations,,,,,30.1803333,'-81.7145507,Ryan,Parker,Certified Field Inspector,ryan@alphafoundations.com
Alpine Roofing Inc.,604 Edgewood Ave S,Jacksonville,FL,32205,United States,(904) 789-6710,,,,Roofing contractor,,,,,,,,,,,,30.3159238,'-81.7225138,,,,
"Alton Roofing Services, Llc",5352 Hwy Ave,Jacksonville,FL,32254,United States,(904) 235-5224,,,,Roofing contractor,,,,,,,,,,,,30.3209608,'-81.7384044,,,,
Ambiance Roofing Depot,12724 Gran Bay Pkwy Suite 410,Jacksonville,FL,32258,United States,(904) 776-5740,,,,Roofing contractor,,,,,,,,,,,,30.1395695,'-81.5319168,,,,
Amelia Roofing,5756 Heckscher Dr,Jacksonville,FL,32226,United States,(904) 333-6496,,,,Roofing contractor,,,,,,,,,,,,30.4113255,'-81.5187243,,,,
America's Best Roofing And Construction,6251 Philips Hwy Ste 6,Jacksonville,FL,32216,United States,(904) 775-7663,https://abrcflorida.com/,info@abrcflorida.com,Unknown,Roofing contractor,Serving Florida for over 20 Years,,,,,,,,,https://www.instagram.com/abrcflorida,,30.2582625,'-81.6112546,,,,
"Amw Contracting, Inc.",144 S Arlington Rd,Jacksonville,FL,32216,United States,(904) 725-4197,https://www.amwcontracting.com/,metalroofpro@yahoo.com,,"Roofing contractor, General contractor","At AMW Contracting, were a facilities management company that businesses throughout Jacksonville and Northeast Florida can trust to improve their facilities and respond to emergencies that could otherwise affect normal business operations. Were on call 24/7 to ensure business owners always have access to the reliable and professional support they need to maintain comfortable and functional facilities.",<$5 M,<25,1999,"17,176","23,238",,https://www.facebook.com/amwcontracting1/%20,,,,30.3109516,'-81.5791757,Cheryl,Merritt,Service Coordinator,cheryl@amwcontracting.com
Anderson Restoration & Emergency Services,221 N Hogan St #321,Jacksonville,FL,32202,United States,(904) 827-9919,http://andersonrestoration.com/,andersonrestoration@gmail.com,,"Water damage restoration service, Fire damage restoration service","In cases of severe water, mold, or fire damage, it may be necessary to perform a complete interior reconstruction which includes installation of new flooring, drywall replacement, painting, and the replacement of cabinets, trim carpentry, insulation, sub-floors, and more.",$5 M,5,2007,,,,,,,,30.3288067,'-81.65988,,,,
Apex Roofing & Contracting,824 Shetter Ave,Jacksonville,FL,32250,United States,(904) 867-7574,https://apexroofingfl.com/,judy@apexroofingfl.com,,"Roofing contractor, Construction company, Contractor, Roofing supply store","Apex Roofing & Contracting, based in Jacksonville, FL, specializes in residential and commercial roofing, offering a comprehensive range of services including roof repairs, waterproofing, remodels, and custom design and build. The company is known for its expertise in handling projects for single-family homes, multi-family complexes, and commercial properties, utilizing premium materials to ensure durability and safety.",$450 K,7,,"17,176","23,238",,https://www.facebook.com/ApexRoofingandConsulting,,,https://www.youtube.com/watch,30.2869196,'-81.3979531,,,,
Apex Roofing & Restoration,337 W Forsyth St Suite 201,Jacksonville,FL,32202,United States,(904) 934-9172,https://apexroofs.com/,press@apexroofs.com,,Roofing contractor,"“Alabama’s Largest and Most Trusted Roofing Company” 
Apex Roofing and Restoration serves as general contractor on residential, multi-family and commercial projects across the southeast; often immediately responding to weather events. Apex teams are trained for rapid response and accurate documentation and analysis of property lost; Apex is also one of only a handful of companies in the country to boast the highest level of certifications from the top manufacturers in the United States.",$11.3 M,218,2010,"17,176","23,238",https://www.linkedin.com/company/apex-roofing-restoration/%20,https://www.facebook.com/ApexRoofingandRestorationLLC,,https://www.instagram.com/apexroofingprofessionals,,30.3283124,'-81.6625218,Julius,Williams,Sales & Marketing Specialist,jwilliams@apexroofs.com
Aqua Roofing And Restoration,3832 Baymeadows Rd,Jacksonville,FL,32217,United States,(904) 646-8721,,,,"Roofing contractor, Fire damage restoration service, Water damage restoration service",,,,,,,,,,,,30.2173651,'-81.6154682,,,,
Aquaguard Mitigation,Touchton Rd Building 100,Jacksonville,FL,32246,United States,(904) 265-3720,https://aquaguardmitigation.com/,,,Roofing contractor,"​AquaGuard Mitigation specializes in providing emergency roof tarping and 24/7 water mitigation services to both residential and commercial properties. Recognizing the urgency and stress associated with roof leaks and water damage, our dedicated team offers prompt and reliable solutions to safeguard your property and restore comfort",,1,2023,,,https://www.linkedin.com/company/aquaguard-mitigation-llc,https://www.facebook.com/567342473135208,,https://www.instagram.com/aquaguard_mitigation,,30.2629921,'-81.54904,,,,
Arac Roof It Forward,50 N Laura St Suite 2500,Jacksonville,FL,32246,United States,(904) 334-6230,https://www.roofitforward.com/jacksonville,nathansaulsberry@roofitforward.com,,Roofing contractor,"Hi! I’m Tommy Morgan, an expert Roofing Consultant for ARAC Roof It Forward for more than five years. My team and I specialize in the North Georgia area, including Bartow, Cherokee, Cobb, and Paulding. Roof It Forward is a commercial and residential contractor specializing in roofing, siding, gutters, painting, insulation and many other trades.",$15.9 M,4,2005,"17,176","23,238",https://www.linkedin.com/in/arac-roof-it-forward-584b3b66,https://www.facebook.com/aracroofitforwardga,https://x.com/ARACRoofIt,,https://www.youtube.com/channel/UC5tGVFSv6uW9JPUZxwrOsPQ,30.3270609,'-81.6613854,Chad,Felkel,Restoration Consultant,chadfelkel@roofitforward.com
Arctic Enterprises Inc.,1891 Louie Carter Rd,Jacksonville,FL,32234,United States,(904) 759-9141,https://www.arcticroofing.com/,jcarr@jacksonvillefoamroof.com,Service busy,Roofing contractor,"Arctic Enterprises Inc. is a state certified commercial roofing contractor based in Jacksonville, Florida, specializing in SPF foam roofing, metal roof restoration, silicone coating systems, and commercial flat roof installations. With over 30 years of experience, they cater to commercial properties, warehouses, industrial parks, shopping centers, hospitals, and government entities across Florida and Georgia.",$6.8 M,26,2006,"17,176","23,238",https://www.linkedin.com/pub/jeff-carr/12/317/b8,https://www.facebook.com/ArcticEnterprises,,,,30.0928815,'-81.9866924,,,,
Ardell Roofing Inc,,Orange Park,FL,32065,United States,(904) 531-9454,,,,Roofing contractor,,,,,,,,,,,,30.1712245,'-81.8552196,,,,
Armada Construction Services Llc,8806 Brierwood Rd,Jacksonville,FL,32257,United States,(904) 449-5112,https://armadaconstructionjax.com/,contactus@armadaconstructionjax.com,Service busy,"Roofing contractor, Air conditioning contractor, Air conditioning repair service, Bathroom remodeler, Construction company, Fire damage restoration service, General contractor, Kitchen remodeler, Plumber, Water damage restoration service","Armada Construction is a locally owned roofing and construction company based in Jacksonville, Florida, specializing in roof installations, repairs, and replacements, as well as a variety of other services including HVAC, plumbing, and damage restoration.",$4.8 M,9,2010,"17,176","23,238",https://www.linkedin.com/company/armada-construction-services,https://www.facebook.com/armadaconstructionjax,https://armadaconstructionjax.com/plumbing,,,30.2202808,'-81.5978962,,,,
Armor Roofingcompany,3885 Julington Creek Rd,Jacksonville,FL,32223,United States,(904) 371-0234,https://www.armorroofingcojax.com/,s.kelly@armorroofingcojax.com,Service busy,Roofing contractor,"Armor Roofing Company is a prominent roofing contractor based in Jacksonville, Florida, specializing in both residential and commercial roofing services since 2003. They offer a wide selection of high-quality roofing products, including GAF/ELK and Owens Corning, ensuring customer satisfaction with extended warranties and workmanship guarantees.",$1.1 M,6,2003,"17,176","23,238",https://www.linkedin.com/in/stephen-a-kelly-9847673a,https://www.facebook.com/Stephenk1970,https://mailto:s.kelly@armorroofingcojax.com,,,30.1387893,'-81.6099223,,,,
Armstrong Family Roofing,5730 Bowden Rd,Jacksonville,FL,32216,United States,(386) 342-4984,,,,"Roofing contractor, Building firm, Carpenter",,,,,,,,,,,,30.2635378,'-81.6069802,,,,
Arqen Remodeling,5263 Vassar Rd,Jacksonville,FL,32207,United States,(904) 930-8863,https://arqenremodeling.com/,,,"Roofing contractor, Bathroom remodeler, Deck builder, Flooring contractor, Kitchen remodeler, Painting, Remodeler",arqenremodeling.com,,,,,,,https://www.facebook.com/arqenremodeling,,https://www.instagram.com/arqenremodeling,,30.2669382,'-81.6407858,,,,
As New Again Pressure Washing,1433 Romney St #5,Jacksonville,FL,32211,United States,(904) 274-5418,https://www.asnewagainpw.com/,asnewagainpw@gmail.com,,"Pressure washing service, Gutter cleaning service, Window cleaning service","As New Again Pressure Washing is a Jacksonville-based company specializing in professional pressure washing services for both residential and commercial properties. They offer a comprehensive range of services, including house washing, roof cleaning, paver sealing, and exterior cleaning for apartment complexes and storefronts.",$5.3 M,12,2012,"17,179","56,561",https://www.linkedin.com/company/as-new-again-pressure-washing-llc,https://www.facebook.com/low.pressure.methods,https://www.x.com/asnewagain,,,30.3355525,'-81.6000029,,,,
Asap Roof Inspections,5508 Wilmin Way,Jacksonville,FL,32207,United States,(904) 246-3969,http://asaproofinspections.com/,,,"Roofing contractor, Plumber","ASAP Roof Inspections is a company that operates in the Construction industry. It employs 11-20 people and has $1M-$5M of revenue. The company is headquartered in Jacksonville, Florida.",<$5 M,<25,,"73,738","54,541",,,,,,30.2958592,'-81.6078109,,,,
"Assign Commercial Group, Llc",2375 St Johns Bluff Rd S Ste 103 Ste 103,Jacksonville,FL,32246,United States,(904) 945-4175,https://www.assigncommercialgroup.com/,mike@assigncommercialgroup.com,,General contractor,"Assign Commercial Group, located in Jacksonville, FL, specializes in superior metal building construction tailored for diverse needs, including commercial, residential, and industrial applications. The company offers custom-designed metal structures such as offices, schools, warehouses, and more, utilizing advanced technology for design and implementation.",$1.5 M,7,2011,"15,154","23,236",https://www.linkedin.com/company/assign-commercial-group-llc,https://www.facebook.com/aloha-tiki-creations-353072464770246,,,,30.306499,'-81.5253071,John,Adkins,"Director, Business Development & Sales Associate",john@assigncommercialgroup.com
Avenue Roofing,6251 Philips Hwy Suite #5,Jacksonville,FL,32216,United States,(904) 467-8813,https://avenueroofing.com/,admin@avenueroofing.com,Service busy,Roofing contractor,"Avenue Roofing, located in Jacksonville, FL, specializes in high-quality roofing solutions for both residential and commercial properties. Their comprehensive services include roof repairs, replacements, inspections, and various roofing materials such as metal, asphalt, and tile.",$1.5 M,6,,"17,176","23,238",,https://www.facebook.com/avenueroofing,,,,30.2582625,'-81.6112546,,,,
Baker Roofing Company,9143 Philips Hwy Suite 170,Jacksonville,FL,32256,United States,(904) 204-6221,https://bakerroofing.com/jacksonville-fl-roofing-company/,info@bakerroofing.com,Unknown,Roofing contractor,"Founded in 1915, Baker Roofing Company operates as a commercial & residential roofing contractor. They offer roof replacement, repair, maintenance, assessment, coating, concrete, structural, & masonry restoration services, as well as providing installation and repair services.",$1.1 B,"1,710",1915,"17,176","23,238",https://www.linkedin.com/company/baker-roofing-company,https://www.facebook.com/bakerroofing,https://www.x.com/bakerroofing,https://www.instagram.com/bakerroofing,https://www.youtube.com/user/BakerRoofingCompany,30.2007108,'-81.5724458,Richard,Jenkins,Vice President,rjenkins@bakerroofing.com
Baldwin Roofing Company,8638 Philips Hwy Suite 12,Jacksonville,FL,32256,United States,(833) 217-7663,https://baldwinroofing.com/,office@baldwinroofing.com,Service busy,"Roofing contractor, Contractor","Baldwin Roofing is a roofing contractor based in Tampa, FL, specializing in high-quality residential and commercial roofing services, including shingle, metal, tile, and solar roofing. The company is committed to exceptional craftsmanship and customer satisfaction, offering services such as roof repairs, gutter installations, and storm damage restoration.",$1.1 M,14,2018,"17,176","23,238",https://www.linkedin.com/company/baldwin-roofing-company,https://www.facebook.com/baldwinroofingco,https://www.x.com/baldwinroofing,https://www.instagram.com/baldwinroofing,https://www.youtube.com/@BaldwinRoofing/featured,30.2094836,'-81.5806347,Jason,Mcpherson,General Manager,jason@baldwinroofing.com
Bao Construction Llc,10600 Theresa Dr #3,Jacksonville,FL,32246,United States,(904) 860-7437,https://baoconstructions.com/,,,Construction company,"If you’re looking for a professional team for all your roofing needs, we’ve got it all!",,,,,,,https://www.facebook.com/Bao-Construction-LLC-104869121775688,,,,30.3202291,'-81.5250723,,,,
Barber Klein,2443 St Johns Bluff Rd S,Jacksonville,FL,32246,United States,(904) 990-1075,https://barberklein.com/,info@barberklein.com,Service busy,General contractor,"Barber Klein, founded in 2006, is a woman owned, full service Design-Build firm headquartered in Jacksonville, FL. Our services include General Contracting, Construction Management, Construction Inspection, Design-Build and Commercial Roofing to public and private sector clients throughout the Southeast.",$5.2 M,16,2006,"72,724","81,812",https://www.linkedin.com/company/barber-klein,https://www.facebook.com/BarberKlein,,,,30.3048348,'-81.5251364,James,Hartmann,Branch Manager for Barber Klein Roofing (jacksonville),jhartmann@barberklein.com
Barrett Roofing Co,1910 Cassat Ave,Jacksonville,FL,32210,United States,(386) 342-4974,,,,"Roofing contractor, Building firm, Carpenter",,,,,,,,,,,,30.2833003,'-81.7307722,,,,
Baxter Restoration,8880 Corporate Square Ct Unit 3-4,Jacksonville,FL,32216,United States,(904) 329-3002,,,,"Water damage restoration service, Building restoration service, Fire damage restoration service",,,,,,,,,,,,30.305721,'-81.563189,,,,
Bbg Contracting Group Inc,10562 New Kings Rd,Jacksonville,FL,32219,United States,,,,,Roofing contractor,,,,,,,,,,,,30.42635,'-81.757259,,,,
Beaches Home Solutions,1715 Penman Rd,Jacksonville Beach,FL,32250,United States,(904) 372-3136,,,,Handyman/Handywoman/Handyperson,,,,,,,,,,,,30.3030431,'-81.4062359,,,,
Beaches Roofing Services,4376 Coquina Dr,Jacksonville,FL,32250,United States,(904) 903-0184,https://www.beachesroofingservices.com/,kemp@beachesroofingservices.com,Unknown,Roofing contractor,Beaches Roofing Services Of Jacksonville - Beaches Roofing Service,,,,,,,,,,,30.2660069,'-81.4328558,,,,
Beaver Home Services,216 Industrial Loop S Ste 101,Orange Park,FL,32073,United States,(904) 726-7080,https://beaverhomeserv.com/orange-park-roofing-contractor/,info@beaverhomeserv.com,Service busy,"Roofing contractor, Chimney services, Gutter cleaning service, Waterproofing service","Beaver Home Services is a Jacksonville-based roofing company specializing in emergency roof repair, inspections, and various roofing services. They provide 24/7 services and cater to both residential and commercial clients throughout Florida, ensuring quality craftsmanship and customer satisfaction.",$4.2 M,16,2018,"17,176","23,238",https://www.linkedin.com/company/40849412,https://www.facebook.com/beaverhomeserv,,https://www.instagram.com/beaverhomeservices,,30.1791447,'-81.7137791,,,,
Bemar Construction,5818 Grace Ln,Jacksonville,FL,32205,United States,(904) 683-3771,https://www.bemarconstruction.com/,krs@bemarconstruction.com,,Construction company,"Bemar Construction is a Florida based company, located in Jacksonville. The company was established in 2007, and within that time the company has expanded and continues to grow. The company is under the direction and supervision of a State Certified General Contractor.",$401 K,5,2007,"15,154","23,236",https://www.linkedin.com/company/bemar-construction,,,,,30.3088855,'-81.7480521,Mario,Mendez,President,mario@bemarconstruction.com
Benchmark Quality Gutters,11828 New Kings Rd #115,Jacksonville,FL,32219,United States,(904) 759-9800,https://benchmarkqualitygutters.com/,web.archive.orgweb20161216063822benchmarkqualitygutters@gmail.com,,Gutter cleaning service,BENCHMARK QUALITY GUTTERS | Professional seamless gutter installation and maintenance. CALL NOW 9047599800.,,5,,"17,176","23,238",https://www.linkedin.com/company/benchmark-quality-gutters,https://www.facebook.com/Benchmark.Quality.Gutters,https://www.x.com/benchmark_fl,,,30.4485803,'-81.7697819,,,,
Benton Integrity Replacement Windows & Doors,5570 Florida Mining Blvd S Ste 309,Jacksonville,FL,32257,United States,(904) 428-1311,https://www.bentonintegrityreplacementwindows.com/,,,"Window installation service, Bathroom remodeler, Door supplier, Kitchen remodeler",,,,,,,,,,,,30.1857461,'-81.5696914,,,,
Benton Integrity Roofing Systems,5570 Florida Mining Blvd S,Jacksonville,FL,32257,United States,(904) 262-7663,https://www.integrityroofingsystems.com/,servicetech@integrityroofingsystems.com,,"Roofing contractor, General contractor","Benton Integrity Roofing Systems is a company based out of JACKSONVILLE, FL, United States.",$2 M,3,,"17,176","23,238",https://www.linkedin.com/company/benton-integrity-roofing-systems,,,,https://www.youtube.com/channel/UChL7Uk4okWOg0cRHb2NkvPg,30.1857411,'-81.5695827,,,,
Best Choice Roofing,8933 Western Way Suite 14,Jacksonville,FL,32256,United States,(904) 747-3202,https://bestchoiceroofing.com/jacksonville/,marketing@bestchoiceroofing.com,,Roofing contractor,"Best Choice Roofing (BCR) has been protecting homes and building careers since 2009, helping thousands of homeowners restore their properties after storm damage and natural weathering. What started as a small business has grown into one of the largest and fastest-growing residential roofing companies in the U.",$67.8 M,969,2009,"17,176","23,238",https://www.linkedin.com/company/best-choice-roofing,https://www.facebook.com/866bestchoice,https://www.x.com/bestchoicer,https://www.instagram.com/866bestchoice,https://www.youtube.com/channel/UCmXr_TUtz6ScxjXQ3cSe1RA,30.204419,'-81.5578134,Michael,Demo,General Manager,michael.demo@bestchoiceroofing.com
Best Jacksonville Roofing,7033 Commonwealth Ave 23 #23,Jacksonville,FL,32220,United States,(904) 441-5126,https://jacksonvillerooffix.com/,,,Roofing contractor,Roof Repair in Jacksonville (904) 441-5126 Call Us,,,,,,,,,,,30.3364024,'-81.764125,,,,
Best Roof Company,10752 Deerwood Park Blvd #100,Jacksonville,FL,32256,United States,(904) 500-2378,https://www.bestroofjax.com/,bestroofjax@yahoo.com,Unknown,Roofing contractor,"Matt has been in the roofing business full time since 1998. The co-owner is Kellie Maynard, and she is involved in sales/office. Kellie has worked in customer service since 2005, so it was only fitting that she use her skills in that side of the business.",<$5 M,<25,1998,"17,176","23,238",,https://www.facebook.com/1604829019809919,,,,30.2469731,'-81.5309904,,,,
Best Roofing,1033 Larkspur Loop,Fruit Cove,FL,32259,United States,(224) 595-7446,,,,Roofing contractor,,,,,,,,,,,,30.1173348,'-81.6168625,,,,
Best Value Management,1225 W Beaver St Ste 123-06,Jacksonville,FL,32204,United States,(904) 327-3166,https://bestvaluemgt.com/,sean.corrigan@bestvaluemgt.com,,"Roofing contractor, Construction company","Best Value Management specializes in roofing and construction services for government, commercial, and residential clients. They aim to be a trusted partner in all roofing projects, offering expert design and build solutions. With a focus on quality and customer satisfaction, the company seeks to establish itself as the go-to choice among roofing and construction firms.",$5.4 M,14,2013,"17,176","23,238",,,,,,30.3364331,'-81.6743015,Sean,Corrigan,Vice President,sean.corrigan@bestvaluemgt.com
Better Home Improvement,538 Park Ave Ste 1,Orange Park,FL,32073,United States,(904) 267-2498,https://www.bhimprovement.com/,,,"General contractor, Siding contractor, Sunroom contractor","Better Home Improvement is a trusted general contractor based in Northeast Florida, specializing in quality home renovations including siding, windows, sunrooms, and patio covers. Established in 1990, the company is family-owned and operated, offering services with a lifetime craftsmanship warranty and upfront pricing.",$390 K,4,1990,"17,176","23,238",,https://facebook.com/BetterHomeImprovement,https://www.x.com/bhi_jax,https://instagram.com/betterhomeimprovement_jax,,30.1832514,'-81.7023347,,,,
Bfa,7254 Golden Wings Rd,Jacksonville,FL,32244,United States,(904) 990-1071,http://bfaconstruction.com/about-us.html,,,Roofing contractor,"BFA Contracting Inc is a Native American, Woman-Owned, 8(a) Certified construction firm located in Jacksonville, Florida. The company specializes in providing innovative solutions across various markets, including federal, municipal, institutional, residential, and commercial sectors.",$2.5 M,7,2016,"15,152","23,236",https://www.linkedin.com/company/bfa-construct,https://www.facebook.com/bfa-contracting-inc-340188243486323,,,,30.2233966,'-81.7036363,,,,
Big Deal Discount Outlet,8650 Normandy Blvd,Jacksonville,FL,32221,United States,(904) 504-1417,https://www.facebook.com/bigdealdiscountoutletjax,eric@bigdealdiscountoutlet.com,Unknown,"Roofing supply store, Building materials store, Surplus store, Wood and laminate flooring supplier",,,,,,,,https://www.facebook.com/bigdealdiscountoutletjax,,,,30.2881334,'-81.7954292,,,,
"Big Ed's Roofing, Llc",13581 Lobo Ct,Jacksonville,FL,32224,United States,(904) 688-6747,,,,Roofing contractor,,,,,,,,,,,,30.3136738,'-81.4490254,,,,
Big Tuna Roofing,3780 Kori Rd Suite # 11,Jacksonville,FL,32257,United States,(904) 374-9534,,,,Roofing contractor,,,,,,,,,,,,30.2000443,'-81.6166456,,,,
Bigfoot Roofing & Construction,2929 Edison Ave,Jacksonville,FL,32254,United States,(904) 984-7816,https://www.bigfootroofing.com/,kyle.maxwell@bigfootroofing.com,,"Roofing contractor, Construction company, Siding contractor","Bigfoot Roofing & Construction
At Bigfoot Roofing & Construction, we deliver Florida Strong, Legendary Results. For over 14 years, we’ve proudly served homeowners and businesses across the state, specializing in high-quality roof replacements, repairs, and storm restoration.",$4.0 M,4,2011,"17,176","23,238",,https://www.facebook.com/bigfootroofing,,https://www.instagram.com/bigfootroofing,,30.3232317,'-81.7031145,Lance,Holman,,lance.holman@bigfootroofing.com
Bigfoot Roofing & Construction,1510 Penman Rd Suite 20,Jacksonville Beach,FL,32250,United States,(904) 751-6112,https://www.bigfootroofing.com/,kyle.maxwell@bigfootroofing.com,,"Roofing contractor, Construction company, Siding contractor","Bigfoot Roofing & Construction
At Bigfoot Roofing & Construction, we deliver Florida Strong, Legendary Results. For over 14 years, we’ve proudly served homeowners and businesses across the state, specializing in high-quality roof replacements, repairs, and storm restoration.",$4.0 M,4,2011,"17,176","23,238",,https://www.facebook.com/bigfootroofing,,https://www.instagram.com/bigfootroofing,,30.300974,'-81.406932,Lance,Holman,,lance.holman@bigfootroofing.com
Bill Simpson Roofing Inc,7419 Merrill Rd,Jacksonville,FL,32277,United States,(904) 744-9238,,,,Roofing contractor,,,,,,,,,,,,30.3289797,'-81.596752,,,,
Bkr Enterprises Llc,1447 Wells Rd,Orange Park,FL,32073,United States,(904) 559-9990,https://bkrenterprises.com/,,,"General contractor, Bathroom remodeler, Carpenter, Construction company, Fence contractor, Flooring contractor, Kitchen remodeler, Property maintenance, Remodeler","BKR Enterprises LLC specializes in maintenance, remodeling, and repair services for both residential and commercial clients in Orange Park, Jacksonville, and surrounding areas. With a team of highly skilled technicians, they are committed to delivering exceptional customer service and ensuring projects are completed accurately and on time.",$1.1 M,6,2008,,,https://www.linkedin.com/company/bkr-enterprises,https://www.facebook.com/1776413125943189,,https://www.instagram.com/bkrenterprises,https://www.youtube.com/BKR%20Enterprises,30.1901512,'-81.7076429,,,,
Blacketor Construction,6539 Seaboard Ave,Jacksonville,FL,32244,United States,(904) 229-7455,https://www.blacketorconstruction.com/,jacksonvillegc@gmail.com,Unknown,General contractor,"Blacketor Construction is a home improvement contractor based in Jacksonville, Florida, providing a range of services including tile and flooring, painting and drywall, carpentry and siding, as well as kitchen and bath remodeling. Established in 2000, the company is known for its commitment to quality, efficiency, and exceptional customer service.",$5.0 M,18,2000,"15,152","23,236",https://www.linkedin.com/company/blacketor-construction,https://www.facebook.com/blacketorconstruction,,,,30.2307144,'-81.7300914,,,,
Blackstone Roofing Llc,2820 Spring Glen Rd,Jacksonville,FL,32207,United States,(904) 609-6548,https://blackstoneroofers.com/,info.blackstoneroofing@gmail.com,Service busy,Roofing contractor,Blackstone Roofing | Jacksonville Roofing Company,,,,,,,,,,,30.2968435,'-81.6097262,,,,
Bobby Campbell Roofing Inc,,Orange Park,FL,32065,United States,(904) 449-2802,,,,Roofing contractor,,,,,,,,,,,,30.1745731,'-81.8169709,,,,
Bold Step Garage Door's Co,1346 W Beaver St,Jacksonville,FL,32204,United States,(904) 364-1907,,,,Contractor,,,,,,,,,,,,30.3360408,'-81.6775258,,,,
Boyle Roofing & Repair,1646 Rogero Rd,Jacksonville,FL,32211,United States,(386) 342-4929,,,,"Roofing contractor, Building firm, Carpenter",,,,,,,,,,,,30.3382436,'-81.5894079,,,,
"Bracey Building Contractors, Inc",10513 Atlantic Blvd,Jacksonville,FL,32225,United States,(904) 646-4710,https://braceybuilding.com/,info@braceybuilding.com,,General contractor,"Bracey Building Contractors is an experienced construction company based in Florida, specializing in a wide range of services including repairs, remodeling, restorations, additions, and new construction. They cater to both commercial and residential clients, guiding them through every phase of a project from design to completion.",$1.4 M,4,2003,"15,154","23,236",https://www.linkedin.com/company/bracey-building-contractors-inc-,https://www.facebook.com/155883547784627,,,,30.3245573,'-81.5269319,,,,
Bradley Brothers Roofing,1503 Oak St,Jacksonville,FL,32204,United States,(386) 342-4976,,,,"Roofing contractor, Building firm, Carpenter",,,,,,,,,,,,30.3132553,'-81.6800984,,,,
Brady Brothers Roofing,5995 Philips Hwy,Jacksonville,FL,32216,United States,(386) 342-4932,,,,"Roofing contractor, Building firm, Carpenter",,,,,,,,,,,,30.2617961,'-81.6143424,,,,
Brazen Roofing,7751 Belfort Pkwy # 200,Jacksonville,FL,32256,United States,(904) 544-7663,https://brazenroofing.com/,ericka@brazenroofing.com,,Roofing contractor,"Brazen Roofing is quickly becoming the leading, top-rated roofing company in the Carolinas.",,21,2021,,,,https://www.facebook.com/BrazenRoofing,,https://www.instagram.com/brazenroofing,,30.2433354,'-81.5820305,,,,
"Brc Hynes Construction, Llc",10950-60 San Jose Blvd #289,Jacksonville,FL,32223,United States,(904) 903-7886,https://brchynesconstruction.com/,,,Roofing contractor,"Licensed and Insured Call us Today Licensed and Insured Call us Today Licensed and Insured Call us Today A Trusted Roofing and Construction Company Serving Residential & Commercial Customers Throughout Jacksonville, FL and surrounding areas Your prop",,,,,,,https://www.facebook.com/TemplateMonster,https://x.com/templatemonster,,,30.176408,'-81.6294829,,,,
Breaking Ground Contracting Co,4218 Hwy Ave,Jacksonville,FL,32254,United States,(904) 388-1350,https://www.breakinggroundcontracting.com/,education@breakinggroundcontracting.com,,General contractor,"Breaking Ground Contracting is a leading provider of sustainable construction management, general contracting, and design-build services based in Jacksonville. They specialize in creating high-performance, low-impact structures while offering pre-construction, construction management, and consulting services focused on sustainability.",$5.8 M,10,1997,"15,154","23,236",https://www.linkedin.com/company/breaking-ground-contracting,https://www.facebook.com/breaking-ground-contracting-221984391195248,https://x.com/greengcjax,,,30.321531,'-81.7212723,Catherine,Burkee,"Director, Education Services",catherine@breakinggroundcontracting.com
Brelbay Roofing,5875 Mining Terrace #101,Jacksonville,FL,32257,United States,(904) 419-8390,https://brelbayroofing.com/,carvasales@gmail.com,Unknown,"Roofing contractor, Construction company, Contractor, General contractor, Metal construction company","At Brelbay Roofing, we believe a solid roof is more than just protection — its peace of mind. Based in Jacksonville, we proudly serve our community with reliable, high quality roofing solutions built to last.
We specialize in residential and light commercial roofing, offering expert installation, honest assessments, and a commitment to doing things right the first time.",,0,,,,,https://www.facebook.com/Brelbay,,https://www.instagram.com/brelbayroofing,,30.1853291,'-81.5638845,,,,
Brent Parrish Contractor Tier One,13241 Bartram Park Blvd #601,Jacksonville,FL,32258,United States,(904) 345-0663,https://www.theroofduck.com/,alan@theroofduck.com,,"Roofing contractor, Metal fabricator, Sheet metal contractor",The Roof Duck is proud to offer our exclusive ©Watertight roofing systems! We use proprietary installation techniques that we have refined over the years to insure that your new roof is impervious to water intrusion. We only install Type “A” Systems and use approved ©Watertight Roofing Materials manufactured by the biggest names in roofing.,$8 M,1,2010,"17,176","23,238",https://www.linkedin.com/company/the-roof-duck-©watertight-roofing-systems,,,,,30.1304134,'-81.5422029,Alan,Ross,54 Followers,alan@theroofduck.com
Bryceville Guys Roofing Contractors Pros,5306 Potomac Ave,Jacksonville,FL,32254,United States,(904) 789-7650,https://guysroofleakpros.site/location/roofing-contractors-bryceville-your-ultimate-guide,,,Roofing contractor,"Our intelligent platform handles the repetitive tasks of attracting and managing clients, so you can focus on your passion—or simply step away with confidence.",,,,,,,,,,,30.3581357,'-81.7346641,,,,
Bsi Contractor Services,34 S Arlington Rd,Jacksonville,FL,32216,United States,(904) 683-5494,https://bsicontractorservices.com/,jackie@bsicontractorservices.com,Service busy,Contractor,"BSI Contractor Services specializes in assisting Construction and Electrical professionals with the State Licensing process. Since its inception in 2001, the company has helped thousands of contractors by offering affordable rates and fast turnaround times.",$1.2 M,4,2001,,,https://www.linkedin.com/company/bsi-contracting-inc,https://www.facebook.com/bsi-contractor-services-194891983876687,,,,30.3125763,'-81.579458,,,,
Buckley Roofing Co,333 E Bay St,Jacksonville,FL,32202,United States,(386) 342-4946,,,,"Roofing contractor, Building firm, Carpenter",,,,,,,,,,,,30.3253818,'-81.6533356,,,,
Builders Firstsource,6550 Roosevelt Blvd,Jacksonville,FL,32244,United States,(904) 772-6100,https://www.bldr.com/contact/request-quote,sales@bldr.com,,"Building materials supplier, Building materials store, Door supplier, Hardware store, Lumber store, Millwork shop, Roofing supply store, Truss manufacturer, Window supplier","Builders FirstSource is the nations largest supplier of structural building products, value-added components and services to the professional market for single-family and multi-family construction and repair and remodeling. Our focus is on providing unparalleled service to both large and small customers.",$15.9 B,"29,000",1998,"50,503","32,327",https://www.linkedin.com/company/builders-firstsource,https://www.facebook.com/buildersfirstsource,https://x.com/BldrFirstSource,https://www.instagram.com/buildersfirstsource,https://www.youtube.com/channel/UCItW94fuzu7tA3eU1j0218g,30.2311187,'-81.6999627,Gary,Page,,gary@bldr.com
Building Line Construction,5018 Spring Park Rd,Jacksonville,FL,32207,United States,(904) 504-8100,https://www.buildinglineconstruction.com/,dale@buildinglineconstruction.com,Unknown,Siding contractor,"Building Line Construction is a company that operates in the Construction industry. It employs 21-50 people and has $5M-$10M of revenue. The company is headquartered in Jacksonville, Florida.",$5.7 M,<25,,"15,152","23,236",,,,,,30.2711374,'-81.6121158,,,,
Bullseye Pressure Washing,4413 Timber Hollow Way,Jacksonville,FL,32224,United States,(904) 463-8473,https://www.bullseyepressurewashing.com/,stevendavis1717@gmail.com,Unknown,"Pressure washing service, Gutter cleaning service, Window cleaning service","Bullseye Pressure Washing provides professional exterior cleaning services, including pressure washing, window cleaning, roof washing, gutter cleaning, and dryer vent cleaning, to homeowners in the greater Jacksonville, FL area. The company aims to enhance the appearance of homes at competitive prices, offering personalized service and free estimates.",$1 M,5,2010,"17,179","23,238",,https://facebook.com/bullseyepressurewashing.net,,,,30.2728151,'-81.4899969,,,,
C C Borden Construction Inc.,1019 Rosselle St,Jacksonville,FL,32204,United States,(904) 354-3458,https://www.ccborden.com/,info@ccborden.com,,General contractor,"C.C. Borden Construction, Inc. has been serving clients in Florida and Georgia for over thirty years, offering a comprehensive range of construction services including design/build, new construction, remodeling, pre-construction, construction management, and facility maintenance.",$3.6 M,16,1988,"15,154","23,236",https://www.linkedin.com/company/c.c.-borden-construction-inc.,,,,,30.320535,'-81.679904,Milissa,Calvert,Assistant Project Manager,milissa@ccborden.com
C F Knight Inc,4202 Ortega Blvd,Jacksonville,FL,32210,United States,(904) 387-6148,https://www.cfknight.com/,sfleming@cfknight.com,,Construction company,"Since the 1950s, C.F. Knight, Inc. has been Northeast Floridas trusted name in luxury estate home construction. Founded by C. Finley Knight, incorporated in 1978, and now led by third-generation builder Jonathan Knight, weve built continuously for 75 years with a renowned reputation among architects, designers, and discerning homeowners.",$2 M,10,1978,"15,154","23,236",https://www.linkedin.com/company/cfknight,,,,,30.2714949,'-81.7032432,Felicia,Trizonis,Controller,felicia@cfknight.com
"C. Zornes Builders, Inc. Roofing & Construction",966 Alpine Ridge Ct,Orange Park,FL,32065,United States,(904) 219-3969,https://www.4newroof.com/,czornesbuilders@gmail.com,,"Roofing contractor, Bathroom remodeler, General contractor, Home builder, Kitchen remodeler, Remodeler","C. Zornes Builders consistently produces high quality work on time, on budget, and always with a focus on our customers needs. We built our reputation on delivering a superior finished product. Our artisans are talented, artistic, and personable and are diligent about minimizing the disruption associated with a project.",$5.2 M,1,,,,,https://www.facebook.com/pg/C-Zornes-Builders-Roofers-229150020487002,https://x.com/4newroof,,,30.1501724,'-81.7801994,,,,
"C.a.p. Contracting, Inc",1115 Edgewood Ave W,Jacksonville,FL,32208,United States,(904) 765-1155,https://www.capcontracting.com/,info@capcontracting.com,,Construction company,"C.A.P. Contracting, Inc. prides itself on our Integrity and hard work ethics. With C.A.P. Contracting, Inc.&s;s technology, its skilled work force and excellent managerial staff, C.A.P. Contracting, Inc. adds much revenue to the city&s;s economy. We are committed in making certain that each and every job is professionaly done & timely.",$1.6 M,10,1996,"16,161","23,237",https://www.linkedin.com/company/cap-contracting-inc,,,,,30.3925157,'-81.6755015,Christopher,Peterson,"Cap Contracting, Inc",peterson@capcontracting.com
Cache Roofing,3616 Warrington St,Jacksonville,FL,32254,United States,(904) 887-7663,https://www.cacheroofing.com/,service@cacheroofing.com,,"Roofing contractor, Deck builder, Waterproofing service","We work with homeowners, large custom-home builders, and property managers to provide superior installation and expert diagnosis and repair of every kind of roof. We also provide ongoing and scheduled roof-maintenance programs custom designed to meet each clients particular needs and desires.",$5 M,1,,"17,176","23,238",,https://www.facebook.com/cacheroofing,,,,30.3269501,'-81.7158422,Cindy,Paquet,Owner and Elite Roofing Contractor,cindy@cacheroofing.com
"Cam Construction Group, Llc",108 Industrial Loop,Orange Park,FL,32073,United States,(904) 644-6400,,,,Construction company,,,,,,,,,,,,30.1813715,'-81.7187621,,,,
Carbon Copy Construction Inc,12412 San Jose Blvd,Jacksonville,FL,32223,United States,(904) 880-2183,http://carboncc.com/,rmikson@carboncc.com,Unknown,Construction company,"Carbon Copy Construction, Inc. has been in the insurance restoration business for over 20 years. Our core ownership team has been repairing property damage in Jacksonville, Florida since 1989. Together we have a combination of skills, knowledge and experience thatallow us to handle projects of any size or complexity, either Residential, Commercial or Industrial.",<$5 M,3,1989,"15,152","23,236",https://www.linkedin.com/company/carbon-copy-construction-inc,,,,,30.142691,'-81.633441,,,,
Carlson Brothers Roofing,4930 Spring Park Rd,Jacksonville,FL,32207,United States,(386) 348-4443,,,,"Roofing contractor, Building firm, Carpenter",,,,,,,,,,,,30.271803,'-81.6127569,,,,
Carlson Enterprises,5028 Richard Ln B,Jacksonville,FL,32216,United States,,http://carlson-enterprises.jany.io/,info@shopmacarthur.com,Unknown,"Roofing contractor, General contractor","SMR Automotive is an auto repair shop located in Mobile, Alabama, offering honest and quality mechanical services at competitive prices. The business is praised for its fair pricing compared to dealership services and is regarded as one of the nicest mechanics in town.",$1.1 M,6,,,,,,,,,30.2615424,'-81.6119652,,,,
Carroll Bradford Roofing,4400 Marsh Landing Blvd Suite #1,Jacksonville,FL,32250,United States,(904) 296-7604,,,,Roofing contractor,,,,,,,,,,,,30.2529169,'-81.4011829,,,,
Carroll Brothers Roofing,5475 Soutel Dr,Jacksonville,FL,32219,United States,(386) 342-4969,,,,"Roofing contractor, Building firm, Carpenter",,,,,,,,,,,,30.388744,'-81.7325909,,,,
Carter Brothers Roof Repair,905 Park Ave 113 #113,Orange Park,FL,32073,United States,(904) 560-7894,https://carterbrothersroofrepair.top/,,,Roofing contractor,Roof Repair in Orange Park (904) 560-7894 Call Us,,,,,,,,,,,30.1788594,'-81.7009635,,,,
Casa Contracting & Roofing,7002 Davis Creek Rd,Jacksonville,FL,32256,United States,(904) 361-3062,https://www.casa-contracting.com/,todd@casa-contracting.com,,"Roofing contractor, Flooring contractor, Paving contractor, Remodeler","CASA Contracting & Roofing, founded in 2008, provides a range of services including roofing, hardscaping, and flooring. With a commitment to quality workmanship and customer satisfaction, they aim to be a trusted name in the contracting industry. Their experienced team collaborates closely with clients to bring their visions to life, ensuring the best possible results.",$1.7 M,5,2008,,,https://www.linkedin.com/company/casa-contracting,https://www.facebook.com/249079535573306,,https://www.instagram.com/casa_contracting,,30.159782,'-81.5274891,Rebecca,Stephenson,Casa,rebecca.stephenson@casa-contracting.com
Cassidy Roofing Company,3830 Williamsburg Park Blvd,Jacksonville,FL,32257,United States,(386) 342-4954,,,,"Roofing contractor, Building firm, Carpenter",,,,,,,,,,,,30.2074287,'-81.6154251,,,,
Castillo Roofing Co,540118 Us-1,Callahan,FL,32011,United States,(904) 385-1101,,,,"Roofing contractor, Building firm, Carpenter",,,,,,,,,,,,30.5086544,'-81.7920549,,,,
"Celtic Construction Solutions, Inc.",3131 St Johns Bluff Rd S,Jacksonville,FL,32246,United States,(904) 425-6673,https://chooseceltic.com/about-us/,lee@chooseceltic.com,,Contractor,"Celtic Construction Solutions provides commercial and residential construction and roofing services across the South East.
While our headquarters are located in Jacksonville FL., we have worked on commercial projects as far away as Rochester MN and Toledo, OH.",$1.2 M,2,2018,"15,152","23,236",https://www.linkedin.com/company/celtic-construction-solutions,https://www.facebook.com/chooseceltic,https://www.x.com/chooseceltic,,,30.2891124,'-81.5247991,,,,
Centex Construction,1722 N Main St,Jacksonville,FL,32206,United States,(904) 740-5829,,,,"Roofing contractor, Construction company",,,,,,,,,,,,30.344958,'-81.654247,,,,
Centimark Corporation,4710 Dignan St,Jacksonville,FL,32254,United States,(904) 328-1470,https://www.centimark.com/locations/jacksonville-florida,hr@centimark.com,,Roofing contractor,"Established in 1968 and headquartered in Canonsburg, Pennsylvania, CentiMark is a specialty contractor of roofing solutions and systems. The company offers services including emergency leak service, roof repair, maintenance programs, and multiple site roof inspections.",$1.7 B,"3,500",1968,"17,176","23,238",https://www.linkedin.com/company/centimark,https://www.facebook.com/CentiMarkCorporation,https://x.com/CentiMark,https://www.instagram.com/centimark_corporation,https://www.youtube.com/channel/UCGdx18dpwvu3VxJWeUcYndA,30.3243505,'-81.7269478,Greg,Wilson,Senior Vice President and Information Technology Advisor,greg.wilson@centimark.com
Chambers Family Roofing,1704 San Marco Blvd,Jacksonville,FL,32207,United States,(386) 342-4994,,,,"Roofing contractor, Building firm, Carpenter",,,,,,,,,,,,30.3069517,'-81.6603408,,,,
"Champion Roofing Services, Inc",3734 Spring Park Rd #5736,Jacksonville,FL,32207,United States,(904) 396-4642,http://championroofingservices.com/,info@championroofingservices.com,,Roofing contractor,"Champion Roofing Service and Construction specializes in providing reliable and high-quality commercial roofing services in Jacksonville, Florida. Their experienced team offers a wide range of services including inspections, repairs, replacements, and maintenance for flat, low-slope, and sloped roofs.",$1.4 M,6,1959,"17,176","23,238",,https://www.facebook.com/championroofingservicesjax,,,,30.2878908,'-81.6249027,Christopher,Wiedenhoeft,President,cwiedenhoeft@championroofingservices.com
Charles & Sons Roofing,9950 Pritchard Rd 342 #342,Jacksonville,FL,32219,United States,(904) 788-7881,https://jacksonvilleroofingpros.top/,,,Roofing contractor,Roof Repair in Jacksonville (904) 788-7881 Call Us,,,,,,,,,,,30.3759717,'-81.8209657,,,,
"Childers Roofing & Sheet Metal, A Tecta America Company",1645 Jessie St,Jacksonville,FL,32206,United States,(904) 696-8550,https://www.tectaamerica.com/location/childers-roofing-sheetmetal/,info@tectaamerica.com,,Roofing contractor,"Tecta America is a national roofing contractor specializing in installation, repair, and maintenance services for commercial, industrial, and institutional clients. Headquartered in Rosemont, Illinois, it was founded in 2000.",$2.4 B,"3,692",2000,"17,176","23,238",https://www.linkedin.com/company/tecta-america-corp,https://www.facebook.com/TectaAmerica,https://x.com/tectaamerica,https://www.instagram.com/tectaamerica,https://www.youtube.com/user/TectaAmericaCorp,30.3342192,'-81.6332759,Jason,Weems,President,jweems@tectaamerica.com
Cj2 Roofing,3938 Sunbeam Rd,Jacksonville,FL,32257,United States,(904) 882-2673,https://cj2roofing.com/,info@cj2roofing.com,Unknown,Roofing contractor,"CJ2 Roofing delivers commercial and multifamily roofing solutions across Florida, helping property managers, HOAs/condo boards, and facility teams protect their buildings with proactive planning and fast, professional service.
We make roofing projects easier by providing:
✅ Clear communication & reliable timelines
? Photo documentation and organized reporting
? Thorough inspections (leaks, storm damage, maintenance needs)
?️ Repairs + replacements with clean, professional execution
?️ Storm & large-loss restoration when time is critical
? Insurance-claim support with detailed evaluations and documentation
What we do:
• Commercial & Multifamily Roofing
• HOA/Condo Roofing Projects
• Leak Detection, Repairs & Preventive Maintenance
• Storm Damage Response & Emergency Tarping
• Roof Replacements, Restorations & Coatings
• Insurance Claim Inspections & Documentation
If you manage a portfolio and need a roofing partner that’s responsive, organized, and focused on long-term protection, we’d love to connect.",,1,,,,,https://www.facebook.com/cj2roofing,,,,30.2053001,'-81.6142579,,,,
Clark Brothers Roofing Llc,2332 Riverside Ave,Jacksonville,FL,32204,United States,(904) 788-7600,https://clarkbrothersroofer.com/,,,Roofing contractor,"Need fast roofing help in Jacksonville, FL? Call Clark Brothers Roofing LLC for emergency storm damage repair, leak detection & more. Quality service.",,,,,,,,,,,30.3096151,'-81.6866693,,,,
Clark Spray Foam,333 1st St N Ste 200,Jacksonville Beach,FL,32250,United States,(904) 885-9983,https://www.clarksprayfoam.com/,michaelclark@clarksprayfoam.com,,Insulation contractor,"Clark Spray Foam is Jacksonvilles premier spray foam insulation company, specializing in high-quality insulation services for residential, commercial, industrial, and agricultural applications. They offer a range of services including spray foam insulation, insulation repair, insulation removal, and fiberglass insulation.",$2.8 M,13,,,,https://www.linkedin.com/company/clark-sprayfoam,https://www.facebook.com/ClarkSprayFoam,,https://www.instagram.com/clarksprayfoam,,30.2919771,'-81.3898379,,,,
Clean Dream Pressure Washing,2300 Marsh Point Rd Suite 302 B,Neptune Beach,FL,32266,United States,(904) 474-8944,,,,"Roofing contractor, Gutter cleaning service, Pressure washing service, Sandblasting service, Window cleaning service",,,,,,,,,,,,30.3237204,'-81.4206132,,,,
Clear Constructors Llc,5105-3 Philips Hwy,Jacksonville,FL,32207,United States,(904) 894-6207,https://www.clearconstructors.com/,scott@clearconstructors.com,,"Construction company, General contractor",Home - Clear Constructors,,3,,,,https://www.linkedin.com/company/clear-constructors,https://www.facebook.com/ClearConstructors,,,https://youtube.com/@ClearConstructors-ey7nn,30.2710366,'-81.6204193,scott,simmons,"Owner of Clear Constructors, Llc",scott@clearconstructors.com
"Coastal Building Design, Llc",922 9th St S,Jacksonville Beach,FL,32250,United States,(904) 424-0420,https://www.coastal911.com/,dave@coastal911.com,,"Roofing contractor, Bathroom remodeler, Flooring contractor, Home inspector, Kitchen remodeler, Mechanical contractor, Painter, General contractor, Tile contractor","Coastal Heating and Cooling, LLC is a veteran-owned HVAC contractor serving Jacksonville Beach since 1980. They provide a wide range of services, including AC repairs, duct cleaning, indoor air quality solutions, and HVAC system replacements. Their client base includes residents in Jax Beach, Atlantic Beach, Neptune Beach, and Ponte Vedra Beach, focusing on delivering excellent service and comfort solutions tailored to individual needs.",$3.8 M,14,1980,"17,171","23,238",https://www.linkedin.com/company/coastal-heating-and-cooling,https://facebook.com/coastalheat,https://www.x.com/coastalhc1,,,30.2781912,'-81.3967653,Nick,Marcos,Heating Air Conditioning Service Technician,nmarcos@coastal911.com
Coastal Edge Roofing,10218 Southern Glen Ct,Jacksonville,FL,32256,United States,(904) 910-3121,https://coastaledgeroofing.com/,office@coastaledgeroofing.com,Unknown,"Roofing contractor, Contractor","Welcome to Coastal Edge Roofing, proudly serving Jacksonville, Florida, and neighboring communities with top-tier roofing services. 
With a deep understanding of the unique demands posed by Floridas ever-changing climate, were not just a roofing company – were your neighbors, committed to safeguarding your most significant investment: your home.",,1,2023,,,https://www.linkedin.com/company/coastaledgeroofing,https://www.facebook.com/coastaledgeroofing,,https://www.instagram.com/coastaledgeroofing,https://www.youtube.com/@coastaledgeroofing,30.2099154,'-81.5422658,,,,
Coastal Improvement Corporation,1215 N 9th St,Jacksonville Beach,FL,32250,United States,(904) 442-5202,https://coastalimprovement.com/,,,"Roofing contractor, Apartment building, Home builder, Remodeler, General contractor, Swimming pool contractor","Coastal Improvement Corp specializes in outdoor living construction services, including new pool builds, spas, pergolas, and outdoor kitchens. The company is led by experienced professionals Frank Tucker and Lucas Beiro, who prioritize customer satisfaction by offering quality designs and open communication throughout projects.",$3.8 M,6,1991,"15,152","23,236",https://www.linkedin.com/company/wix-com,https://www.facebook.com/wix,https://www.wix.com,https://www.instagram.com/wix,,30.2988528,'-81.4007126,,,,
Coastal Outdoor Construction Llc,1240 Holmesdale Rd,Jacksonville,FL,32207,United States,(904) 664-6364,https://www.coastalfljax.com/,karl@coastalfljax.com,,"Deck builder, Carport and pergola builder, Concrete contractor, Contractor, Paving contractor","Coastal Outdoor Construction is a leading outdoor construction company based in Jacksonville, FL, specializing in deck installations, landscaping, hardscaping, and outdoor living solutions. With over a decade of experience, they cater to both residential and commercial clients, offering services such as custom decks, patios, pergolas, and fencing.",$3.6 M,21,2018,"87,871","54,541",,https://www.facebook.com/coastaldeckjax,https://coastalfljax.com/blog/waterproof-decking-boards-are-they-worth-it-for-coastal-homes,https://www.instagram.com/coastaloutdoorconstruction,https://www.youtube.com/@CoastalOutdoorConstructionLLC,30.3090019,'-81.6379448,,,,
Coastal Roofing Inc.,11210 Philips Industrial Blvd Ste 6,Jacksonville,FL,32256,United States,(904) 580-5626,,,,Roofing contractor,,,,,,,,,,,,30.1656907,'-81.5256154,,,,
Colonial Roofing,13071 Old St Augustine Rd,Jacksonville,FL,32258,United States,(904) 680-7456,https://roofingjacksonvilleco.com/,,,Roofing contractor,If you are looking for an experienced roofing contractor in the Jacksonville or the surrounding areas. Call us today for your free roof inspection.,,,,,,,,,,,30.1469595,'-81.566684,,,,
Commonwealth Roofing Co,1873 Everlee Rd,Jacksonville,FL,32216,United States,(904) 329-9131,https://roofsofjax.com/,,,Roofing contractor,"Commonwealth Roofing is Florida’s trusted roofing contractor specializing in residential and commercial roof repair, replacement, and rejuvenation. We install and maintain shingle, metal, tile, flat, TPO, EPDM, and coating systems statewide. With y",,,,,,,,https://www.roofsofjax.com/booking-calendar/roof-repair,,,30.2862394,'-81.5751147,,,,
Compass Builder Services,301 E Bay St L2,Jacksonville,FL,32202,United States,(941) 999-8926,https://www.compassjax.com/,john@compassjax.com,,Roofing contractor,"Compass Builder Services offers top-quality roofing, restoration, and construction services. We offer free estimates",,,,,,,https://www.facebook.com/CompassBuildersrenovatorsjax,,https://www.instagram.com/compassjax,,30.325539,'-81.653886,,,,
Compass Roofing,3147 Waller St,Jacksonville,FL,32254,United States,(904) 923-7663,,,,Roofing contractor,,,,,,,,,,,,30.3213744,'-81.709471,,,,
Concrete Renovations,700 E Union St Suite 170 C,Jacksonville,FL,32206,United States,(904) 343-2469,https://www.concreterenovationsjax.com/,info@epoxyfloorsofjacksonville.com,Unknown,"Concrete contractor, Asphalt contractor, Remodeler","Concrete Renovations was founded by former real estate investors buying dilapidated homes and renovating the homes for resale. Concrete and concrete overlays were the focuses at the outset and using the experience and relationships from real estate, Concrete Renovations blossomed into a all-around pavement company.",,3,2019,,,https://linkedin.com,https://facebook.com/concreterenovations,https://mailto:avery@concreterenovationsjax.com,https://instagram.com/concreterenovations,,30.3303834,'-81.6470006,,,,
"Conserve, Llc",5060 Parete Rd S,Jacksonville,FL,32218,United States,(904) 444-1141,https://www.conservellc.com/,chesterkimes@gmail.com,,General contractor,"ConServe, LLC - full-service construction and restoration firm. Services include: construction (residential/commercial) and roofing; restoration services (water/fire & smoke/storm damage/mold, biohazard & environmental remediation); emergency respons",,,,,,https://www.linkedin.com/company/wix-com,https://www.facebook.com/ConServeLLC,https://x.com/Wix,,,30.514582,'-81.729921,,,,
Cornerstone Restoration Llc,3491 Pall Mall Dr Suite 106,Jacksonville,FL,32257,United States,(904) 527-8907,,,,Roofing contractor,,,,,,,,,,,,30.2003531,'-81.6207618,,,,
Cortex,318 Laurina St,Jacksonville,FL,32216,United States,(904) 701-3552,https://www.cortexbuilder.com/,,,"Roofing contractor, Bathroom remodeler, Deck builder, Flooring store, Kitchen remodeler, Construction company, Window installation service",Cortex Roofing & Construction delivers reliable roofing and construction solutions tailored to your homes needs with expert craftsmanship.,,,,,,,https://facebook.com,https://x.com,https://instagram.com,,30.308727,'-81.5899615,,,,
Cost Plus Roofing Llc,5443 Waldron St,Fernandina Beach,FL,32034,United States,(904) 236-1255,https://costplusroofs.com/,costplusroofs@gmail.com,Unknown,Roofing contractor,Highly ranked roofing contractor in Fernandina Beach Florida servicing all of Florida.  Cost Plus Roofing LLC is,,,,,,,https://www.facebook.com/CostPlusRoofingLLC/photos,,https://www.instagram.com/costplusroofing,,30.5752155,'-81.4455162,,,,
Crawford Roofing Company,2585 Herschel St,Jacksonville,FL,32204,United States,(386) 342-4979,,,,"Roofing contractor, Building firm, Carpenter",,,,,,,,,,,,30.3110826,'-81.6910318,,,,
Creative Contours Inc,1601 Arden Way,Jacksonville Beach,FL,32250,United States,(904) 237-7388,,,,"Roofing contractor, Contractor, Construction company",,,,,,,,,,,,30.3069556,'-81.4076556,,,,
Crowell Construction & Roofing,Main St,Jacksonville,FL,32211,United States,(904) 723-5987,,,,"Roofing contractor, Custom home builder, General contractor",,,,,,,,,,,,30.2030892,'-82.0123634,,,,
Crowley & Sons Roofing,1225 W Beaver St,Jacksonville,FL,32204,United States,(386) 342-4947,,,,"Roofing contractor, Building firm, Carpenter",,,,,,,,,,,,30.3364331,'-81.6743016,,,,
Crs Inc | Commercial Roofing Specialties Inc,3003 Philips Hwy,Jacksonville,FL,32207,United States,(904) 997-3101,https://www.crssupply.com/,adillard@crssupply.com,,Roofing supply store,"Commercial Roofing Specialties, Inc. is a distributor of commercial and residential roofing products. It offers materials, drains and roof hatches, equipment, tools, and fasteners. The company was founded in 1981 and is headquartered in Doraville, Georgia.",$33.8 M,121,1981,"50,503","42,423",https://www.linkedin.com/company/crssupply,https://www.facebook.com/crssupply,https://www.x.com/crssupply,,,30.2979092,'-81.6399059,Todd,Rauktis,Outside Sales Representative,trauktis@crssupply.com
Custom Roofing Solutions Llc,1719 Emerson St,Jacksonville,FL,32207,United States,(904) 808-3550,https://customroofsolutions.com/,info@customroofsolutions.com,Unknown,"Roofing contractor, Building restoration service, Contractor, Water damage restoration service","veteran owned and operated company 
Trusted & reliable Roofing services 
Trusted handyman services  
GAF Certified Installers with Lifetime Workmanship Warranty. Serving Jacksonville, Tampa, St. Pete & Orlando Areas.  veteran owned and operated compa",,,,,,,,,https://www.instagram.com/customroofsolutions,,30.2848726,'-81.646809,,,,
"Cye Enterprises, Inc",1605 Rowe Ave,Jacksonville,FL,32208,United States,(904) 224-8224,https://www.cyeinc.com/,contact@cyeinc.com,,General contractor,"CYE Enterprises, Inc. is a third generation federal contractor with a focus on roofing, concrete, energy and renovation projects for federal agencies. CYE is a HUBZone certified, woman-owned small business. CYE is owned by Erica Jackson. Our excellent team works to consistently exceed our clients​ expectations to establish and grow long-term business relationships.",$5.5 M,25,2004,"15,154","23,236",https://www.linkedin.com/company/cye-enterprises-inc,https://www.facebook.com/CYEEnterprises,,https://www.instagram.com/cye.enterprises,,30.3862608,'-81.6810938,Anna,Rodgers,Contract Administrator,arodgers@cyeinc.com
D & S Roofing Of North Florida,,Orange Park,FL,32073,United States,(904) 276-0034,,,,Roofing contractor,,,,,,,,,,,,30.1652848,'-81.7213631,,,,
D&d Construction Services,1301 Riverplace Blvd Ste 800,Jacksonville,FL,32207,United States,(904) 432-1216,https://constructionbydnd.com/,constructionbydnd@gmail.com,Unknown,"Roofing contractor, General contractor, Siding contractor",D&D Construction Services is a leading home improvement company that Jacksonville homeowners trust for a first-class client experience.,,,,,,,,,https://instagram.com/constructionbydnd,https://www.youtube.com/channel/UCHFjHe8tEiVC_jjByQLCwOw,30.319386,'-81.656673,,,,
D&l Construction Of North Florida,4660 Williamsburg Ave,Jacksonville,FL,32208,United States,(904) 514-2156,,,,Construction company,,,,,,,,,,,,30.4050014,'-81.7201592,,,,
Dajis Construction Inc,1257 Edgewood Ave W,Jacksonville,FL,32208,United States,(904) 757-2165,https://www.dajisconstruction.com/,info@dajisconstruction.com,Unknown,General contractor,"Dajis Construction, Inc. is a full-service construction company based in Jacksonville, FL, providing construction services for commercial, residential, and federal projects. They offer general contracting services for new construction, repairs, and restorations, focusing on delivering excellence within specific budget requirements.",$1.7 M,5,2007,"15,152","23,236",,,,,,30.3916287,'-81.6785205,,,,
Danny The Roof Guy,233 E Bay St,Jacksonville,FL,32202,United States,(904) 509-3342,https://dannytheroofguy.com/contact-2/,info@dannytheroofguy.com,Unknown,,Danny The Roof Guy – Roofing Contractors in Jacksonville,,,,,,,,,,,30.3257427,'-81.654662,,,,
Dave's Handyman Services 2655 Devonwood Rd Jacksonville Florida 32211,2655 Devonwood Rd,Jacksonville,FL,32211,United States,,,,,Contractor,,,,,,,,,,,,30.3503167,'-81.5763021,,,,
David Wesley's Patio Rooms,1440 Tutter St,Jacksonville,FL,32211,United States,(904) 998-0300,https://www.wprjax.com/,dwprjax@gmail.com,Unknown,"Roofing contractor, Patio enclosure supplier, Paving contractor, Sunroom contractor","David Wesleys Patio Rooms, based in Jacksonville, FL, specializes in providing custom enclosed patios and various outdoor living enhancements. With over 35 years of experience, they offer products such as screen rooms, glass lanais, pool enclosures, patio covers, and more.",$1.3 M,7,,"15,152","23,236",,,https://www.wprjax.com/screen-room,,,30.3356604,'-81.5988258,,,,
Deluxe Roofing,5220 N Pearl St 32 Suite 32,Jacksonville,FL,32208,United States,(904) 204-2589,https://jacksonvillerooffix.top/,,,Roofing contractor,Roof Repair in Jacksonville (904) 204-2589 Call Us,,,,,,,,,,,30.3714671,'-81.6578372,,,,
Devore Capital Contracting,233 E Bay St Ste 912,Jacksonville,FL,32202,United States,(904) 746-0050,https://devorecapital.com/,scott@devorecapital.com,,"Roofing contractor, General contractor","DeVore Capital is a versatile construction and real estate company based in Jacksonville, FL, specializing in roofing, general contracting, development, and commercial services. They offer a comprehensive range of services including residential and commercial roofing, construction management, and business consulting, aimed at simplifying property projects for busy clients.",$1.5 M,8,2016,"87,874","54,541",https://www.linkedin.com/company/devore-capital,https://www.facebook.com/devorecapital,https://x.com/devorecapital,https://www.instagram.com/devorecapital,https://www.youtube.com/@devorecapital,30.3257427,'-81.654662,Jason,Holland,"Vice President, Operations",jason@devorecapital.com
Dibble Roofing Co Inc,3518 E Morrow St,Jacksonville,FL,32217,United States,(904) 731-2835,https://dibblerc.com/,,,Roofing contractor,"Dibble Roofing & Construction Co. — Jacksonville FLs trusted roofing contractor since 1949. Roof repair, roof replacement, free roof inspections & estimates. Shingle, tile, metal, TPO, EPDM & flat roofing for residential, commercial, multi-family",,,,,,,,,,,30.2600681,'-81.6253573,,,,
Dimension Construction,1045 N Liberty St,Jacksonville,FL,32206,United States,(904) 249-6094,https://www.dimensionconstruction.biz/,ramin@dimensionconstruction.biz,,Construction company,"Dimension Construction is a general contracting firm with a wealth of experience in building, maintaining, and repairing commercial facilities.",<$5 M,<25,,"15,152","23,236",,,,,,30.3357842,'-81.650084,,,,
Dirty South Flooring & Residential Services,10264 Sandler Rd,Jacksonville,FL,32222,United States,(904) 678-0126,https://www.facebook.com/DirtySouthResidential/,dirtysouthresidential@gmail.com,Unknown,General contractor,,,,,,,,https://www.facebook.com/DirtySouthResidential/,,,,30.2318558,'-81.8287691,,,,
Discount Direct Metal Roofing,9169 New Berlin Rd,Jacksonville,FL,32226,United States,(904) 696-9700,https://www.ddmetal.com/,ddmr@ddmetal.com,,"Roofing contractor, Metal supplier, Roofing supply store, Steel distributor","We are a company that manufactures metal roofing panels, trim, and accessories. Our products comply with the Florida State Code, Section 1507 regarding Quality Assurance. We acquired our certification from Keystone Certifications, Inc. licensee #234 and our Florida approval number is #FL4541.",$1.4 M,6,2000,"52,525","42,423",https://www.linkedin.com/company/discount-direct-metal-roofing,,,,,30.399397,'-81.5538328,,,,
Diversity Roofing & Contracting,10151 Deerwood Park Blvd,Jacksonville,FL,32256,United States,(904) 979-0556,https://www.diversity-roofing.com/,,,Construction company,Diversity Roofing,,,,,,,,,http://instagram.com,,30.2428822,'-81.5507297,,,,
Divici Roofing And Construction,4110 Southpoint Blvd Ste 228,Jacksonville,FL,32216,United States,(904) 796-4030,https://diviciroofing.com/,,,Roofing contractor,"Call Divici Roofing & Construction for all your roofing needs. We provide general construction, shingles installation, tile repair or installation, metal repair or installation, free inspection, lifetime warranty, and insurance claims in Jacksonville",,,,,,,,,,,30.2554452,'-81.5907899,,,,
Domestic Design Roofing Jacksonville,9985 Hood Rd,Jacksonville,FL,32257,United States,(904) 321-0626,https://domesticdesignroofing.com/,info@domesticdesignroofing.com,Service busy,Roofing contractor,"Domestic Design Roofing is a local, family-owned business who strives to honor the Lord though unwavering integrity, quality work, and excellent communication with customers. For over 20 years we have met the residential and commercial roofing needs in Nassua, Duval, St.",,2,2001,,,https://www.linkedin.com/company/domestic-design-roofing,https://www.facebook.com/DomesticDesignRoofing,,https://www.instagram.com/domesticdesignroofing,,30.1970894,'-81.58254,,,,
Donnelly Roofing & Repair,10221 New Kings Rd,Jacksonville,FL,32219,United States,(386) 342-4955,,,,"Roofing contractor, Building firm, Carpenter",,,,,,,,,,,,30.4213063,'-81.7522596,,,,
Dubo Roofing And Construction,830 Kingsley Ave,Orange Park,FL,32073,United States,(904) 396-1889,https://duboroofing.com/,jweseman@duboroofing.com,,"Roofing contractor, Construction company","Since 2001, DUBO Roofing has been providing high-quality residential and commercial roofing services in Jacksonville, Orange Park, Mandarin, Fleming Island and the entire First Coast area. DUBO Roofing is located at 830 Kingsley Ave. in Orange Park ,FL and also hasa Jacksonville office.",<$5 M,<25,2001,"17,176","23,238",https://www.linkedin.com/company/dubo-roofing,https://www.facebook.com/DUBORoofingFL,https://x.com/DuboRoofing,https://www.instagram.com/duboroofing,,30.1653697,'-81.711203,,,,
Duffey Southeast Inc,550 Balmoral Cir N Ste 106,Jacksonville,FL,32218,United States,(904) 751-1931,https://duffeyse.com/,mjones@duffeyse.com,Unknown,General contractor,"Solid Foundations. Successful Beginnings.
With a history dating back to 1945, Duffey Southeast, Inc. has evolved into a team of highly experienced contractors specializing in commercial, retail, data + telecom, and industrial projects. Our construction portfolio includes tenant improvements, administrative and financial buildings, retail, industrial, service operations centers, data centers, and healthcare facilities.",$19.4 M,72,1945,"15,154","23,236",https://www.linkedin.com/company/duffey-southeast-inc-,,https://www.x.com/duffeyinc,https://www.instagram.com/duffeysoutheast,https://www.youtube.com/channel/UCeKrkVAYT4WDb3SI0NsbEcg,30.4281766,'-81.6535348,Sarah,McGuffin,Marketing Coordinator,smcguffin@duffeyse.com
Durham Building Materials Inc.,5914 Norwood Ave,Jacksonville,FL,32208,United States,(904) 764-9541,https://www.durhambuilding.com/,mstanek@durhambuilding.com,,"Roofing supply store, Building materials supplier, Electrical supply store, Key duplication service, Lumber store, Plumbing supply store, Pneumatic tools supplier, Hardware store, Tool store","Durham Building Materials is a family-owned hardware store operating for three generations in Jacksonville, Florida, since 1969. The company specializes in providing a wide range of construction supplies, including lumber, metal, screws, and millwork products.",$3.8 M,17,1969,"52,525","44,444",https://www.linkedin.com/company/durham-building-materials-inc,https://www.facebook.com/durhambuilding,,https://www.instagram.com/durham_building_materials,,30.3748016,'-81.6666259,Ryan,Stanek,"Manager, Operations",rstanek@durhambuilding.com
Duval Master Construction,6653 Powers Ave #18,Jacksonville,FL,32217,United States,(904) 445-9312,https://duvalmasterconstruction.com/,,,Dry wall contractor,,,,,,,,,,,,30.2534869,'-81.6154479,,,,
E2 Roofing Jacksonville,6900 Philips Hwy #31,Jacksonville,FL,32216,United States,(904) 467-7943,https://www.e2roofingjax.com/,,,Roofing contractor,E2 Roofing provides quality roofing services in the Jacksonville and Nashville area. Built With Integrity,$3 M,5,2017,"17,176","23,238",https://www.linkedin.com/company/e2-roofing-jax,https://www.facebook.com/E2roofing,,https://www.instagram.com/e2_roofing,,30.2468052,'-81.6039685,,,,
Ea Roofing,5248 Woodcrest Rd,Jacksonville,FL,32205,United States,(904) 520-3316,,,,Roofing contractor,,,,,,,,,,,,30.2987546,'-81.73511,,,,
Eastcoast Quality Roofing Inc,5572 110th St,Jacksonville,FL,32244,United States,(904) 471-4499,,,,Roofing contractor,,,,,,,,,,,,30.2407421,'-81.7278707,,,,
Eastern Roofing Company,2002 San Marco Blvd Suite 200,Jacksonville,FL,32207,United States,(904) 775-7663,https://www.easternroofing.com/,,,Roofing contractor,"Eastern Roofing is a family-owned roofing company with over 40 years of experience, founded by a father and his three sons. They specialize in residential roofing services, including premium asphalt, synthetic slate, metal, and cedar roofing, while also providing insurance guidance to help clients navigate claims.",$2.7 M,10,,"17,176","23,238",,,,,,30.3036628,'-81.6540217,,,,
Eco Restore,7563 Philips Hwy Bldg 300,Jacksonville,FL,32256,United States,(904) 226-9265,https://ecorestorellc.com/,jbridgeman@ecorestorellc.com,Unknown,Roofing contractor,"ECO Restore is a full-service contractor based in Jacksonville, FL, founded in 2018 with over 40 years of industry experience. They specialize in roofing services and pride themselves on providing affordable prices and quality workmanship to local clients, including friends, family, and neighbors.",$1.8 M,6,2018,"17,176","23,238",,https://www.facebook.com/EcoRestoreLLC,,https://www.instagram.com/eco_restore,,30.2341448,'-81.5918902,Joshua,Bridgeman,"Owner, Chief Financial Officer",jbridgeman@ecorestorellc.com
Ecobuild Roofing,13475 Atlantic Blvd Unit 8-875,Jacksonville,FL,32225,United States,(904) 643-3686,https://ecobuildjax.com/,pavel@ecobuildjax.com,,Roofing contractor,"Ecobuild Roofing provides top-quality roofing services in Jacksonville, FL, and surrounding areas, including residential roofing and storm damage restoration. With over 10 years of experience, they specialize in addressing the specific challenges of Floridas weather, ensuring homes are protected against hurricanes and heavy rainfall.",$521 K,6,2017,"17,176","23,238",,https://facebook.com/ecobuildgroupinc,https://ecobuildjax.com/privacy-policy,https://www.instagram.com/ecobuildgroupinc,https://www.youtube.com/@EcobuildroofingFL,30.3220685,'-81.4534048,Pavel,Morozov,,pavel@ecobuildjax.com
"Edge - Design Build, Roofing, Inspections",12276 San Jose Blvd Ste 610,Jacksonville,FL,32223,United States,(904) 303-9181,,,,Construction company,,,,,,,,,,,,30.1457984,'-81.6348122,,,,
Effective Roofing Services Llc,5149 Sunbeam Rd #3,Jacksonville,FL,32257,United States,(904) 352-6431,https://effectiveroofing.net/,luis.monegro@effectiveroofing.net,Unknown,Roofing contractor,Default page,,,,,,,,,,,30.2063349,'-81.5818132,,,,
Elite Roofing Jacksonville Fl,1316 Shootingstar Ln,Jacksonville,FL,32259,United States,(904) 664-4844,,,,"Roofing contractor, Gutter cleaning service, Siding contractor",,,,,,,,,,,,30.1115335,'-81.5831293,,,,
Elite Roofing Of Jax Inc,12960 Old St Augustine Rd,Jacksonville,FL,32258,United States,,,,,Roofing contractor,,,,,,,,,,,,30.1465817,'-81.569997,,,,
Elite Steel,,Jacksonville,FL,32204,United States,(904) 799-6499,https://elitesteel.com/,sales@elitesteel.biz,Unknown,Roofing supply store,"Our mission at Elite Steel is to provide our customers with high-quality metal roofing panels that exceed their expectations in terms of durability, strength, and aesthetic appeal. We are committed to delivering exceptional customer service, providing expert advice and guidance, and ensuring that our products are delivered on time and within budget.",,1,2020,,,,,,,,30.3385426,'-81.6746345,,,,
Ellis Roofing Co,3938 Sunbeam Rd,Jacksonville,FL,32257,United States,(386) 342-4987,,,,"Roofing contractor, Building firm, Carpenter",,,,,,,,,,,,30.205301,'-81.614257,,,,
Elo Roofing,3415 Kori Rd,Jacksonville,FL,32257,United States,(904) 822-9630,https://eloroofing.com/,leads@eloroofing.com,,Roofing contractor,"Rogero & Williams is a family owned and operated roofing contractor specializing in the residential market. We offer many years of experience and we pride ourselves in providing reliable service, quality craftsmanship & materials, and the highest level of customer service from onset to completion of a project.",$1.5 M,12,2013,"17,176","23,238",https://www.linkedin.com/company/elo-roofing,https://www.facebook.com/elorestorationdenver,https://x.com/RestorationElo,https://www.instagram.com/elorestoration,https://www.youtube.com/channel/UCDCCbDJ1o5X2fMU_Kyt6XPg,30.2038955,'-81.6201676,Nathan,Dennis,Sales Specialist,nathan_d@eloroofing.com
Emco Roofing Contractors,404 Beverly Ln,Jacksonville,FL,32254,United States,(904) 693-4874,,,,"Roofing contractor, Insulation contractor, Siding contractor",,,,,,,,,,,,30.3189016,'-81.7510184,,,,
Empire Roofing Inc,3110 W 45th St,Jacksonville,FL,32209,United States,,,,,Roofing contractor,,,,,,,,,,,,30.3670001,'-81.7160422,,,,
Empireworks Reconstruction,12724 Gran Bay Pkwy Suite 410 - #5588,Jacksonville,FL,32258,United States,(888) 278-8200,https://www.empireworks.com/,info@empireworks.com,,General contractor,"EmpireWorks is an exterior reconstruction and painting company which provides services across California, Nevada, Arizona, Colorado, and Florida. They do painting, wood repairs, welding, waterproofing, fencing and installation, and property Inspections.",$110 M,890,2002,"15,152","23,236",https://linkedin.com/company/empireworks,https://www.facebook.com/empireworks,https://www.x.com/empire_services,https://instagram.com/empireworksreconstruction,https://youtube.com/channel/UCOEaDZSPG0WuYVk9cf-Tmzg,30.1395695,'-81.5319168,Christopher,Lynn,Project Manager,clynn@empireworks.com
Endless Summer Roofing Co.,10450 San Jose Blvd Suite M,Jacksonville,FL,32257,United States,(904) 357-0722,https://www.endlesssummerroofing.com/,info@yourfloridaroofer.com,Unknown,Roofing contractor,"Trusted roofing services in Jacksonville & beyond. Family-owned, fully licensed since 2005. Call us today!",,,,,,https://www.linkedin.com/company/endless-summer-roofing-co,https://www.facebook.com/EndlessSummerRoofing,,,,30.1887296,'-81.6281041,,,,
"Epic Contractors, Inc.",56 Evans Dr,Jacksonville Beach,FL,32250,United States,(904) 588-4490,https://www.epiccontractorsinc.com/,epiccontractorsinc@gmail.com,Unknown,Construction company,Epic Contractors | Custom Home Construction and Renovation,,,,,,,,,,,30.2732073,'-81.4069009,Casey,Conner,,casey@epiccontractorsinc.com
Equity Builders Of Florida Llc,2650 Rosselle St,Jacksonville,FL,32204,United States,(904) 398-1044,https://equitybuildersfl.com/,jindriolo@equitybuildersfl.com,,"Roofing contractor, General contractor, Swimming pool contractor","Equity Builders is a leader in commercial construction and construction management located in North Florida. Having been in business for over fifteen years, our passion shows both in our work and our customers growth. We hold ourselves to excellency through accountability, diligence, and efficiency.",,3,2006,,,,,https://www.theblockjax.com,,,30.3191651,'-81.6948491,,,,
Equity Roofing Llc,2650 Suite 2 Rosselle St,Jacksonville,FL,32204,United States,(904) 631-1927,,,,Roofing contractor,,,,,,,,,,,,30.3191467,'-81.6948556,,,,
Erie Home,7060 103rd St,Jacksonville,FL,32210,United States,(904) 579-0376,https://eriehome.com/locations/roofing/jacksonville-fl/,customersupport@eriehome.com,,Roofing contractor,"Founded in 1976 to provide homeowners with superior remodeling experiences, Erie Home has become a national leader in home improvement. This is thanks to our exceptional team of hardworking professionals who represent the best the industry has to offer.",$1.1 B,"17,000",1976,"15,152","23,236",https://www.linkedin.com/company/signature-mortgage,https://www.facebook.com/eriehome,https://www.x.com/sigmortgages,,,30.2461697,'-81.7621242,Chadley,Smith,,chadley.smith@eriehome.com
Errc Roofing,5220 Helm Ave,Jacksonville,FL,32244,United States,(904) 664-6048,,,,Roofing contractor,,,,,,,,,,,,30.2354566,'-81.7168791,,,,
Ers Corp,760 Talleyrand Ave,Jacksonville,FL,32202,United States,(904) 791-9992,https://www.ersfl.com/,v.morris@ersfl.com,,General contractor,"Environmental Remediation Services, Inc. (ERS) is a full service professional environmental contracting firm. (Private company)",$6.8 M,3,1992,"49,495","56,562",https://www.linkedin.com/company/erscorp,https://www.facebook.com/ersincorporated,https://www.x.com/ers_fl,,,30.3301535,'-81.6317591,Valtious,Morris,"Vice President, Operations",v.morris@ersfl.com
Ers Metals,12574 Flagler Center Blvd Suite 101 #1016,Jacksonville,FL,32258,United States,(904) 206-8316,https://ersmetals.com/,,,"Metal supplier, Roofing supply store","Florida metal roofing supplier for contractors—standing seam and 5V panels, custom trim, on-site roll-forming, field measurement checks, IMQ for quick and accurate quotes.",,,,,,https://www.linkedin.com/company/ersmetals,https://www.facebook.com/ersmetals,https://x.com/ErsMetals,https://www.instagram.com/ersmetals,https://www.youtube.com/@ERSMetals,30.140266,'-81.519792,,,,
Evans & Sons Construction Company Inc.,5454 Ageson Rd,Jacksonville,FL,32219,United States,(904) 509-4563,,,,Construction company,,,,,,,,,,,,30.3903613,'-81.7329374,,,,
Ever Enterprises Of Jax Corp,285 Bon Air Dr N,Jacksonville,FL,32218,United States,(904) 444-5162,https://www.everenterprisescorp.com/,everenterprisescorp@gmail.com,Unknown,Construction company,"Home Remodeling, Painting, General Contracting Services",,,,,,,https://www.facebook.com/everenterprisescorp,,,,30.4088183,'-81.644669,,,,
Everett Custom Renovations Llc,11665 Sail Ave,Jacksonville,FL,32246,United States,(904) 418-3571,,,,Handyman/Handywoman/Handyperson,,,,,,,,,,,,30.293605,'-81.5171897,,,,
Everett Home Repair Llc,10454 Arrow Forest Ct,Jacksonville,FL,32256,United States,(904) 418-3571,,,,"Handyman/Handywoman/Handyperson, Siding contractor, Tile contractor",,,,,,,,,,,,30.188684,'-81.615808,,,,
Everett’s Custom Renovations LLc,7881 Steamboat Springs Ct,Jacksonville,FL,32210,United States,(904) 418-3571,,,,"Handyman/Handywoman/Handyperson, Bathroom remodeler, Dry wall contractor, Flooring contractor, Tile contractor",,,,,,,,,,,,30.2568941,'-81.7800066,,,,
Extreme Roofing Company,7937 Chateau Dr S,Jacksonville,FL,32221,United States,(904) 477-9116,,,,Roofing contractor,,,,,,,,,,,,30.2895559,'-81.7807782,,,,
Fasttrackbuilders Inc.,9453 Carbondale Dr W,Jacksonville,FL,32208,United States,(904) 237-0957,,,,General contractor,,,,,,,,,,,,30.4117267,'-81.6822952,,,,
Father & Son Gutter Services,13925 Odie Rd,Jacksonville,FL,32220,United States,(904) 426-4137,https://www.fsgutters.com/,f.sgutters@gmail.com,Unknown,Gutter cleaning service,Here at FS Gutters we are solving Jacksonvilles drainage problem one roof at a time.,,,,,,,,,https://www.instagram.com/fsgutters,,30.3405668,'-81.912985,,,,
Father And Son Roofing,5012 Nathan Hale Rd,Jacksonville,FL,32221,United States,(904) 545-3621,,,,Roofing contractor,,,,,,,,,,,,30.2265892,'-81.9181159,,,,
Ferber Sheet Metal Works,4121 Evergreen Ave,Jacksonville,FL,32206,United States,(904) 356-3043,http://ferbersmw.com/,gferber@ferbersmw.com,,Sheet metal contractor,"Ferber Sheet Metal is a premier metal working facility located in Jacksonville, Florida. Since 1937, we have been providing the utmost in quality sheet metal fabrication in both the Greater Jacksonville area of North Florida, and nationwide. No job is too big or too much of a challenge for Ferber.",$45.1 M,32,1937,"34,344","33,332",https://www.linkedin.com/company/ferbersmw,,,,,30.3630497,'-81.6431316,Richard,Malzahn,Chief Financial Officer,rmalzahn@ferbersmw.com
Ferguson Brothers Roofing,4212 Blanding Blvd,Jacksonville,FL,32210,United States,(386) 342-4989,,,,"Roofing contractor, Building firm, Carpenter",,,,,,,,,,,,30.2643853,'-81.7392176,,,,
"Ferrovial Services, N.a.",6151 Philips Hwy,Jacksonville,FL,32216,United States,(904) 268-1401,https://www.ferrovial.com/en/,comunicacion@ferrovial.com,Unknown,General contractor,"Founded in 1963, Webber is a construction company specializing in intelligent infrastructure. It is headquartered in The Woodlands, Texas.",$2.6 B,"4,100",1963,"16,162","23,237",https://www.linkedin.com/company/ferrovial,https://www.facebook.com/ferrovial,https://x.com/ferrovial,https://instagram.com/ferrovial,https://www.youtube.com/ferrovial,30.2595516,'-81.6128154,Tamim,Khan,"Pavement Engineering Lead (north, Americas)",khan@ferrovial.com
Fers Masonry & Dryer Vent Repair Services,1586 Bassett Rd,Jacksonville,FL,32208,United States,(239) 419-0415,https://fers-construction-landscaping-imc.square.site/,,,"Masonry contractor, Construction company",,,,,,,,,,,,30.4103353,'-81.6812535,,,,
Fidus Group,410 Blanding Blvd,Orange Park,FL,32073,United States,(904) 230-5548,http://www.thefidusgroup.com/,info@thefidusgroup.com,,Roofing contractor,"The Fidus Group, Construction Roofing Pavers, St. Augustine, FL The Fidus Group is a well-established general contracting firm that has been providing quality service to St. Augustine region since 2005 with Construction, Roofing and Pavers.",$1.6 M,15,2005,"17,176","23,238",https://www.linkedin.com/company/fidus-roofing-and-construction,https://www.facebook.com/FidusRoofingandConstruction,,,,30.1632247,'-81.7488763,Leah,King,Marketing,leah@thefidusgroup.com
Finley Roofing Co,6108 Arlington Rd,Jacksonville,FL,32211,United States,(386) 342-4960,,,,Roofing contractor,,,,,,,,,,,,30.3333279,'-81.596053,,,,
First Coast Roofing & Construction,9611 San Jose Blvd,Jacksonville,FL,32257,United States,(904) 287-7756,,,,Roofing contractor,,,,,,,,,,,,30.2036913,'-81.6166354,,,,
First Coast Roofing Company,11341 Distribution Ave E Ste 6,Jacksonville,FL,32256,United States,(904) 685-9384,https://fcroofingcompany.com/,info@fcroofingcompany.com,Unknown,Roofing contractor,Call the Trusted Jacksonville and Ponte Vedra Beach Roofing and Storm Damage Repair Expert today! *FREE Inspection*. Schedule Online in Under 10 seconds!,,3,,,,,https://facebook.com/firstcoastroofingcompany,,https://instagram.com/firstcoastroofing,https://youtube.com/@firstcoastroofing,30.1633456,'-81.5284981,,,,
First Light,13245 Atlantic Blvd #4-366,Jacksonville,FL,32225,United States,(904) 571-3646,https://firstlighthomeservices.com/,sales@firstlighthomeservices.com,Unknown,Roofing contractor,"First Light Home Services is a trusted roofing company in Jacksonville, FL offering roof replacement, roof installation, and storm damage services. Call today.",,,,,,,https://www.facebook.com/p/First-Light-Home-Services-100091559013713,https://www.x.com/home,https://www.instagram.com/firstlighthomeservices,,30.3208748,'-81.4602863,,,,
First Light Home Services,2225 St Johns Bluff Rd S #3,Jacksonville,FL,32246,United States,(904) 590-7500,https://firstlighthomeservices.com/,sales@firstlighthomeservices.com,Unknown,Roofing contractor,"First Light Home Services is a trusted roofing company in Jacksonville, FL offering roof replacement, roof installation, and storm damage services. Call today.",,,,,,,https://www.facebook.com/p/First-Light-Home-Services-100091559013713,https://www.x.com/home,https://www.instagram.com/firstlighthomeservices,,30.3097692,'-81.5249483,,,,
Five Star Remodeling And More Llc,8118 Renault Dr S,Jacksonville,FL,32244,United States,(904) 667-1769,,,,Contractor,,,,,,,,,,,,30.2404346,'-81.7834595,,,,
Fla Roofing And Restoration Inc.,Touchton Rd Building 100,Jacksonville,FL,32246,United States,(904) 853-3009,https://flaroofingandrestoration.com/jacksonville-roofers/,flaroofing@gmail.com,,Roofing contractor,Free roof inspections & expert repairs. FLA Roofing & Restoration delivers trusted craftsmanship & transparent service for homes & businesses.,,,,,,,https://www.facebook.com/p/FLA-Roofing-And-Restoration-Inc-100083235823830,,,,30.2630017,'-81.5504521,,,,
Flanagan Roofing & Repair,12710 San Jose Blvd,Jacksonville,FL,32223,United States,(386) 342-4935,,,,"Roofing contractor, Building firm, Carpenter",,,,,,,,,,,,30.1361144,'-81.6328328,,,,
Florida Elite Roofing,8130 Baymeadows Way W #103,Jacksonville,FL,32256,United States,(800) 935-7415,https://fleliteroofing.com/,info@fleliteroofing.com,Unknown,Roofing contractor,"Florida Elite Roofing & Home Improvement LLC - Protecting Central Florida, One Roof at a Time
For over 2 years, weve been Central Floridas trusted roofing partner, combining military-grade discipline with unmatched craftsmanship. As a veteran-owned company, we bring precision and reliability to every project across Orange, Volusia, Brevard, Polk, Osceola, Lake, Seminole, and Sumter counties.",,2,2024,,,,https://www.facebook.com/people/Florida-Elite-Roofing/61556431801046,,https://www.instagram.com/floridaeliteroofing,,30.2312429,'-81.5907225,,,,
Florida Metal Products Inc,6940 Stuart Ave,Jacksonville,FL,32254,United States,(904) 783-8400,https://flamco.com/,info@flamco.com,,"Building materials supplier, Manufacturer, Metal supplier, Sheet metal contractor","FLAMCO specializes in manufacturing high-quality metal roofing products catering to both residential and commercial markets throughout the U.S. Their product range includes a variety of metals, gauges, sizes, and finishes, ensuring tailored solutions for various roofing needs.",$25.4 M,118,1923,"34,344","33,332",https://www.linkedin.com/company/omnimax-international-inc.,,,,,30.3169247,'-81.7613096,Lee,Jones,,ljones@flamco.com
Florida Roof & Air,9210 Cypress Green Dr,Jacksonville,FL,32256,United States,(904) 683-7506,,,,"Roofing contractor, Air conditioning contractor",,,,,,,,,,,,30.2229612,'-81.5680804,,,,
Florida Roof And Solar Contractors,4949 Sunbeam Rd #2,Jacksonville,FL,32257,United States,(904) 738-8552,,,,"Roofing contractor, Home automation company",,,,,,,,,,,,30.2063105,'-81.5848787,,,,
Florida Roof Specialists,8535 Baymeadows Rd Suite 21,Jacksonville,FL,32256,United States,(800) 995-7018,https://www.wfla.com/8-on-your-side/better-call-behnken/florida-ag-sues-roofing-company-over-frivolous-liens-lawsuits-against-customers/amp/,news@wfla.com,,Roofing contractor,"WFLA is an NBC-affiliated television news station founded in 1955 and headquartered in Tampa, Florida. The company delivers local and world news content through both traditional broadcasting and digital platforms including a mobile app. WFLA serves both consumer and business audiences with comprehensive news coverage, operating multiple locations throughout its service area.",$6 M,179,1955,"48,483","51,516",https://www.linkedin.com/company/wfla-tv-news-ch-8-nbc,https://www.facebook.com/wflanewschannel8,https://www.x.com/wfla,,,30.2212996,'-81.5803354,Colleen,Seitz,Digital Director,cseitz@wfla.com
Florida Roofing & Construction,13046 Brians Creek Dr,Jacksonville,FL,32224,United States,(904) 621-4998,,,,Roofing contractor,,,,,,,,,,,,30.2684696,'-81.4730003,,,,
Florida Roofing Corp,1749 E Duval St,Jacksonville,FL,32202,United States,(754) 256-2490,https://florida-roofing-corp.ueniweb.com/,hello@dlselectrical.com,Unknown,Roofing contractor,"Corretora de seguros especializada em benefícios corporativos, Seguros de Vida em Grupo, Planos de Saúde, Planos Odontológicos, Vales Alimentação, Refeição, Combustível.
Com foco de atuação em empresas que buscam a redução de custos e opções para proteção e segurança de seus colaboradores, além de um atendimento diferenciado e mais próximo do cliente.",$5.6 M,3,2017,"73,737","81,811",https://www.linkedin.com/company/ueni-ltd,https://www.facebook.com/ueniltd,https://x.com/ueniltd,https://www.instagram.com/ueni.ltd,https://www.youtube.com/channel/UC8fBh12eIVelFUDWpRp556g,30.3248294,'-81.6325543,,,,
Florida Roofing Pros,9310 Old Kings Rd S #104,Jacksonville,FL,32257,United States,(904) 478-1920,https://floridaroofingpros.net/roofing-contractors-jacksonville-fl/,website@floridaroofingpros.net,,Roofing contractor,"Florida Roofing Pros is a fully licensed, bonded, and insured roofing contractor located in Jacksonville, offering a wide range of residential and commercial roofing services, including roof repair, installation, inspection, and replacement. They cater to clients in Duval County and focus on using quality materials while ensuring 100% customer satisfaction.",$1.2 M,6,,"17,176","23,238",,https://www.facebook.com/floridaroofingprosjacksonville,https://x.com/roofingflorida.,,https://www.youtube.com/channel/UCqVg0ET2L2pNZhAKHXa4JSA,30.2087968,'-81.5845392,,,,
Florida State Construction,2265 St Johns Bluff Rd S,Jacksonville,FL,32246,United States,(904) 998-9899,,,,Roofing contractor,,,,,,,,,,,,30.3090119,'-81.525212,,,,
Florida Storm Roofing & Construction,5991 Chester Ave Ste 207-208,Jacksonville,FL,32217,United States,,,,,Contractor,,,,,,,,,,,,30.2616955,'-81.6225444,,,,
Floridian Roofing And Solar,10752 Deerwood Park Blvd Suit 100,Jacksonville,FL,32256,United States,(904) 772-4986,https://www.floridianroofingandsolar.com/,greggb@floridianroofingandsolar.com,Unknown,"Roofing contractor, Solar energy company","Floridian Roofing & Solar provides roofing services for both residential and commercial. We work closely with our customers and suppliers to take care of all of your roofing needs.
We understand that the thought of replacing your roof can be intimidating which is why we make the process as painless as possible by taking the time to listen to you and your questions and determine the most appropriate course of action based on your needs and your budget.",<$5 M,1,2018,"17,176","23,238",https://www.linkedin.com/company/floridian-roofing-and-solar,https://www.facebook.com/floridianroofingandsolarjacksonville,,,,30.2470592,'-81.530929,Gregg,Braswell,Owner,greggb@floridianroofingandsolar.com
Forshee Contracting Services Llc,14600 Duval Pl W #52,Jacksonville,FL,32218,United States,(904) 720-7109,https://www.forsheecontracting.com/,bo@forsheecontracting.com,,"Roofing contractor, Construction company, Remodeler, Contractor","Forshee Contracting specializes in high-quality roofing and construction services in Jacksonville and Northeast Florida. They cater to both residential and commercial clients, offering services such as roof installation, renovations, and tenant buildouts.",$1 M,2,,,,,https://www.facebook.com/forsheecontracting,,https://www.instagram.com/forshee.contracting,,30.4762165,'-81.6467799,Bo,Stewart,,bo@forsheecontracting.com
Fortress Roofing And Construction Llc,7949 Atlantic Blvd Suite 205,Jacksonville,FL,32211,United States,(904) 307-0235,https://www.fortressrc.com/,josh@fortressrc.com,,Roofing contractor,"Fortress Roofing and Construction LLC, located in Jacksonville, FL, specializes in a range of roofing services including repairs, replacements, and emergency tarping. The company is dedicated to providing superior customer service and high-quality roofing solutions to protect homes from the elements.",$1.2 M,15,,"17,176","23,238",,https://www.facebook.com/fortressrc,,https://www.instagram.com/fortress_rc,,30.3150518,'-81.57346,Michelle,Claudio,President & Owner,michelle@fortressrc.com
"Fraser Roofing, Llc",9799 Old St Augustine Rd,Jacksonville,FL,32257,United States,(404) 341-7663,https://www.fraserroofingllc.com/,jacksonville@fraserroofingllc.com,,Roofing contractor,"Fraser Roofing, LLC is a family-owned roofing contractor serving Georgia and South Carolina, providing expert roofing solutions including emergency repairs, roof replacements, and gutter services. Established in 2009, the company prioritizes customer satisfaction and has earned a strong reputation in the community with numerous 5-star reviews.",$16.3 M,75,2009,"17,176","23,238",https://www.linkedin.com/company/fraser-roofing-llc,https://www.facebook.com/fraserroofingllc,https://www.x.com/fraserroofing,https://www.instagram.com/fraserroofingga,https://www.youtube.com/@fraserroofingllc8156,30.1995805,'-81.6146364,Robbie,Blacker,Territory Manager,robbie@fraserroofingllc.com
Fx Remodeling & Exteriors,10490 Busch Dr N,Jacksonville,FL,32218,United States,(904) 639-6242,https://vinylsidingjacksonville.com/,,,"Contractor, Siding contractor","From vinyl siding in Jacksonville, FL to roof repair, you can count on us! Our experts on doors, gutters, windows, roofing and vinyl siding in Jacksonville, FL make sure your home is beautiful and reliable! Our exterior contractors in Jacksonville, FL specialize in vinyl siding, roofing, door, window and gutter repair! Keep your home at its very best! Schedule your free Jacksonville vinyl siding estimate today! You might spend less time thinking about your homes exterior than the floors, walls, and ceilings you see everyday but theres no part of your home which has more demanded of it than your home exterior.",$1.1 M,6,,,,,https://www.facebook.com/fx-remodeling-exteriors-jacksonville-618479781619822,https://www.x.com/sidjacksonville,,,30.421938,'-81.6368489,,,,
G & K Construction Inc,14039 Spoonbill St N,Jacksonville,FL,32224,United States,(904) 887-0090,https://www.g-kconstruction.com/,kris@g-kconstruction.com,Unknown,"Roofing contractor, Concrete contractor, Contractor, Home builder, Construction company","Quality construction services in Jax, Jacksonville, FL. Trust G-K Construction for your project. Click here for details.",,,,,,,https://www.facebook.com/people/G-K-Construction-INC/61551363405063,https://x.com/GKConstruc99281,https://www.instagram.com/gkconstructioninc,,30.3162695,'-81.4402594,,,,
"Galaxy Builders, Inc",6684 Columbia Park Dr S Ste 6,Jacksonville,FL,32258,United States,(904) 503-4164,https://galaxyfla.com/,sales@galaxyfla.com,,"Roofing contractor, Bathroom remodeler, Construction company, General contractor, Kitchen remodeler, Siding contractor, Window installation service","Your home is your sanctuary and it deserves a level of craftsmanship, design, and service that will satisfy you for years to come. For our company, putting in the hard work and knowing that we’ll finish with a job well done is what sets us apart. We’ll never leave you with anything less than the finest workmanship and sturdiest results, whether that’s roofing replacements, kitchen and bath remodels, or window and door services.",$913 K,9,2003,"17,176","23,238",https://www.linkedin.com/company/galaxy-builders-inc-,https://www.facebook.com/GalaxyBuilders,https://x.com/GalaxyFla,,,30.1549815,'-81.5372259,,,,
Garcia Roofing Services,181 Del Prado Dr,Ponte Vedra Beach,FL,32082,United States,(904) 385-1098,,,,"Roofing contractor, Building firm, Carpenter",,,,,,,,,,,,30.2435632,'-81.391796,,,,
Gibson Roofing & Repair,531 W Union St,Jacksonville,FL,32202,United States,(386) 342-4980,,,,"Roofing contractor, Building firm, Carpenter",,,,,,,,,,,,30.3339077,'-81.6631132,,,,
Giga Soffit,3900 Oldfield Crossing Dr,Jacksonville,FL,32223,United States,(904) 418-2189,https://gigasoffit.com/,,,"Roofing contractor, Siding contractor",Application error: a client-side exception has occurred,,,,,,,,,,,30.1672429,'-81.6070604,,,,
Gimo's Roofing,33 24th St E,Jacksonville,FL,32206,United States,(904) 606-5313,https://www.gimosroofing.com/,,,"Roofing contractor, Siding contractor","Gimos Roofing is a trusted Jacksonville roofing company with 500+ roofs completed, 5-star reviews, and expert roofers Jacksonville FL homeowners rely on. Call (904) 606-5313.",,,,,,https://www.linkedin.com/company/gimo-s-renovation-roofing,https://www.facebook.com/gimosrenovation,,https://www.instagram.com/gimosroofing,,30.3590183,'-81.652718,,,,
"Gold Standard Construction & Consulting, Llc",7949 Atlantic Blvd Ste 201,Jacksonville,FL,32211,United States,(904) 712-1899,https://www.thegoldstandardcc.com/,info@thegoldstandardcc.com,Unknown,Construction company,"What truly sets us apart is our dedication to delivering turn-key projects. More specifically, from inception to the final finishing touch, we handle everything, sparing you the stress of managing multiple contractors. With us, you gain a single point of contact for a harmonious and hassle-free process.",,6,2022,,,https://www.linkedin.com/company/the-gold-standard-construction,,,,,30.3149261,'-81.5734415,,,,
Golden Hammer Gutters,6671 Hyde Grove Ave Suite 101,Jacksonville,FL,32210,United States,(904) 880-2004,https://goldenhammergutters.com/,gutters@goldenhammergutters.com,Unknown,"Roofing contractor, Gutter service, Gutter cleaning service","Looking for seamless gutters in Jacksonville, FL? Golden Hammer Gutters is the premier company for Seamless Gutters in Jacksonville, Florida.",,,,,,https://www.linkedin.com/company/golden-hammer-roofing,https://www.facebook.com/GoldenHammerRoofingJAX,https://x.com/GoldenGutters1,,https://www.youtube.com/channel/UC9BbRFv_x8rJXw_r_ygY81A,30.2851869,'-81.7543224,,,,
Golden Hammer Roofing,6671 Hyde Grove Ave,Jacksonville,FL,32210,United States,(904) 880-2004,https://goldenhammerroofing.com/,admin@goldenhammerroofing.com,Service busy,"Roofing contractor, Gutter cleaning service","Quality Roofing Repair and Inspection in Jacksonville, FL

Looking for reputable roofing contractors in Jacksonville FL? Look no further than Golden Hammer Roofing, backed by 35 years of experience in the commercial and residential roofing business.",$7 M,5,1985,"17,176","23,238",https://www.linkedin.com/company/golden-hmmr-roofing,,,,,30.2848371,'-81.7544697,Ed,Callaway,President,edcallaway@goldenhammer.co
Good Call Inc,860 Briarcreek Rd,Jacksonville,FL,32225,United States,(904) 314-5859,,,,"Roofing contractor, Bathroom remodeler, Kitchen remodeler, Painter, Painting, Paving materials supplier, Remodeler, Contractor",,,,,,,,,,,,30.3365569,'-81.491398,,,,
Green Energy Builders & Solutions,13720 Old St Augustine Rd #8,Jacksonville,FL,32258,United States,(904) 429-7001,https://greenenergybuilders.org/,info@greenenergybuilders.org,,"Contractor, Apartment building, General contractor, HVAC contractor, Insulation contractor, Kitchen remodeler","Green Energy Builders and Solutions is a pioneering building contractor specializing in alternative energy solutions with over 25 years of experience. They offer a range of services including construction management, HVAC installation and repair, and energy efficiency solutions tailored to meet specific customer needs.",$420 K,7,,"17,174","23,238",https://www.linkedin.com/company/green-energy-builders-and-solutions,https://www.facebook.com/Green-Energy-Builders-Solutions-261633360523204,https://x.com/greenenergyjax,,,30.141985,'-81.5532529,Camille,Touma,,ctouma@greenenergybuilders.org
Griffin Roofing Company,7751 Belfort Pkwy,Jacksonville,FL,32256,United States,(386) 342-4933,,,,"Roofing contractor, Building firm, Carpenter",,,,,,,,,,,,30.2433353,'-81.5820306,,,,
"Gulf Atlantic Industries Of America Disaster Relief, Llc",6950 Philips Hwy #36,Jacksonville,FL,32216,United States,(904) 281-0102,,,,"Roofing contractor, Siding contractor",,,,,,,,,,,,30.2461453,'-81.6034293,,,,
Gulfeagle Supply,2649 Rosselle St,Jacksonville,FL,32204,United States,(904) 387-0441,https://www.gulfeaglesupply.com/,help@gulfeaglesupply.com,,Roofing supply store,"Gulfeagle Supply is a leading distributor of roofing supplies and building products in the United States. We cater to both professional contractors and individual homeowners, offering a wide range of materials and services to support various construction projects.",$430 M,662,1973,"52,521","44,444",https://www.linkedin.com/company/gulfeagle-supply,https://www.facebook.com/GulfeagleSupply,,https://www.instagram.com/gulfeaglesupply,,30.3197495,'-81.6942967,Tommy,Tran,"Manager, Cash Application",ttran@gulfeaglesupply.com
Gutierrez Family Roofing,Dunn Ave 29b #29b,Jacksonville,FL,32218,United States,(904) 442-9837,https://gutierrezfamilyroofrepair.top/,,,Roofing contractor,Roof Repair in Jacksonville (904) 442-9837 Call Us,,,,,,,,,,,30.4308183,'-81.6696063,,,,
Gutter Cap Jacksonville,6900 Philips Hwy Ste. #34,Jacksonville,FL,32216,United States,(904) 447-0150,https://www.guttercapflorida.com/,,,Gutter cleaning service,"Gutter Cap has been servicing Florida and Southern Georgia with gutters and gutter protection for the last decade. In an industry that has multiple gutter and gutter protection options, Gutter Cap, stands above the rest with the proven products and a record that honors their Lifetime Warranty.",$979 K,8,,"17,176","23,238",,https://www.facebook.com,https://x.com,https://www.instagram.com,,30.2468074,'-81.603971,,,,
Gutter Helmet,6500 Youngerman Cir,Jacksonville,FL,32244,United States,(800) 824-3772,https://www.gutterhelmet.com/,info@rbcroofing.com,Unknown,"Gutter cleaning service, Manufacturer","Gutter Helmet, founded in 1981, is a construction company that specializes in manufacturing and installing gutter protection systems for residential properties. The company offers gutter guards with a Triple Lifetime Warranty and operates through a network of dealers across North America.",$217.3 M,800,1981,"17,176","23,238",https://www.linkedin.com/company/gutter-helmet,https://www.facebook.com/getgutterhelmet,https://x.com/gutter_helmet,https://www.instagram.com/getgutterhelmet,https://www.youtube.com/channel/UCw1Kekkgqt3G2UHF3jAT5bQ,30.1963019,'-81.749172,,,,
Gutters 4 Less,2351 Forest Blvd,Jacksonville,FL,32216,United States,(904) 412-7907,https://www.gutters4lessjax.com/,,,"Roofing contractor, Contractor, Gutter cleaning service, Gutter service","Gutters 4 Less is a licensed and fully insured company based in Florida, specializing in residential and commercial gutter installations and repair services. They offer high-quality materials and provide a seamless gutter system that protects homes from water erosion, mold, and mildew.",$1.1 M,6,,"17,176","23,238",,https://www.facebook.com/gutters-4-less-236065019813311,,,,30.3022033,'-81.5469005,,,,
Gutters For Life,6999 Merrill Rd,Jacksonville,FL,32277,United States,(904) 456-7700,https://guttersforlife.com/,info@guttersforlife.com,Unknown,"Gutter cleaning service, Repair service","Top-rated gutter installation in Jacksonville, FL. Seamless gutters, fast service, licensed & insured. Call for a free quote!",,,,,,,,,,,30.3523437,'-81.5813771,,,,
Gw Gutters,2820 Spring Glen Rd,Jacksonville,FL,32207,United States,(904) 343-9873,https://www.gwgutters.com/,admin@gwgutters.com,,"Gutter service, Gutter cleaning service","GW Gutters is a reputable gutter service provider located in Jacksonville, FL, specializing in gutter installation, repair, cleaning, and guards. With over 15 years of experience, the company offers a variety of options for high-quality gutters, ensuring effective rainwater management and protection for homes and businesses.",$1.2 M,6,2019,"17,176","23,238",,https://www.facebook.com/gw-gutters-387703111847683,,,,30.2968435,'-81.6097262,,,,
Hager Construction Co,2037 Gilmore St,Jacksonville,FL,32204,United States,(904) 356-0908,,,,General contractor,,,,,,,,,,,,30.31998,'-81.6842721,,,,
Halbert Contracting Company Inc.,524 Herman St,Jacksonville,FL,32254,United States,(904) 381-8905,https://halbertcontracting.com/,larry@halbertcontracting.com,Service busy,"Roofing contractor, Building restoration service, General contractor, Waterproofing service","Halbert Contracting Co. Inc. is a general contractor based in Jacksonville, Florida, specializing in waterproofing systems, remodeling, exterior painting, and roofing services. With over 40 years of experience in the construction industry, they aim to be the go-to contractor for both residential and commercial clients.",$1.2 M,6,2009,,,,https://www.facebook.com/HALBERTCONTRACTING,,,,30.3213595,'-81.7168349,,,,
Hammer Down Construction Of North Florida,14205 Mandarin Rd,Jacksonville,FL,32223,United States,(904) 609-2889,https://www.hdcofnorthflorida.com/,,,Construction company,Home | BuildPro,,,,,,,,,,,30.1374644,'-81.6502781,,,,
Hansen Brothers Roofing,2585 Herschel St,Jacksonville,FL,32204,United States,(386) 348-4429,,,,"Roofing contractor, Building firm, Carpenter",,,,,,,,,,,,30.3110826,'-81.6910318,,,,
Harrigan Brothers Roofing,758 W Duval St,Jacksonville,FL,32202,United States,(386) 342-4949,,,,"Roofing contractor, Building firm, Carpenter",,,,,,,,,,,,30.330833,'-81.6669835,,,,
Hartley Family Roofing,6209 Norwood Ave,Jacksonville,FL,32208,United States,(386) 342-4973,,,,"Roofing contractor, Building firm, Carpenter",,,,,,,,,,,,30.3765857,'-81.6675571,,,,
Haskell's Hq,701 San Marco Blvd,Jacksonville,FL,32207,United States,(904) 791-4500,https://www.haskell.com/,admin@haskell.com,,"Construction company, Architecture firm, Engineer","Haskell delivers over $3 billion annually in Architecture, Engineering, Construction (AEC) and Consulting solutions to assure certainty of outcome for complex capital projects worldwide. Haskell is a global, fully integrated, single-source design-build and EPC firm with 3,000 highly specialized, in-house design, construction and administrative professionals across industrial and commercial markets.",$2.2 B,2732,1965,"15,154","54,541",https://www.linkedin.com/company/the-haskell-company,https://www.facebook.com/TheHaskellCompany,https://www.x.com/haskellco,https://www.instagram.com/haskellco,https://www.youtube.com/user/HaskellDesignBuild,30.3180305,'-81.6605646,Jeff,Miller,"Vp, General Counsel",miller@haskell.com
"Haven Contracting,inc.",1343 St Johns Bluff Rd N,Jacksonville,FL,32225,United States,,,,,General contractor,,,,,,,,,,,,30.3438765,'-81.5228915,,,,
Hc Buildings,8949 W Beaver St,Jacksonville,FL,32220,United States,(904) 786-9193,https://www.hcbuildings.com/,info@hcbuildings.com,Service busy,Construction company,"HC Buildings is your one stop shop for all your storage needs. We offer a wide variety of storage products including: portable sheds, carports, garages, barns and RV covers. All of our buildings are manufactured by Bennet Buildings Systems in the USA.",$871 K,4,,"34,344","33,332",https://www.linkedin.com/company/hc-buildings,https://www.facebook.com/HC-Buildings-659546267489540,,,https://youtu.be/ilWzUlf3ens,30.319417,'-81.8036098,,,,
"Hd Roofing & Repairs, Llc",10142 103rd St #104,Jacksonville,FL,32210,United States,(904) 800-4318,https://www.hdroofingjax.com/,,,Roofing contractor,"HD Roofing offers over 50 years of experience, quality craftsmanship, and trusted services, including Owens Corning products and free estimates, in Jacksonville, FL.",,,,,,,,,,,30.2466198,'-81.8263809,,,,
Heritage Of North Florida,14841 Bonefish Dr,Jacksonville Beach,FL,32250,United States,(904) 962-7663,https://heritagenfl.com/,joel@nflroofs.com,,"Roofing contractor, Contractor","With over 25 years of industry expertise, we have refined our skills to deliver nothing short of exceptional results in every project we undertake. Quality and customer satisfaction are not mere ideals but the very essence of our company ethos. From initial consultation to final inspection, we prioritize your satisfaction above all else.",,3,,,,,,,https://www.instagram.com/heritage_roofing_nfl,,30.2705016,'-81.4249303,,,,
High Flow Gutter Installation,7654 Morse Ave,Jacksonville,FL,32244,United States,(904) 833-5887,https://www.highflowgutterinstallation.buzz/,,,Gutter cleaning service,"High Flow Gutter Installation specializes in professional gutter installation, cleaning, and gutter guard services in Jacksonville, FL. Protect your home from water damage today!",,,,,,,https://www.facebook.com,https://x.com,https://www.instagram.com,,30.2252557,'-81.7744084,,,,
Hogan Brothers Roofing,5070 Elinor Rd,Jacksonville,FL,32257,United States,(386) 342-4943,,,,"Roofing contractor, Building firm, Carpenter",,,,,,,,,,,,30.208923,'-81.5823531,,,,
"Holton Construction, Inc. / Metal Roofing In Jacksonville",8975 W Beaver St,Jacksonville,FL,32220,United States,(904) 786-5111,http://holtonconstructionjax.com/,,,"Sheet metal contractor, General contractor",Holton Construction Company has been a provider of Quality New Construction and Remodeling in the Gainesville Florida area since 1964.,$1.9 M,4,1964,"15,152","23,236",https://www.linkedin.com/company/holton-homes,https://www.facebook.com/holtonconstructionllc,,,,30.3200208,'-81.8040531,,,,
Home Remodeling & Maintenance Inc.,10471 Docksider Dr W,Jacksonville,FL,32257,United States,(904) 514-2856,https://homeremodelingandmaintenance.com/,contact@homeremodelingandmaintenance.com,Unknown,"Roofing contractor, Construction company, General contractor, Siding contractor","Welcome To Home Remodeling and Maintenance Inc. FREE ESTIMATE The Home Improvement Company That Jacksonville Homeowners Know And Trust Where We Build Your Visions Does the perfect home improvement experience exist? At Home Remodeling And Maintenance,",,,,,,,,,,,30.188237,'-81.6220219,,,,
Home Renovations Jax Llc,13163 Ranch Rd #3307,Jacksonville,FL,32218,United States,(904) 566-1941,,,,Handyman/Handywoman/Handyperson,,,,,,,,,,,,30.4790208,'-81.6472528,,,,
Home Services By Mccue Jacksonville Beach,216 20th St N,Jacksonville Beach,FL,32250,United States,(904) 241-2151,https://www.homeservicesbymccue.com/,mitch@handyman904.com,,"Roofing contractor, Bathroom remodeler, Boat ramp, Construction company, Deck builder, Dock builder, HVAC contractor, Kitchen remodeler, General contractor","McCue Home Services is a leading contractor based in Jacksonville Beach, Florida, specializing in a wide range of home services including roofing installation and repair, HVAC, general contracting, and handyman services. Established in 2012, the company caters to both residential and commercial clients, ensuring quality workmanship for projects of any size.",$4.3 M,15,2012,"73,734","56,561",https://www.linkedin.com/in/mitch-mccue,https://www.facebook.com/HomeServicesByMccue,https://www.x.com/handyman904,https://www.instagram.com/homeservicesbymccue,https://www.youtube.com/@homeservicesbymccue2452,30.289192,'-81.4132276,Allison,Costakis,,allison@homeservicesbymccue.com
Homecraft Gutter Protection,6950 Philips Hwy Ste 18,Jacksonville,FL,32216,United States,(904) 527-2180,https://homecraftgutterprotection.com/gutter-guards-jacksonville-fl/,,,Gutter cleaning service,"HomeCraft Gutter Protection started in 2008 when a father-son duo working for a competitor company decided that they could create a gutter protection company with a better product for a better price who really cares for their customers. Thus, HomeCraft Gutter Protection was born.",$24.6 M,72,2008,"17,179","23,238",https://www.linkedin.com/company/homecraft-gutter-protection,https://www.facebook.com/HomeCraftGutters,https://x.com/GutterHomecraft,https://www.instagram.com/homecraftgutterprotection,https://www.youtube.com/channel/UCnIrS5TlwJrVDoHrKUSQ34Q,30.2458262,'-81.6040629,,,,
Homemax,221 Arlington Rd N,Jacksonville,FL,32211,United States,(904) 474-5100,https://www.thehomemax.com/,,,"Roofing contractor, General contractor, Kitchen remodeler, Remodeler","Experience an entire shift where you feel invigorated, energized, and ready to take the day. Because we design, build, and sell directly to you, you get our high quality equipment at affordable prices for all desks or accessories. Many businesses, from small startups to Fortune 100 companies, have already discovered our wellness solutions.",<$5 M,<25,,"15,152","23,236",,https://www.facebook.com/shopify,https://www.x.com/shopify,,,30.3177721,'-81.5792406,,,,
Homerite Windows And Doors,8081 Philips Hwy # 1,Jacksonville,FL,32256,United States,(904) 867-8467,https://homeritejacksonville.com/,,,"Window installation service, Door supplier, Window supplier","HomeRite Windows and Doors is a Jacksonville, FL-based company specializing in high-quality, energy-efficient window and door solutions for both residential and commercial clients. They provide a wide range of products including replacement and new construction windows, entry doors, and patio doors, all installed by factory-trained, licensed professionals.",$1.1 M,8,2005,"52,525","44,444",https://www.linkedin.com/company/homerite-windows-and-doors,https://www.facebook.com/HomeRiteJacksonville,,,,30.2224151,'-81.5860131,,,,
House Doctors Construction Inc.,2415 Broadway Ave,Jacksonville,FL,32209,United States,(904) 524-4217,,,,Roofing contractor,,,,,,,,,,,,30.3327103,'-81.7047197,,,,
House Dr Development,7402 Atlantic Blvd #4,Jacksonville,FL,32211,United States,(904) 999-4991,,,,Roofing contractor,,,,,,,,,,,,30.3130241,'-81.5803267,,,,
Howard Construction Llc,165 Wells Rd Suite 403,Orange Park,FL,32073,United States,(904) 541-1112,,,,"Roofing contractor, Building restoration service, Fire damage restoration service, Flooring store, General contractor, Construction company, Water damage restoration service",,,,,,,,,,,,30.1861155,'-81.699668,,,,
Hudson Roofing Company,2902 Corinthian Ave,Jacksonville,FL,32210,United States,(386) 342-4996,,,,"Roofing contractor, Building firm, Carpenter",,,,,,,,,,,,30.2721931,'-81.704458,,,,
Hughes Custom Builders Llc,6015 Chester Cir #110,Jacksonville,FL,32217,United States,(904) 268-7663,,,,"General contractor, Custom home builder, Home inspector",,,,,,,,,,,,30.2621536,'-81.622345,,,,
Hugus Group,11764 Marco Beach Dr Suite #3,Jacksonville,FL,32224,United States,(904) 641-3970,https://www.hugusgroup.com/,gd@hugusgroup.com,,"Construction company, Dry wall contractor, Information services, Janitorial service, Painting, Pressure washing service, Stucco contractor, Tile contractor","At HuGus Group, we provide high-quality construction, painting, cleaning, and technology solutions with an unwavering commitment to detail, excellence, and integrity. Founded by an immigrant entrepreneur with the vision to build more than just structures, HuGus builds trust, quality, and opportunity.",$6.4 M,6,2005,"15,154","23,236",https://www.linkedin.com/company/hugusgroup,https://www.facebook.com/hugusgroup,,,,30.2843542,'-81.5144771,Donald,Thompson,Site Safety and Health Officer Focused On Continuous Improvement,donaldt@hugusgroup.com
Hydro Wash 360,10962 Old Plank Rd,Jacksonville,FL,32220,United States,(904) 581-5305,https://hydrowash360.com/,adin@hydrowash360.com,,"Pressure washing service, Building restoration service, Gutter cleaning service, Janitorial service, Property maintenance, Window cleaning service",Hydro Wash 360 in Jacksonville provides expert pressure washing services. Get a fast quote for top-quality exterior cleaning.,,,,,,https://www.linkedin.com/company/hydrowash360,https://www.facebook.com/hydrowash360,,https://www.instagram.com/hydrowash360,https://www.youtube.com/@HydroWash360/videos,30.332218,'-81.847388,,,,
Iconic Masonry Inc.,12966 Palmetto Glade Dr,Jacksonville,FL,32246,United States,(904) 930-3578,https://iconicmasonryinc.com/,iconicmasonryinc@gmail.com,Unknown,"Masonry contractor, Bricklayer, Stone cutter",Home | Iconic Masonry,,,,,,,,,,,30.3096816,'-81.464008,,,,
Ifoam Insulation,5285 Shad Rd #207,Jacksonville,FL,32257,United States,(904) 842-2891,https://ifoam.com/jacksonville-florida,help@ifoam.com,,Insulation contractor,"Whether you need to remove and replace old insulation with energy efficient foam or have a new construction project, we do it! We have developed a reputation as providing high quality Spray Polyurethane Foam insulation at the most affordable prices. Our prep work and application processes ensure the job is done quickly and efficiently.",$1.4 M,11,2022,"72,729","56,561",https://www.linkedin.com/company/ifoaminsulation,https://www.facebook.com/ifoam.sprayinsulation,,https://www.instagram.com/ifoam_insulation,https://www.youtube.com/channel/UC06TGEkP_TgDFMReb0X3BoA,30.1942756,'-81.5768192,Anthony,Coleman,,acoleman@ifoam.com
Impact Roofing Advisors,7643 Gate Pkwy Suite 104-665,Jacksonville,FL,32256,United States,(904) 842-1343,https://www.impact-jax.com/,,,Roofing contractor,,,,,,,,,,,,30.2415296,'-81.5192033,,,,
"Inc's Attic Insulation & Roofing Services Inc, Fl",9556 Historic Kings Rd S,Jacksonville,FL,32257,United States,(239) 345-7084,,,,"Contractor, Insulation contractor",,,,,,,,,,,,30.2047141,'-81.5785363,,,,
Incore Builders Corp Remodeling,12567 Sweetwater Ln,Jacksonville,FL,32218,United States,(904) 545-4614,https://www.incorebuilders.com/,richard@incorebuilders.com,Service busy,General contractor,"Incore Builders is a Jacksonville, Florida-based construction company with over 50 years of experience, specializing in residential and light commercial/industrial projects. They are dedicated to high-quality craftsmanship, offering services such as custom home building, bathroom and kitchen remodels, room additions, and commercial buildouts.",$1.4 M,4,2007,"15,152","23,236",https://www.linkedin.com/company/incore-builders-corp,,,,,30.4637384,'-81.6151839,,,,
"Inman Roofing, Llc",7228 Worthington Rd,Jacksonville,FL,32244,United States,(904) 591-5018,https://www.inmanroofingjax.com/,jasoninman1@yahoo.com,Unknown,Roofing contractor,"Inman Roofing, LLC",,,,,,,https://www.facebook.com/inmanroofingllc,https://inmanroofingjax.com/privacy-policy,,,30.2122902,'-81.7952781,,,,
Innovative Construction Group,5216 Shad Rd,Jacksonville,FL,32257,United States,(904) 398-5690,https://www.icgbuilds.com/,admin@icgbuilds.com,,General contractor,"At ICG, We are Building the Future with a Passionate Pursuit of Excellence in Construction.
What that means at ICG:
• Adhere to the highest ethical and moral standards, honesty and integrity.
• Foster a positive, enjoyable work environment where associates grow into new opportunities allowing ICG to leverage the human capital our associates possess.",$22.1 M,149,2009,,,https://www.linkedin.com/company/innovative-construction-group,https://www.facebook.com/ICGBuilds,,,https://www.youtube.com/channel/UCe6t9EMKN-p_Z50he4oB_RA,30.1927562,'-81.5781774,Chris,Pisano,Vice President of Sales,chris.pisano@icgbuilds.com
Interior Exterior Building Supply,6695 Colray Ct Ste 100,Jacksonville,FL,32258,United States,(904) 559-6330,https://www.interiorexterior.net/location/jacksonville/,sales@interiorexterior.net,Service busy,"Insulation contractor, Dry wall contractor, Roofing supply store","Interior/Exterior Building Supply is headquartered in New Orleans, LA and provides building supplies, stocking all drywall, plaster, tools, insulation, metal framing, and acoustical ceilings.",$77.6 M,159,1964,"73,738","54,541",https://www.linkedin.com/company/interior-exterior-building-supply,https://www.facebook.com/interiorexteriorbuildingsupply,https://www.x.com/inexnola,,,30.1620331,'-81.5384987,Terry,Collura,Inside Sales,tcollura@interiorexterior.net
Interstate Roofing Inc.,2929 Plummer Cove Rd,Jacksonville,FL,32223,United States,(904) 299-7663,https://interstateroof.com/jacksonville/,,,Roofing contractor,"Interstate Roofing offers a full line of roofing products for both residential and commercial applications. Specializing in insurance restoration we have successfully completed over 24,000 projects to date. Interstate Roofing was founded in 1994 in Denver, CO as a small to mid-sized local company with a focus on residential service.",$29.6 M,99,1994,"17,176","23,238",https://www.linkedin.com/company/interstate-roofing-company,https://www.facebook.com/interstateroof,https://x.com/InterstateRoof,https://www.instagram.com/interstate_roofingco,,30.1819829,'-81.6318412,John,Clements,,john@interstateroof.com
Invision Construction,9310 Old Kings Rd S Ste 1401,Jacksonville,FL,32257,United States,(904) 345-0515,https://invisionconstructioninc.com/,ryan@invisionconstructioninc.com,Unknown,"General contractor, Bathroom remodeler, Construction company, Contractor","Invision Construction is a premier licensed general contractor based in Jacksonville, serving the residential and commercial needs of clients in Ponte Vedra Beach, Nocatee, and St Johns county. They specialize in custom home builds, renovations, and project management services, ensuring high-quality craftsmanship and client satisfaction.",$525 K,4,1997,,,,https://www.facebook.com/invisionbuilt,,https://www.instagram.com/invisionbuilt,,30.2086312,'-81.5849417,Ryan,Sparrell,Owner,ryan@invisionconstructioninc.com
"Island Construction And Remodeling, Llc",2784 Scott Cir,Jacksonville,FL,32223,United States,(904) 568-4447,https://www.islandconstruction904.com/,hmooney@islandconstruction904.com,Unknown,Contractor,"Island Construction and Remodeling, LLC is a locally owned and operated residential home construction company. We are licensed in the state of Florida as a certified building contractor and offer a wide range of services.",,,,,,,https://facebook.com,,http://instagram.com,,30.1774381,'-81.6358947,,,,
"Island Facility Services, Inc. (ifs)",1601-1 N Main St #3159,Jacksonville,FL,32206,United States,,,,,"Roofing contractor, Cleaning service, Construction company, Waterproofing service, Roofing supply store",,,,,,,,,,,,30.3432471,'-81.6537611,,,,
J & M Roofing Services Inc.,2604 Powers Ave,Jacksonville,FL,32207,United States,(904) 399-5546,https://www.jandmroof.com/,office@jandmroofingservices.net,Service busy,"Roofing contractor, Contractor","Offices in New Smyrna, Longwood, and Jacksonville
When you choose J&M Roofing Services for your residential roofing needs, Ill personally guarantee your 100% satisfaction and see to it that all of your expectations are met and exceeded.
If you are anything but thrilled with the service you receive, I encourage you to contact me and I will make it right.",,8,2017,"17,176","23,238",https://www.linkedin.com/company/j-m-roofing-services,https://facebook.com/1583239221712921,,https://instagram.com/jmroofingservicesfl,,30.2675759,'-81.6320947,,,,
J 3's Property Enhancements,7688 Merchants Way,Jacksonville,FL,32222,United States,(386) 237-3074,https://j3spropertyenhancements.com/,tjones@j3spropertyenhancements.com,Unknown,"Pressure washing service, Fertilizer supplier, Lawn care service, Lawn sprinkler system contractor, Painting","J 3s Property Enhancements is a family-owned professional pressure washing company based in Jacksonville, FL, with 17 years of experience. They offer a wide range of services including pressure washing, painting, paver sealing, and lawn services aimed at enhancing the appearance and value of residential and commercial properties.",$2.3 M,11,,"55,551","44,441",,https://www.facebook.com/J-3s-Property-Enhancements-159437490769914,,https://www.instagram.com/j3spropertyenhancements,https://www.youtube.com/channel/UCzIKXv6rxMmyWs4zCuPMrOA,30.209175,'-81.835043,Travis,Jones,Operator,tjones@j3spropertyenhancements.com
J&c Pest Control Services & Dryer Vent Cleaning And Chimney Inspection Of Fl,1540 Monument Rd # 8,Jacksonville,FL,32225,United States,(239) 241-7904,,,,"Contractor, Dryer vent cleaning service",,,,,,,,,,,,30.3479011,'-81.524956,,,,
J&m Building Solutions 1. Llc,10213 Magnolia Ridge Rd,Jacksonville,FL,32210,United States,(904) 735-1369,https://j-m-building-solutions-1-llc.ueniweb.com/,hello@dlselectrical.com,Unknown,Roofing contractor,"Corretora de seguros especializada em benefícios corporativos, Seguros de Vida em Grupo, Planos de Saúde, Planos Odontológicos, Vales Alimentação, Refeição, Combustível.
Com foco de atuação em empresas que buscam a redução de custos e opções para proteção e segurança de seus colaboradores, além de um atendimento diferenciado e mais próximo do cliente.",$5.6 M,3,2017,"73,737","81,811",https://www.linkedin.com/company/ueni-ltd,https://www.facebook.com/ueniltd,https://x.com/ueniltd,https://www.instagram.com/ueni.ltd,https://www.youtube.com/channel/UC8fBh12eIVelFUDWpRp556g,30.2517575,'-81.8298407,,,,
J. Lane Construction,Riverplace Tower 1301 Riverplace Blvd #800,Jacksonville,FL,32207,United States,(904) 500-5263,https://www.jlane.com/,jesse@jlane.com,,"Construction company, General contractor",Commercial General Contractor,,,,,,,https://www.facebook.com/jlaneconstruction,,https://www.instagram.com/jlaneconstruction,https://www.youtube.com/jesselanevlogs,30.3193247,'-81.6563618,,,,
Ja Edwards Of America Roofing - Jacksonville,4570 St Johns Ave Suite A,Jacksonville,FL,32210,United States,(904) 367-2913,https://jaeofamerica.com/jacksonville-fl/,info@jaeofamerica.com,,"Roofing contractor, Skylight contractor",Commercial and Residential Roofing Contractor specializing in storm restoration throughout the State of Florida and North Carolina,$5.2 M,51,2004,"17,176","23,238",https://www.linkedin.com/company/ja-edwards-of-america-inc,,https://x.com/jaearoofs,https://www.instagram.com/jaedwardsofamerica,,30.28816,'-81.7229611,Allen,Crowder,Construction Chief & Officer,allenc@jaeofamerica.com
Jack C. Wilson Roofing Co,4522 St Augustine Rd,Jacksonville,FL,32207,United States,(904) 396-1546,https://www.jackcwilsonroofing.com/,,,"Roofing contractor, Chimney services, Skylight contractor",Jack C. Wilson Roofing Co. understands how hard it can be to find a qualified roofer that offers re-roofing and leak repairs at reasonable prices. We are confident in our ability to do just that. Why Choose Jack C. Wilson Roofing Co.? We are Jacksonvilles Oldest Leak Repair and Re-Roofing Specialist.,<$5 M,<25,,"17,176","23,238",,https://www.facebook.com/jackwilsonroofing,,,,30.2741011,'-81.6401447,,,,
Jack Lee Construction,10578 Crystal Springs Rd,Jacksonville,FL,32221,United States,(904) 783-9039,https://www.jackleeconstruction.net/,jleeconstruction@comcast.net,,"Roofing contractor, Carport and pergola builder, Contractor, General contractor, Home builder, Construction company","For over 40 years, Jack Lee Construction,Inc. has been building quality custom homes in some of the finest communities in Northeast Florida including Duval, Baker, Nassau, Clay and St. Johns Counties. Our company is family owned and operated and we take pride in working one on one with our customers to provide great quality and personal service.",<$5 M,<25,,"15,152","23,236",,,,,,30.3014855,'-81.8387506,,,,
Jacksonville A Roofing,7645 Merrill Rd 304 # 304,Jacksonville,FL,32277,United States,(904) 222-6218,https://jacksonvilleroofing.top/,,,Roofing contractor,Roof Repair in Jacksonville (904) 222-6218 Call Us,,,,,,,,,,,30.3528532,'-81.5707002,,,,
Jacksonville Beach Elite Roof Leak,1214 Shetter Ave,Jacksonville Beach,FL,32250,United States,(904) 789-7488,https://eliteroofleakrepair.site/location/best-roofing-contractors-in-jacksonville-beach,,,Roofing contractor,"Professional roofing services for repairs, replacements, and new roof installations. Same-day appointments available. Call (888) 602-1585.",,,,,,,,,,,30.2868653,'-81.4018575,,,,
Jacksonville Beach Next Level Roofing Contractors,408 6th St S,Jacksonville Beach,FL,32250,United States,(904) 789-7901,https://nextlevelroofrepairs.xyz/location/the-best-roofing-contractors-in-jacksonville-beach,,,Roofing contractor,"For prompt and professional emergency roofing services in Middleburg, FL, trust Next Level Roofing Contractors. We specialize in storm damage repairs, leaks, and more.",,,,,,,,,,,30.2836081,'-81.3944755,,,,
Jacksonville Beach Roofing Pros,3119 Spring Glen Rd Unit 105,Jacksonville,FL,32207,United States,(904) 463-4612,,,,Roofing contractor,,,,,,,,,,,,30.2934213,'-81.609544,,,,
Jacksonville Custom Builders,11234 San Jose Blvd #4,Jacksonville,FL,32223,United States,(904) 619-8312,https://jacksonvillecustombuilders.com/,brian@jacksonvillecustombuilders.com,,General contractor,"Jacksonville Custom Builders Inc is a company that operates in the Construction industry. It employs 1-5 people and has $1M-$5M of revenue. The company is headquartered in Jacksonville, Florida.",<$5 M,<25,,"15,152","23,236",,https://www.facebook.com/jacksonville.custombuilders,https://x.com/JaxCustomBuild,https://www.instagram.com/jaxcustomblder,,30.1712839,'-81.6307731,,,,
Jacksonville Elite Roof Leak,229 E 3rd St,Jacksonville,FL,32206,United States,(904) 789-7514,,,,Roofing contractor,,,,,,,,,,,,30.3390225,'-81.6507551,,,,
Jacksonville Metal Roofing,300 W Adams St,Jacksonville,FL,32202,United States,(904) 944-5468,https://www.jacksonvillemetalroofers.com/,,,Roofing contractor,"Jacksonville Metal Roofing Services | Durable, Energy-Efficient Roofing Solutions Jacksonville’s Trusted Metal Roofing Experts If you’re looking for reliable, long-lasting roofing in Jacksonville, Florida, metal roofing is one of the best investm",,,,,,,,,,,30.3284854,'-81.6617179,,,,
Jacksonville Next Level Roofing Contractors,2562 Orchard St,Jacksonville,FL,32254,United States,(904) 789-7885,https://nextlevelroofrepairs.xyz/location/top-rated-roofing-contractors-in-jacksonville,,,Roofing contractor,"For prompt and professional emergency roofing services in Middleburg, FL, trust Next Level Roofing Contractors. We specialize in storm damage repairs, leaks, and more.",,,,,,,,,,,30.333667,'-81.7076793,,,,
Jacksonville Professional Roofing Company,2649 Rosselle St,Jacksonville,FL,32204,United States,(904) 416-1764,https://roofingprosjacksonville.com/,,,Roofing contractor,Jacksonville Roofing Contractor in providing roof inspection roof repair and roof replacement services for residentials and commercial clients in Jacksonville FL,,,,,,,,https://roofing-phoenix.com/contact,,,30.3196505,'-81.6943237,,,,
Jacksonville Roofing,14444 Beach Blvd #34,Jacksonville Beach,FL,32250,United States,(904) 938-0222,https://roofingprosjax.com/,,,Roofing contractor,Roof Repair in Jacksonville (904) 938-0222 Call Us,,,,,,,,,,,30.287564,'-81.4356026,,,,
Jacksonville Roofing,11043 Crystal Springs Rd Suite 20,Jacksonville,FL,32221,United States,(904) 560-6588,https://jacksonvilleroofteam.com/,,,Roofing contractor,Roof Repair in Jacksonville (904) 560-6588 Call Us,,,,,,,,,,,30.3055862,'-81.8462689,,,,
Jacksonville Roofing,517 Pippin St,Jacksonville,FL,32206,United States,(857) 232-2729,https://jacksonville-roofing.ueniweb.com/,hello@dlselectrical.com,Unknown,Roofing contractor,"Corretora de seguros especializada em benefícios corporativos, Seguros de Vida em Grupo, Planos de Saúde, Planos Odontológicos, Vales Alimentação, Refeição, Combustível.
Com foco de atuação em empresas que buscam a redução de custos e opções para proteção e segurança de seus colaboradores, além de um atendimento diferenciado e mais próximo do cliente.",$5.6 M,3,2017,"73,737","81,811",https://www.linkedin.com/company/ueni-ltd,https://www.facebook.com/ueniltd,https://x.com/ueniltd,https://www.instagram.com/ueni.ltd,https://www.youtube.com/channel/UC8fBh12eIVelFUDWpRp556g,30.3321949,'-81.6467192,,,,
Jacksonville Roofing Company,5419a Alpha Ave,Jacksonville,FL,32205,United States,(904) 257-8093,https://www.jax-roofing.com/,jax.roofing1@gmail.com,Unknown,Roofing contractor,"The best roofing company in Jacksonville, Florida.  Call 904-257-8093 for a free quote.",,,,,,,https://www.facebook.com/Jacksonville-Roofing-Company-108234907186190,https://x.com/JacksonvilleRo8,https://www.instagram.com/jax.roofing,,30.3051057,'-81.7399413,,,,
Jacksonville Roofing Repair And Installations,3955 Riverside Ave,Jacksonville,FL,32205,United States,(786) 652-1600,https://jacksonville-roofing-repair-and-installations.ueniweb.com/,hello@dlselectrical.com,Unknown,Roofing contractor,"Corretora de seguros especializada em benefícios corporativos, Seguros de Vida em Grupo, Planos de Saúde, Planos Odontológicos, Vales Alimentação, Refeição, Combustível.
Com foco de atuação em empresas que buscam a redução de custos e opções para proteção e segurança de seus colaboradores, além de um atendimento diferenciado e mais próximo do cliente.",$5.6 M,3,2017,"73,737","81,811",https://www.linkedin.com/company/ueni-ltd,https://www.facebook.com/ueniltd,https://x.com/ueniltd,https://www.instagram.com/ueni.ltd,https://www.youtube.com/channel/UC8fBh12eIVelFUDWpRp556g,30.2913519,'-81.7118966,,,,
Jacksonville Roofing Usa,,Jacksonville,FL,32210,United States,(904) 516-4279,https://jacksonvilleroofingusa.com/,jgarza741@gmail.com,Unknown,Roofing contractor,"Jacksonville Roofing USA is a roofing company based in Jacksonville, Florida, with over 30 years of experience in providing a wide range of roofing services, including installation, repair, and replacement for both residential and commercial clients. They specialize in various roofing materials such as metal, asphalt shingles, and flat roofs, ensuring quality workmanship and customer satisfaction.",$1.1 M,6,2012,"17,176","23,238",,https://www.facebook.com/jacksonville-roofing-usa-llc-168725184055402,https://www.x.com/jvilleroofing,,,30.2718809,'-81.7447117,,,,
Jacksonville Seamless Gutters,221 N Hogan St,Jacksonville,FL,32202,United States,(904) 549-7457,http://jacksonvilleseamlessgutters.com/about-us/,team@jacksonvilleseamlessgutters.com,,Gutter cleaning service,Your Local Gutter Experts!,$1.1 M,0,,"17,176","23,238",https://www.linkedin.com/company/jacksonville-seamless-gutters,https://www.facebook.com/Jacksonville-Seamless-Gutters-902661329778424,,,,30.3287597,'-81.6598826,,,,
Jacksonville Softwash,3825 Open Creek Ct,Jacksonville,FL,32224,United States,(904) 465-7611,https://www.jacksonvillesoftwash.com/,yourjaxsw@gmail.com,Unknown,"Pressure washing service, Gutter cleaning service, Window cleaning service","Jacksonvilles leading service provider specializing in 
 Soft Washing and offering the latest cleaning methods with Pressure Washing to Power Washing.",,,,,,,https://www.facebook.com/yourjaxsw,,https://www.instagram.com/jacksonville_softwash,,30.2762382,'-81.4548071,,,,
"Jada Roofing, Llc",4137 Pinto Rd,Middleburg,FL,32068,United States,(904) 606-7663,https://www.jadaroofing.com/,info@jadaroofing.com,Service busy,Roofing contractor,"JADA Roofing, LLC is one of NE Floridas premier full service roofing contractors offering all variations of residential and commercial roofs. We pride ourselves on an unparalleled customer service tradition that we commit to with each and every client.",$2 M,2,,,,https://www.linkedin.com/company/jada-roofing,https://www.facebook.com/JADAroofing,,https://www.instagram.com/jadaroofingllc,https://www.youtube.com/channel/UCJw3vctUt5J77UdbqMKdYZA,30.1093355,'-81.8788436,,,,
Janney Roofing,3728 Philips Hwy Suite 45,Jacksonville,FL,32207,United States,(904) 799-1365,https://janneyroofing.com/jacksonville/roofing-company/,email@janneyroofing.com,,Roofing contractor,"Your Expert Roofing Guide in Florida
At Janney Roofing, we do more than repair and replace roofs, we provide a guided experience for homeowners and property managers from start to finish. We serve residential homeowners and property owners of multi-family properties.",$3.4 M,58,2006,"17,176","23,238",https://www.linkedin.com/company/janney-construction,https://www.facebook.com/JanneyRoofing,https://www.x.com/janneyroofing,https://www.instagram.com/janneyroofing,https://www.youtube.com/channel/UCvdOTtEwvbI7v99ziC3myfQ,30.28449,'-81.6325129,Craig,Lansing,,clansing@janneyroofing.com
Jax Empire Services,5875 Finch Ave,Jacksonville,FL,32219,United States,(904) 945-7663,,,,Contractor,,,,,,,,,,,,30.4005404,'-81.7404799,,,,
Jax Exterior Cleaning & Paver Sealing,1210 Mayer Dr,Jacksonville,FL,32211,United States,(904) 444-9190,https://www.jaxexteriorcleaning.com/,jaxexteriorcleaning@gmail.com,Unknown,Pressure washing service,"Jax Exterior Cleaning and Paver Sealing is a licensed exterior cleaning service based in Jacksonville, Florida, specializing in paver sealing, house washing, and roof cleaning. They also offer services such as high pressure cleaning, gutter cleaning, and soft washing to enhance and maintain the exterior of residential properties.",$1.3 M,7,,"76,769","56,561",,https://www.facebook.com/Jaxexteriorclean,https://x.com/Jaxexteriorclean,https://instagram.com/Jaxexteriorclean,,30.3326883,'-81.5925213,,,,
Jax Handyman Pro,1903 Ashmore Green Dr,Jacksonville,FL,32246,United States,(904) 404-6919,,,,Handyman/Handywoman/Handyperson,,,,,,,,,,,,30.3146099,'-81.4771793,,,,
Jax Proven Progress Llc,14559 Millhopper Rd,Jacksonville,FL,32258,United States,(904) 704-0640,https://dinoroofs.com/,,,"Roofing contractor, Siding contractor","Welcome to Dino Roofs Top-Quality Roofing You Can Rely On We believe in putting customers first. We can assure you qualitative and competitive services and prices Contact Us Owned By: Jax Proven Progress LLC About us Built on Trust, Roofed with Excel",,,,,,,https://facebook.com,,https://instagram.com,,30.1148991,'-81.5085176,,,,
Jax Roofing Company,3570 Lita Rd E,Jacksonville,FL,32257,United States,(904) 621-6005,,,,Roofing contractor,,,,,,,,,,,,30.2086663,'-81.6203981,,,,
"Jax Roofing, LLC®",6226 Wesconnett Blvd,Jacksonville,FL,32244,United States,(904) 434-7346,https://www.jaxroofing.net/,jaime@jaxroofing.net,,Roofing contractor,"We know that you have a choice of roofing contractors in the area and we appreciate your consideration. With over 15 years experience, our goal has always been to ensure the complete satisfaction of every client, while offering knowledgeable and friendly services at competitive rates.",$228 K,<25,,"17,176","23,238",,https://www.facebook.com/pages/Jax-Roofing-LLC/186818391423994,,,,30.2367458,'-81.7396557,,,,
Jaxroofing,3416 Donzi Way E,Jacksonville,FL,32223,United States,(904) 720-2119,https://www.jaxroofing.net/,jaime@jaxroofing.net,,Roofing contractor,"We know that you have a choice of roofing contractors in the area and we appreciate your consideration. With over 15 years experience, our goal has always been to ensure the complete satisfaction of every client, while offering knowledgeable and friendly services at competitive rates.",$228 K,<25,,"17,176","23,238",,https://www.facebook.com/pages/Jax-Roofing-LLC/186818391423994,,,,30.1686231,'-81.6205643,,,,
Jbl Construction Inc,4617 San Juan Ave Suite 200,Jacksonville,FL,32210,United States,(904) 381-0074,https://jblconstruction.com/,,,Construction company,"JBL Construction is a Florida-based general contractor, built on trust, precision, and a deep understanding of Building Science. With a foundation in engineering expertise, we take a hands-on, in-house approach to every project, ensuring craftsmanshi",,,,,,https://www.linkedin.com/company/15571760/admin/dashboard,https://www.facebook.com/thejblcteam,,https://www.instagram.com/thejblcteam,,30.2824777,'-81.72487,,,,
Jbl Roofing,1949 Jersey St,Jacksonville,FL,32210,United States,(904) 927-2800,https://jbl-roofing.com/,,,Roofing contractor,"At JBL Roofing, we specialize in delivering exceptional roofing services for both residential and commercial projects. With a commitment to quality and customer satisfaction, we build lasting partnerships with our clients.",,1,2024,,,https://www.linkedin.com/company/jbl-roofing-llc,,,https://www.instagram.com/jbl_roofing,,30.282894,'-81.723889,,,,
Jebco Weather Defense,530 Ellis Rd S 204 Suite #204,Jacksonville,FL,32254,United States,(904) 379-4999,https://jebcoweatherdefense.com/,info@jebcowd.com,Unknown,"Roofing contractor, Metal fabricator, Waterproofing service","For over ten years in the North Florida & Jacksonville areas, JEBCO has empowered facilities owners and property managers in executing a customized solution to solve their specific challenges. Invest for the long-term while solving immediate problems with JEBCOs Predictable Solution.",,7,2019,,,https://www.linkedin.com/company/jebco-weatherproofing-management/about,,,,,30.3183846,'-81.7448026,,,,
Jim Furlong Home Improvements Llc,5635 Vista Verde St,Jacksonville,FL,32244,United States,(904) 497-5941,,,,Contractor,,,,,,,,,,,,30.228203,'-81.7285462,,,,
Jlc Construction | Jacksonville Commercial Contractor,26 Burling Way,Jacksonville Beach,FL,32250,United States,(904) 309-3045,https://www.jlcjax.com/,johnkleynes@gmail.com,Unknown,"Construction company, Building consultant, Building firm, Building restoration service, Contractor, Fire damage restoration service, General contractor, Water damage restoration service","JLC Construction has specialized in Older Home/Building Restoration and Preservation. We have been working with older/historic building re-purposing and renovations since 1999. Call us to discuss our history of restorations from the Riverside, Avondale, Springfield areas.",$5.6 M,14,1999,"15,152","23,236",https://www.linkedin.com/company/jlc-construction-llc,https://www.facebook.com/jlc-construction-jacksonville-contractor-1081505408651738,https://jlcjax.com/services,,,30.2682754,'-81.3930928,,,,
Jm Construction,5733 Bender Ct,Jacksonville,FL,32207,United States,(904) 760-7246,,,,Contractor,,,,,,,,,,,,30.2827841,'-81.6037802,,,,
Jnh Roofing Specialist Llc,63 Halsema Rd N,Jacksonville,FL,32220,United States,(904) 319-2883,https://www.jnhroofingspecialist.com/,thouston@jnhroofingspecialist.com,Unknown,Roofing contractor,"All key RSI employees the day-to-day, onsite managers of customers projects have been with the company for a minimum of 12 years. Roofing Specialists has been in business since 1994, but our staff is made up of trained, career-long craftsmen who have been working with specialty roofing materials for decades.",,<25,1994,"17,176","23,238",https://www.linkedin.com/company/3352310,https://www.facebook.com/roofingnow,https://www.x.com/maxsusinc,,,30.3136641,'-81.8690174,,,,
Joe Allen Pressure Washing Llc,15206 Parete Rd,Jacksonville,FL,32218,United States,(904) 707-4959,,,,"Pressure washing service, Gutter cleaning service, Window cleaning service",,,,,,,,,,,,30.5150818,'-81.7336703,,,,
John & Sons Roof Repair,11173 Beach Blvd 110 #110,Jacksonville,FL,32246,United States,(904) 937-9379,https://johnandsonsroofrepair.com/,,,Roofing contractor,Roof Repair in Jacksonville (904) 937-9379 Call Us,,,,,,,,,,,30.2874322,'-81.5299353,,,,
Johnson Roofing & Construction Inc,76 S Laura St # 2200,Jacksonville,FL,32202,United States,(904) 224-1996,,,,Roofing contractor,,,,,,,,,,,,30.3259687,'-81.6597576,,,,
Jsl Construction Llc,11745 Loretto Woods Ct,Jacksonville,FL,32223,United States,(904) 415-3019,,,,Construction company,,,,,,,,,,,,30.1592868,'-81.6377673,,,,
Jvi Construction Group Llc,9428 Baymeadows Rd Ste 502,Jacksonville,FL,32256,United States,(904) 604-6220,https://jviconllc.com/,jvega@jviconllc.com,Unknown,"Roofing contractor, Home builder, General contractor",JVI Construction Group LLC – We Build For The Future,,,,,,,https://www.facebook.com/people/Jvi-construction-group-llc/61559571083537,,,https://www.youtube.com/@jviconstructiongroupllc5859,30.2195529,'-81.5623,,,,
Jwb Construction Group,200 N Laura St 2nd Floor,Jacksonville,FL,32202,United States,(904) 737-0035,https://www.jwbrealestatecapital.com/jwb-construction-group-10-largest-homebuilder-in-jacksonvill/,blog@jwbrealestatecapital.com,,Construction company,"Founded in 2006, JWB Real Estate Capital is a property management company. It offers real estate development, real estate investments, and property management services. The company is based in Jacksonville, Florida.",$92.1 M,62,2006,"83,832","62,624",https://linkedin.com/company/jwb-real-estate,https://www.facebook.com/JWBRealEstateCompanies,https://x.com/jwbcompanies,https://www.instagram.com/jwbrealestatecompanies,https://www.youtube.com/@notyouraverageinvestor,30.3282632,'-81.6591124,Maddie,Riggar,Portfolio Manager,mriggar@jwbrealestatecapital.com
K & G Construction Company Inc,542 Edgewood Ave S,Jacksonville,FL,32205,United States,(904) 772-1316,https://www.kandgcontractors.com/,contact@kandgcontractors.com,,"Roofing contractor, General contractor","Since 1978, K&G Construction has earned a reputation for excellence by ensuring that every job meets our strict standards and every customer is satisfied.",$3 M,54,1978,"15,152","23,236",,https://www.facebook.com/k-g-construction-inc-182298631814706,,,,30.3170041,'-81.7239552,Aaron,Galley,President,aaron@kandgcontractors.com
"K&d Roofing & Construction Company, Inc.",74 6th St S Suite 104,Jacksonville Beach,FL,32250,United States,(904) 541-1700,https://www.kanddroofing.com/,sales@kanddroofing.com,,Roofing contractor,"K&D Roofing is a locally owned and family-operated business. It is a highly accredited GAF Master Elite Contractor in Northeast Florida. We specialize in residential, commercial, insurance claims, and multifamily roofing projects. The owner is a HAAG certified residential inspector specializing in wind and hail damage.",<$5 M,3,1997,"17,176","23,238",,https://www.facebook.com/kd-roofing-construction-coinc-474690282668414,https://www.x.com/kdroofingconst1,,,30.2869331,'-81.3952232,,,,
Kbt Contracting Corp.,5105 Blanding Blvd,Jacksonville,FL,32210,United States,(904) 647-9200,https://www.kbtcorp.com/,dtant@kbtcorp.com,,Contractor,"KBT Contracting Corporation is a full-service commercial construction company based in Jacksonville, FL, serving Northeast Florida since 1996. The company specializes in renovations, design/build construction, new construction, pre-engineered metal buildings, and roofing services, catering to federal, state, local government, and commercial clients.",$1.2 M,6,1996,"15,154","23,236",https://www.linkedin.com/company/kbt-contracting-corp,https://facebook.com/Kbt-Contracting-Corp-1077497655607722,https://x.com/kbtcontracting,,,30.2509001,'-81.7427849,Don,Tant,Construction Project Manager,dtant@kbtcorp.com
Kc Constructors Inc,216 W 21st St,Jacksonville,FL,32206,United States,(904) 327-6300,https://www.kccdesignbuild.com/,,,General contractor,Well get the job done!,,,,,,,,,,,30.3568968,'-81.6575933,,,,
Keegan Roofing & Repair,1024 Kings Ave,Jacksonville,FL,32207,United States,(386) 342-4941,,,,"Roofing contractor, Building firm, Carpenter",,,,,,,,,,,,30.3157216,'-81.6541194,,,,
Keith Stern Roofing,656 Blanding Blvd,Orange Park,FL,32073,United States,(904) 272-0244,https://www.keithsternroofing.com/,keithsternroofing@yahoo.com,,Roofing contractor,"His professional reputation for quality service and satisfied customers is outstanding. Keith always strives for excellence and integrity in all his endeavors, while his honesty and work ethics are his trademark. Keith Stern Roofing recognizes that your house is a valuable asset and that you are financially and emotionally committed to it.",$1.7 M,6,1992,"17,176","23,238",https://www.linkedin.com/company/keith-stern-roofing,https://www.facebook.com/KeithSternRoofingFL,https://x.com/KeithSternRoofingFL,https://www.instagram.com/ksroofing7,,30.1502394,'-81.7550836,Keith,Stern,Owner and President,k.stern@keithsternroofing.com
Kelly Family Roof Install,1760 Edgewood Ave W Suite B,Jacksonville,FL,32208,United States,(904) 474-5672,https://kellyfamilyroofrepair.com/,,,Roofing contractor,Roof Repair in Jacksonville (904) 474-5672 Call Us,,,,,,,,,,,30.3858392,'-81.6869905,,,,
"Ken Wellman Company, Inc.",2941 Edison Ave,Jacksonville,FL,32254,United States,(904) 993-1961,,,,Roofing contractor,,,,,,,,,,,,30.3231386,'-81.7035315,,,,
Kevin Siding Contractor,14165 N Main St,Jacksonville,FL,32218,United States,(904) 453-8720,https://jacksonvillesidingcontractors.com/,,,"Siding contractor, Door supplier, PVC windows supplier, Window installation service",,,,,,,,,,,,30.4939393,'-81.6232403,,,,
Kim Jacksonville Roof Install,5233 Ricker Rd 104 Ste 104,Jacksonville,FL,32210,United States,(904) 850-6333,https://roofingpros-jacksonville.cc/,,,Roofing contractor,Roof Repair in Jacksonville (904) 850-6333 Call Us,,,,,,,,,,,30.2496551,'-81.7725915,,,,
King Brother Roof Repair,13475 Atlantic Blvd 25 Unit 25,Jacksonville,FL,32225,United States,(904) 853-8333,https://kingbrothersroofrepair.top/,,,Roofing contractor,Roof Repair in Jacksonville (904) 853-8333 Call Us,,,,,,,,,,,30.3222754,'-81.4525321,,,,
Kingdom Business Laborers,1125 Arlington Rd N,Jacksonville,FL,32211,United States,(904) 901-5312,,,,Roofing contractor,,,,,,,,,,,,30.3312682,'-81.587672,,,,
Kingdom's Contracting And Roofing,4822 Rosselle St,Jacksonville,FL,32254,United States,(904) 699-4646,https://kingdomscontracting.com/,kingdomscontracting@gmail.com,,"Roofing contractor, Real estate developer, Home builder",Garage conversions in Florida by licensed contractors with 15+ years experience. Transform your space today with Kingdoms Contracting.,,,,,,,https://www.facebook.com/kingdomscontracting,,https://www.instagram.com/kingdomscontracting,,30.3183221,'-81.7290731,,,,
"Kinsall & Son's Roofing, Inc.",7052 Prestwick Cir S,Jacksonville,FL,32244,United States,(904) 779-7900,https://kinsallandsonsroofing.com/,sales@kinsallandsonsroofing.com,,Roofing contractor,"Top roofing companies in Orange Park, Florida, offering reliable services and free estimates. Contact us today for quality roof repairs and replacements.",,,,,,,,,,,30.1923065,'-81.7596927,,,,
"Kms Systems, Inc.",1301 Penman Rd Ste C,Jacksonville Beach,FL,32250,United States,(904) 568-4211,https://www.kmssystemsinc.com/,kevin@kmssystemsinc.com,,"Siding contractor, Screen repair service, Sunroom contractor, Window installation service","KMS Systems, Inc., a Florida corporation, was founded in 1992 as a marine construction company. Today, KMS Systems is a Florida State Certified Building Contractor CBC#: 1258387 and specializes in major residential home improvements including; Kitchens, Sunrooms, Screen Rooms, Siding, and Windows.",<$5 M,<25,1992,"17,176","23,238",,https://www.facebook.com/pages/KMS-Systems-Inc/572244022798381,,,,30.300331,'-81.406173,Km,Fitzgerald,"Director, Construction Florida State Certified Building & Contractor",fitzgerald@kmssystemsinc.com
Koehler Home Improvement,6005 Powers Ave Suite #105,Jacksonville,FL,32217,United States,(904) 580-3777,https://koehlerhomesinc.com/,info@koehlerhomesinc.com,,"Window installation service, Door manufacturer, Door shop, Door supplier, Home improvement store, Siding contractor, Window supplier","Koehler Home Improvement is a family-owned business based in Jacksonville, FL, with over 40 years of experience in providing high-quality exterior home improvement services. They specialize in window replacements, doors, siding, and exterior painting, focusing on energy efficiency and customer satisfaction.",$1.1 M,7,2007,"52,525","42,423",,https://www.facebook.com/people/Koehler-Home-Improvement/100092507963765,https://www.x.com/koehlerpros,,,30.2622252,'-81.6204113,Les,Koehler,Owner,lkoehler@koehlerhomesinc.com
Ktm Roofing,1100 Us-23,Jacksonville,FL,32203,United States,(904) 664-9936,https://ktmroofs.com/,contact@ktmroofs.com,Unknown,"Roofing contractor, Roofing supply store, Siding contractor","KTM Exteriors is a woman-owned Jacksonville, FL roofer with 30+ years of experience providing roofing, siding, windows, and skylights built for Florida homes.",,,,,,,https://www.facebook.com/KTMRoofsFL,,https://www.instagram.com/ktmroofsfl,,30.3386215,'-81.671662,,,,
L2p Builders,6100 Greenland Rd Suite 402 C,Jacksonville,FL,32258,United States,(904) 885-0070,https://www.l2pbuilders.com/,,,"General contractor, Dry wall contractor, Siding contractor","L2P Builders delivers high-quality commercial construction, design-build services, and renovations across Northeast Florida. Trusted by developers & businesses.",,,,,,,,,https://www.instagram.com/l2p_builders515,,30.1610014,'-81.5475693,,,,
Land Roofing Co,10852 Lem Turner Rd,Jacksonville,FL,32218,United States,(904) 554-7663,https://www.landroofingco.com/,,,"Roofing contractor, Building restoration service, Home inspector",Land Roofing Company is a third generation family-owned residential and commercial roofing contractor with a dedication to mastery and excellence in all things roofing.,,,,,,,,https://www.genflex.com,,,30.4321419,'-81.6951802,,,,
"Landsouth Construction, Llc",4233 Pablo Professional Ct #101,Jacksonville,FL,32224,United States,(904) 273-6004,https://www.landsouth.com/,recruiting@landsouth.com,,General contractor,"Founded in 1998, LandSouth Construction builds senior living, multifamily and mixed-use living units across Florida, North Carolina, Georgia, South Carolina, Alabama, Tennessee and Virginia. The company is headquartered in Jacksonville, Florida.",$388.5 M,100,1998,"83,836","62,623",https://www.linkedin.com/company/349612,https://www.facebook.com/LandSouthConstruction,https://www.x.com/landsouthjax,,,30.2685334,'-81.4444758,Hunter,Barkentin,Project Manager,hbarkentin@landsouth.com
"Lansing Building Products - Jacksonville, Fl",Dr Building Kenan 500,Jacksonville,FL,32258,United States,(904) 519-1227,https://www.lansingnow.com/visitor/lansing-branches/florida/jacksonville-fl,,,"Building materials supplier, Building materials store, Door supplier, Window supplier","LansingNOW. The online destination powered by your Lansing branch. Register today to benefit from order notifications, account tools, and programs that support your business.",,,,,,,,,,,30.1379253,'-81.5251681,,,,
"Lawrence Earley Construction, Inc.",1510 Jones Rd,Jacksonville,FL,32220,United States,(904) 207-0255,https://www.homebuilderjacksonville.com/,l.earley@homebuilderjacksonville.com,,Contractor,"Earley Construction guarantees the highest quality work for the best prices. We use quality materials and better building practices to ensure a job well done. Customer satisfaction is our priority. We offer written warranties on all of our services. For home safety products, we offer a lifetime warranty.",$2.1 M,9,2005,"15,152","23,236",https://www.linkedin.com/company/lawrence-earley-construction-inc.,https://www.facebook.com/sitepad,https://x.com/sitepad_editor,https://www.instagram.com/sitepad,,30.340956,'-81.807542,,,,
Lcg Roofing,450-106 State Rd 13 N #305,St Johns,FL,32259,United States,(904) 222-1217,https://lcgroofing.com/,,,Roofing contractor,"Let LCG Roofing take care of your ROOFING needs! LCG, the innovative and reliable roofing experts, are here to provide you with unmatched service and quality.",,,,,,https://www.linkedin.com/company/lcg-roofing,,,,,30.1193922,'-81.6269694,,,,
"Leaf It To Us Gutters, Llc",419 Bowles St,Neptune Beach,FL,32266,United States,(904) 206-7632,https://www.leafittousgutters.com/,,,Gutter cleaning service,Whenever youre looking for a trusted Gutters Jacksonville then just call our team and well be there to help you. Call us now!,,,,,,,,,,,30.3127062,'-81.3973968,,,,
Leaffilter Gutter Protection,11651 Central Pkwy Unit 117,Jacksonville,FL,32224,United States,(904) 449-7202,https://www.leaffilter.com/locations/florida/jacksonville/,media@leaffilter.com,,Gutter cleaning service,"LeafFilter is a home improvement company that provides gutter protection to customers throughout the US. It is a brand of Leaf Home Solutions, and is headquartered in Hudson, Ohio.",$340.4 M,"1,044",2005,"17,176","23,238",https://www.linkedin.com/company/leaffilter-north-inc,https://www.facebook.com/LeafFilter,https://www.x.com/leaffilter,https://www.instagram.com/leaffilter,https://www.youtube.com/user/LeafFilter1,30.2825779,'-81.5176115,Scott,Garbe,Vice President of Installation,sgarbe@leaffilter.com
"League Roof Restoration, Llc",13656 Covington Creek Dr,Jacksonville,FL,32224,United States,(904) 451-2016,https://leagueroofrestoration.com/,,,"Roofing contractor, Waterproofing service",,,,,,,,,,,,30.3035398,'-81.4478458,,,,
Leathermen Home Improvements,4940 Emerson St,Jacksonville,FL,32207,United States,(912) 675-5459,https://www.leathermenhomeimprovements.com/,,,Roofing contractor,"Leathermen Home Improvement is a proud veteran-owned business providing high-quality roofing, siding, gutters, fencing, and full-scale interior and exterior renovations. Known for our craftsmanship and integrity, we help homeowners enhance and protect their properties with dependable service and lasting results.",,3,,,,,,,,,30.2915628,'-81.6138718,,,,
Lee & Cates Surface Cpr,848 Houston St,Jacksonville,FL,32204,United States,(904) 899-6740,https://www.surfacecpr.com/,sales@surfacecpr.com,,"Roofing contractor, Flooring contractor, Gutter cleaning service, Pressure washing service","Our Exterior Cleaning Company in Jacksonville, FL, Restores & Protects Surfaces. From grime and mildew on your siding to moss taking over your roof, keeping everything spotless can feel like a never-ending battle. Fortunately, Lee & Cates Surface CPR has the expertise to restore and protect various home surfaces, from wood to tile and metal to glass.",,3,2024,,,,https://www.facebook.com/surfacecpr,,https://www.instagram.com/surfacecpr,,30.3290467,'-81.6682125,,,,
Legion Roofing & Construction Llc,12724 Gran Bay Pkwy Suite 410,Jacksonville,FL,32258,United States,(904) 612-3599,https://legionroofingfla.com/,website@legionroofingfla.com,,Roofing contractor,"At Legion Roofing our mission is to build long term relationships with our community in Orlando, Kissimmee, and Saint Cloud. We are a licensed roofing company, workers comp insurance, and provide amazing warranty as a local family owned roofing company.",,4,2019,"17,176","23,238",https://www.linkedin.com/company/legion-roofing-and-construction-llc,,,,,30.1395695,'-81.5319168,Ian,Lloyd,President,ian@legionroofingfla.com
Lighthouse Building Services,6180 Bowdendale Ave,Jacksonville,FL,32216,United States,(904) 206-7249,http://lbsrenovations.com/,projects@jaxlbs.com,Unknown,"Roofing contractor, HVAC contractor, Plumber, Construction company, Septic system service","Lighthouse Building Services is a professional contractor based in Jacksonville, FL, specializing in roofing, plumbing, heating and air conditioning, and custom home renovations. Their experienced team provides a variety of services, including inspections, repairs, and installations for both residential and commercial clients.",$319 K,3,2007,"73,734","56,561",https://www.linkedin.com/company/jaxlbs,https://www.facebook.com/lighthousebuildingservices,https://www.x.com/lbsrenovation,,,30.2572346,'-81.6095465,,,,
Lloyd's Construction & Consulting,11633 Philips Hwy,Jacksonville,FL,32256,United States,(904) 683-4468,https://lloydsconstruction.net/,kayla@lloydsconstruction.net,,"Construction company, Contractor","At Lloyds Construction and Consulting, we are committed to providing first-class construction services that exceed client expectations. With integrity, innovation, and excellence at our core, we strive to build lasting relationships and deliver exceptional quality in every project we undertake.",$1.4 M,12,2011,"15,154","23,236",https://www.linkedin.com/company/lloyd's-construction-and-consulting-llc,https://www.facebook.com/people/Lloyds-Construction-and-Consulting-LLC/100090111125432,https://www.dropbox.com/scl/fo/l6kivs041tudyjo8fpm46/h,https://www.instagram.com/LloydsConstruction,,30.1588053,'-81.5318863,Heather,Knight,Assistant Office Manager,heather@lloydsconstruction.net
Lopez Roofing & Construction,445 Cheryl Ct,Jacksonville,FL,32259,United States,(904) 385-1062,,,,"Roofing contractor, Building firm, Carpenter",,,,,,,,,,,,30.119931,'-81.6327255,,,,
Lozano Roofing & Repair,6672 Banbury Rd,Jacksonville,FL,32211,United States,(386) 348-3759,,,,"Roofing contractor, Building firm, Carpenter",,,,,,,,,,,,30.3385672,'-81.589411,,,,
M Daigle & Sons Construction,4032 N Liberty St,Jacksonville,FL,32206,United States,(904) 334-4765,http://www.mdaigleandsons.com/,m.daigle@mdaigleandsons.com,,General contractor,"M. Daigle & Sons specializes in home remodeling and contracting services, offering solutions such as sunrooms, glass rooms, screen enclosures, and siding. Their focus is on quality craftsmanship and customer service, ensuring that renovation projects meet client needs.",$1.4 M,13,2010,"17,176","23,238",,https://www.facebook.com/mdaigleandson,https://www.x.com/mdaigleandsons,,,30.3626995,'-81.6492738,,,,
M Gay Constructors Inc,11901 Industry Dr,Jacksonville,FL,32218,United States,,,,,"General contractor, Electrician",,,,,,,,,,,,30.4521101,'-81.6263638,,,,
Mack Brothers Building Contractors,1546 Girvin Rd,Jacksonville,FL,32225,United States,(904) 220-2500,https://www.mackbrosbc.com/,,,Roofing contractor,"Mack Brothers Building Contractor, established in 1957, specializes in a variety of construction services including kitchen and bathroom renovations, room additions, and commercial projects such as offices and restaurants. With a strong reputation built through word of mouth in Jacksonville, Florida, they are dedicated to transforming client visions into reality while enhancing property value and quality of life.",$1.8 M,8,1957,"15,152","23,236",https://www.linkedin.com/company/mack-brothers-building-contractors-inc.,,,,,30.3527893,'-81.4620633,,,,
Mana Roofing,1739 Forest Lake Cir E Apt 1,Jacksonville,FL,32225,United States,(904) 414-5504,,,,Roofing contractor,,,,,,,,,,,,30.3563115,'-81.48455,,,,
Martin Home Exteriors,245 Riverside Ave Suite 100,Jacksonville,FL,32202,United States,(904) 737-5009,https://www.martinhomeexteriors.com/,admin@mhejax.com,,"Siding contractor, General contractor, Window installation service","Martin Home Exteriors has been a trusted licensed general contractor in Jacksonville since 1995, specializing in exterior remodeling services such as siding, windows, sunrooms, and patios. The company focuses on enhancing the beauty and functionality of homes while ensuring energy efficiency and durability.",$1.4 M,7,1995,"17,176","23,238",https://www.linkedin.com/company/martinhomeexteriors,https://facebook.com,,https://www.instagram.com/martinhomeexteriors,,30.3213154,'-81.6723087,Pressley,Martin,Marketing,martin@martinhomeexteriors.com
Massey Roofing & Contracting,10048 103rd St,Jacksonville,FL,32210,United States,(904) 248-1133,https://masseycontractingfl.com/roofers-jacksonville-fl/,info@masseycontractingfl.com,Unknown,"Roofing contractor, General contractor, Gutter service, Siding contractor","Massey Roofing Services is your trusted local roofing company serving Jacksonville and St. Petersburg, Florida. We specialize in high-quality roofing services, including repairs, replacements, and new installations, tailored to meet your unique needs.",,3,,,,,https://www.facebook.com/masseyroofingservicesllc,,https://www.instagram.com/masseyroofingsrvcs.llc,,30.2469729,'-81.8246416,,,,
Master Roofing,5960 Beach Blvd,Jacksonville,FL,32207,United States,(386) 342-4668,,,,"Roofing contractor, Building firm, Carpenter",,,,,,,,,,,,30.2921626,'-81.6023667,,,,
Master Roofing & Chimneys Repair Service Llc,7031 Salamanca Ave,Jacksonville,FL,32217,United States,(904) 902-4251,,,,General contractor,,,,,,,,,,,,30.2469102,'-81.6341566,,,,
Mathieu Builders,14230 Saybrook Falls Ct,Jacksonville,FL,32224,United States,(904) 813-3661,,,,"Roofing contractor, Custom home builder, Home builder, Kitchen remodeler, Construction company",,,,,,,,,,,,30.2915053,'-81.4431988,,,,
Maven Construction & Environmental,6550 St Augustine Rd,Jacksonville,FL,32217,United States,,https://www.mavenconstructionllc.com/,contact@mavenconstructionllc.com,Unknown,Construction company,"Maven Construction & Environmental, LLC (Maven) is a General Contractor with strong self-performance in roof repair/replacement; Pre Engineered Metal Building installation; facility maintenance and repair; Electrical, Lightning Protection, and HVAC; civil/site/horizontal construction; and demolition and environmental services.",$11.7 M,21,2008,"15,154","23,236",https://www.linkedin.com/company/maven-construction-&-environmental-lcl,https://www.facebook.com/mavenconstruction,https://www.x.com/mavencontractor,,,30.2547712,'-81.6266616,Charles,Adkinson,Project Manager,charles.adkinson@mavenconstructionllc.com
Maxwallpro Llc,10151 Deerwood Park Blvd #250,Jacksonville,FL,32256,United States,(855) 629-9255,https://www.maxwallpro.com/,info@maxwallpro.com,Unknown,"Siding contractor, Contractor, Gutter service, Home help, Home improvement store, Home inspector, Insulation contractor, Metal fabricator, Steel distributor, Steelwork design service","Since 1986 MAXWALLPRO LLC has been serving discriminating homeowners with its exterior home improvement systems. We are highly skilled metal smiths who specialize in the installation of energy efficient metal siding, Radiant Barrier Insulation, and Rain Removal Systems.",<$5 M,<25,1986,"17,176","23,238",,https://www.facebook.com/maxwallprollc,https://x.com/maxwallprollc,,,30.2413691,'-81.5491141,,,,
Maxwell Roofing Company,705 3rd St N,Jacksonville Beach,FL,32250,United States,(904) 227-4733,,,,"Roofing contractor, Building firm, Carpenter",,,,,,,,,,,,30.2950665,'-81.3928112,,,,
Mc Farland Builders Inc,5866 Blanding Blvd,Jacksonville,FL,32244,United States,(904) 777-6003,https://www.general-contractor-jacksonville.com/,mcfarlandbuilder@bellsouth.net,Unknown,General contractor,"McFarland Builders Inc. is a general contractor based in Jacksonville, FL, specializing in residential and commercial construction services. Established in 1992, the company offers a range of services including new home construction, kitchen and bathroom remodeling, room additions, and storm damage repairs.",$1.3 M,6,1992,"15,152","23,236",https://www.linkedin.com/in/roger-mcfarland-20b2b423,https://www.facebook.com/p/McFarland-Builders-Inc-100083304834928,https://x.com/McFarlandBuild,,,30.2422408,'-81.7424917,,,,
Mcbride & Sons Roofing,6424 Beach Blvd,Jacksonville,FL,32216,United States,(386) 342-4925,,,,"Roofing contractor, Building firm, Carpenter",,,,,,,,,,,,30.2902914,'-81.5951307,,,,
Mccurdy Walden Inc,230 Industrial Loop S,Orange Park,FL,32073,United States,(904) 783-9000,https://mccurdywalden.com/,tom@mccurdywalden.com,,Roofing contractor,"McCurdy-Walden, Inc. is a full-service commercial roofing contractor located in Northeast Florida, specializing in a variety of roofing systems since 1986. The company offers services such as roof replacements, waterproofing, roof repairs, and industrial flooring for commercial properties throughout North Florida and South Georgia.",$5.5 M,22,1986,"17,176","23,238",,https://www.facebook.com/MccurdyWalden,,https://www.instagram.com/mccurdywalden,,30.1792319,'-81.7127773,Michael,Kerr,"Director, Business Development",michael@mccurdywalden.com
Mccurdy-walden Inc,5267 Commonwealth Ave,Jacksonville,FL,32254,United States,,http://www.mccurdywalden.com/,tom@mccurdywalden.com,,Roofing contractor,"McCurdy-Walden, Inc. is a full-service commercial roofing contractor located in Northeast Florida, specializing in a variety of roofing systems since 1986. The company offers services such as roof replacements, waterproofing, roof repairs, and industrial flooring for commercial properties throughout North Florida and South Georgia.",$5.5 M,22,1986,"17,176","23,238",,https://www.facebook.com/MccurdyWalden,,https://www.instagram.com/mccurdywalden,,30.336484,'-81.7369995,Michael,Kerr,"Director, Business Development",michael@mccurdywalden.com
Mcelfresh Roofing And Solar,2864 Moody Ave,Orange Park,FL,32073,United States,(904) 375-1180,https://mcelfreshroofing.com/,brad@mcelfreshroofing.com,,Roofing contractor,"McElfresh Roofing and Solar specializes in providing roofing installation and upgrades, ensuring that homes are well-protected against the elements. They offer a variety of roofing options, including environmentally friendly choices, and emphasize the importance of proper maintenance to prevent future issues.",$1.6 M,6,,"17,176","23,238",https://www.linkedin.com/company/mcelfresh-roofing-and-solar,https://www.facebook.com/103689339133369,https://www.x.com/mcelfreshroof,https://www.instagram.com/mcelfreshroofandsolar,https://www.youtube.com/channel/UCs9YofXlJ4JQa9M-Fe6NH0Q,30.1475815,'-81.7510851,Chrissa,Mcelfresh,'--,chrissa.mcelfresh@mcelfreshroofing.com
Mcguire Family Roofing,2670 Phyllis St,Jacksonville,FL,32204,United States,(386) 342-4958,,,,"Roofing contractor, Building firm, Carpenter",,,,,,,,,,,,30.3199397,'-81.6959627,,,,
Mediterranean Construction & Roofing Inc,9556 Historic Kings Rd S Unit 416,Jacksonville,FL,32257,United States,(904) 885-0057,https://www.medconstructioninc.com/,stavrosmedroof@gmail.com,Unknown,"Roofing contractor, Construction company, Custom home builder","Discover our trusted roofing and contracting services, where we prioritize transparency with upfront pricing. Our commitment to quality and customer satisfaction sets us apart. Explore more about what we offer and how we can assist you! Serving Jacks",,,,,,,https://facebook.com/medconstroof,,,,30.2039258,'-81.5786094,,,,
Merritt Construction,,Jacksonville,FL,32211,United States,(904) 993-1697,,,,Roofing contractor,,,,,,,,,,,,30.3378989,'-81.5925427,,,,
Merritt Roofing And Construction,1704 Girvin Rd,Jacksonville,FL,32225,United States,(904) 858-9400,https://merrittroofingandconstruction.com/Contact-Us,david@merrittroofingandconstruction.com,,Roofing contractor,,,,,,,,,,,,30.3558524,'-81.4620037,,,,
Mesic Construction Services Inc,9046 Kentish Ct,Jacksonville,FL,32257,United States,(904) 449-5113,https://www.mesicconstruction.com/,info@mesicconstruction.com,Unknown,"Roofing contractor, Bathroom remodeler, HVAC contractor, Kitchen remodeler, Plumber, Contractor","Licensed, insured, experienced expert home builder and home improvement general contractor open 24/7, providing commercial, residential and emergency services in Jacksonville, FL",,,,,,,,,,,30.2172268,'-81.5935544,,,,
Meta Construction Inc - Roofing & General Contractors,5616 Baxter Lake Dr,Jacksonville,FL,32258,United States,(904) 237-7053,https://metaconinc.com/,metaconinc@yahoo.com,Unknown,"Roofing contractor, Building firm, Construction company, Flooring contractor, Home builder, Interior construction contractor, Kitchen remodeler, Remodeler, General contractor, Tile contractor","At Meta Construction, we complete all types of Residential and Commercial build-out work. As Certified Building & Roofing Contractors, we are licensed, insured, and bonded to take on any roofing, new construction, or remodeling projects. With over 25 years of experience, we have the highest level of quality at the best available price.",$1.1 M,6,2005,,,https://www.linkedin.com/company/metaconinc,https://www.facebook.com/metaconinc,,,,30.1519459,'-81.5620635,,,,
Metal Roofing Supplies And Custom Metal Trim Shop,2344 Edgewood Ave N Suite 2,Jacksonville,FL,32254,United States,(904) 955-2313,https://m.facebook.com/metalroofing101/,omids350@gmail.com,Unknown,"Roofing supply store, Building materials supplier, Construction material wholesaler, Manufacturer, Metal supplier, Metal working shop, Sheet metal contractor",,,,,,,,https://m.facebook.com/metalroofing101/,,,,30.3530319,'-81.7316209,,,,
Metro Property Services,3530 St Augustine Rd,Jacksonville,FL,32207,United States,(904) 399-1020,https://www.metropropertyservices.com/,sales@metropropertyservices.com,Unknown,"Roofing contractor, Painting, Waterproofing service","Metro Property Services is a Building Envelope Specialist providing commercial roofing contracting services to building owners and facility managers throughout Northeast Florida. 
Since 1991, we have protected and preserved building owners, property managers, and facility managers most valuable real estate assets.",$3.8 M,13,1991,"17,176","23,238",https://www.linkedin.com/company/metro-property-services-limited,https://www.facebook.com/metropropertyservicesinc,,,,30.2885039,'-81.6441024,John,Moore,President & Owner,john@metropropertyservices.com
Mgx Roofing & Construction,12335 Stockbridge Ct S,Jacksonville,FL,32258,United States,(904) 870-0548,https://www.mgxroofing.com/,,,"Roofing contractor, Construction company",Home | Mgx Roofing,,,,,,,,https://www.wix.com,,,30.1473874,'-81.5885117,,,,
"Mid-atlantic Roofing Supply Of Jacksonville, Fl",2060 W 21st St,Jacksonville,FL,32209,United States,(904) 775-4115,https://www.marsupply.com/find-my-branch/florida/,sdowdy@marsupply.com,,"Roofing supply store, Distribution service, Wholesaler","Mid-Atlantic Roofing Supply specializes in residential and commercial roofing supplies and accessories for projects and customers of all sizes. Since 2010, we’ve taken a different approach to roofing supply. We believe in strong relationships with our clients and vendors.",$82.7 M,135,2010,"50,503","42,423",https://www.linkedin.com/company/midatlanticroofingsupply,,https://www.x.com/roofingmid,https://www.instagram.com/mid_atlantic_roofing_supply,,30.3559249,'-81.6931662,Bill,Coughlin,Vice President Commercial Roofing and Partner A2,bcoughlin@marsupply.com
Miller Roofing Solutions,12220 Atlantic Blvd Suite 130,Jacksonville,FL,32225,United States,(904) 749-3434,https://mrsroofers.com/,support@mrsroofers.com,Unknown,"Roofing contractor, Gutter service, Waterproofing service","We offer comprehensive roofing solutions and exceptional service, ensuring transparency throughout the entire process. Our customer-centric approach has garnered positive reviews, reflecting our commitment to quality and satisfaction.
Whether you require commercial or residential roofing repairs or a complete reroofing, we have the expertise and experience to handle your needs.",,3,2020,,,,,,,,30.3171949,'-81.4883897,,,,
Model City Roofing,3830 Williamsburg Park Blvd # 7,Jacksonville,FL,32257,United States,(904) 552-1009,https://www.modelcityroofing.com/,contactus@modelcityroofing.com,,"Roofing contractor, Contractor, General contractor","Model City Roofing is a trusted roofing company based in Jacksonville, FL, and Kingsport, TN, specializing in both residential and commercial roofing services. They offer a wide range of services including roof installations, repairs, and inspections, prioritizing quality craftsmanship and customer satisfaction.",$1.8 M,14,2016,"17,176","23,238",https://www.linkedin.com/company/model-city-roofing,https://www.facebook.com/modelcityroofing,https://www.x.com/modelcityroof,,,30.2074937,'-81.6154935,Brittany,Peeler,"Director, Florida Sales",brittany@modelcityroofing.com
Molloy Brothers Roofing,6100 Greenland Rd,Jacksonville,FL,32258,United States,(386) 342-4964,,,,"Roofing contractor, Building firm, Carpenter",,,,,,,,,,,,30.1610014,'-81.5475693,,,,
Monahan Roofing Contractors,2050 Kings Cir S,Neptune Beach,FL,32266,United States,(904) 221-0059,,,,Roofing contractor,,,,,,,,,,,,30.323108,'-81.4198726,,,,
Montfort Construction Llc.,11515 Emuness Rd,Jacksonville,FL,32218,United States,(904) 510-6489,,,,Construction company,,,,,,,,,,,,30.4453708,'-81.6295074,,,,
Moody's Roofing Inc,216 Mc Cargo St N # B,Jacksonville,FL,32220,United States,(904) 781-0569,,,,Roofing contractor,,,,,,,,,,,,30.3258568,'-81.7818821,,,,
Morgan Conley Roofing And Repair Llc,2345 Rogero Rd,Jacksonville,FL,32211,United States,(904) 490-8390,https://morganconleyroofing.org/,,,"Roofing contractor, Chimney services, Gutter service, Siding contractor","Top-rated roofing company in Jacksonville, FL offering expert roof repairs, installations, and inspections. Free estimates, licensed & insured.",,,,,,,https://www.facebook.com/mcroofjax,,https://www.instagram.com/morganconleyroofing,https://www.youtube.com/@morganconleyroofing,30.3470099,'-81.5891646,,,,
Mr. Handyman Serving Greater Jacksonville,1107 Park Ave,Orange Park,FL,32073,United States,(904) 329-7535,https://www.mrhandyman.com/greater-jacksonville/,receptionist@dwiregroup.com,,"Handyman/Handywoman/Handyperson, Bathroom remodeler, Carpenter, Deck builder, Dry wall contractor, Flooring contractor, General contractor, Kitchen remodeler, Siding contractor, Tile contractor","Mr. Handyman International, LLC is a franchise business, headquartered in Waco, Texas in the United States, that provides handyman and remodeling services for homeowners and commercial locations. It is a subsidiary of The Dwyer Group. It operates in the United States, and Canada.",$502.9 M,790,2000,"73,738","81,812",https://www.linkedin.com/company/mr.-handyman,https://www.facebook.com/mrhandyman,https://x.com/mrhandyman,https://www.instagram.com/mrhandyman,,30.1764552,'-81.7011425,David,Lavalle,,david@mrhandyman.com
Murray Family Roofing,2120 Corporate Square Blvd,Jacksonville,FL,32216,United States,(386) 342-4968,,,,"Roofing contractor, Building firm, Carpenter",,,,,,,,,,,,30.3066237,'-81.5616974,,,,
Mxl Wall Systems,5771 Mining Terrace #203,Jacksonville,FL,32257,United States,(904) 328-6293,https://www.mxlwalls.com/,mjimenez@mxlwalls.com,Service busy,"Stucco contractor, Building restoration service, Construction company, Contractor, Painting","MXL Wall Systems is a quality and integrity driven business. We offer superior stucco repair craftsmanship with our experienced technicians. If you have stucco walls that are in need of repair or want to have your entire home painted, please give us a call.",,3,2015,,,https://www.linkedin.com/company/mxl-wall-systems,https://www.facebook.com/MXLStucco,,https://www.instagram.com/mxlwallsystems,,30.1845147,'-81.5682466,,,,
Nards Jack Of Trades,2649 Bethel Rd,Jacksonville,FL,32210,United States,(321) 245-2524,,,,General contractor,,,,,,,,,,,,30.2704435,'-81.7661806,,,,
Neill Co Roofing,114 Willow Branch Ave,Jacksonville,FL,32254,United States,(904) 365-7663,https://neillcoroofing.com/,tomd@neillcoroofing.com,,Roofing contractor,"Neill Co Roofing | Quality & Affordable Roofing in Jacksonville, FL",,,,,,,,,,,30.3288788,'-81.7040766,,,,
"Neligan Construction & Roofing, Llc",910 11th Ave S,Jacksonville Beach,FL,32250,United States,(904) 247-3777,https://www.neliganconstruction.net/,sales@neliganconstruction.net,,"Roofing contractor, Construction company, Fence contractor, General contractor, Gutter cleaning service, Home builder, Remodeler, Siding contractor",Specializing in the Replacement of Your Asphalt Shingle Roof in the Jacksonville FL and St. Augustine Fl areas. Trust Neligan Construction & Roofing for all of your roofing needs in NE Florida. Call Today: 904-247-3777.,$2.1 M,7,1998,"17,176","23,238",https://www.linkedin.com/company/neligan-construction-svc,https://www.facebook.com/NeliganConstructionAndRoofingLLC,,,,30.2765665,'-81.3967069,Brian,Neligan,"At Neligan Construction and Roofing, Llc",brian@neliganconstruction.net
Nelson Roofing Co,5722 Dunn Ave,Jacksonville,FL,32218,United States,(386) 348-4436,,,,Roofing contractor,,,,,,,,,,,,30.4377606,'-81.739623,,,,
Nexgen Roofing,10527 Craig Industrial Drive,Jacksonville,FL,32225,United States,(904) 802-7150,https://www.nexgenfl.com/,emily@nexgenfl.com,,"Roofing contractor, Waterproofing service",Redefining Restoration & Roofing Solutions through Innovative Construction Management Technologies.,$1.1 M,28,2020,"17,176","23,238",https://www.linkedin.com/company/nexgen-restoration-roofing-llc,https://www.facebook.com/NexGenRRFL,https://x.com/nexgenrrFL,https://instagram.com/nexgenrrfl,,30.3329592,'-81.5264765,Brent,Erickson,Project Manager with Nexgen Roofing / Licensed Home Inspector Since 2013,brent.e@nexgenfl.com
Next Generation Roofing & Construction,840 Cassat Ave,Jacksonville,FL,32205,United States,(904) 740-5831,,,,Roofing contractor,,,,,,,,,,,,30.3129182,'-81.7310264,,,,
Next Level Exteriors,220 E Forsyth St # A,Jacksonville,FL,32202,United States,(904) 297-4004,http://sidingcontractorsjacksonvillefl.com/,codyvostanojevicvoh2003@yahoo.com,Unknown,Roofing contractor,,,,,,,,,,,,30.3261215,'-81.6549014,,,,
Niche Roofing Inc.,7231 Ventura Ave,Jacksonville,FL,32217,United States,(904) 452-5695,https://nicheadvising.com/,,,Roofing contractor,,,,,,,,,,,,30.2463509,'-81.6266293,,,,
North American Roofing,5533 W Beaver St,Jacksonville,FL,32254,United States,(904) 204-1680,https://naroofing.com/commercial-roof-installation-jacksonville-fl/,sales@naroofing.com,,Roofing contractor,"Founded in 1979 and headquartered in Tampa, Florida, North American Roofing provides roofing services. The Company offers roofing installation, site inspection, pre-construction, maintenance, and roofing solution.",$158.5 M,373,1979,"17,176","23,238",https://www.linkedin.com/company/north-american-roofing,https://www.facebook.com/NorthAmericanRoofing,https://www.x.com/na_roofing_,,https://www.youtube.com/user/naroofing,30.3262194,'-81.7423369,Tony,Barton,Chief Estimator,tbarton@naroofing.com
North Beach Construction,13475 Atlantic Blvd Unit 8,Jacksonville,FL,32225,United States,(904) 339-3982,https://www.floridaresidentialcontractors.com/,luke@floridaresidentialcontractors.com,Unknown,"General contractor, Bathroom remodeler, Construction company, Home builder, Kitchen remodeler, Remodeler","North Beach Construction is a licensed and insured residential contractor proudly serving Jacksonville and surrounding areas. We specialize in custom kitchen remodels, bathroom renovations, and home additions—bringing craftsmanship, clear communication, and lasting quality to every project.",,1,,,,,,,,,30.3221335,'-81.4535953,Luke,Benedict,Builder/contractor,luke@floridaresidentialcontractors.com
North Star Roofing Llc,63 Halsema Rd N,Jacksonville,FL,32220,United States,(904) 553-0159,,,,Roofing contractor,,,,,,,,,,,,30.3136641,'-81.8690174,,,,
Northeast Florida Contracting Inc,11501 Columbia Park Dr W Ste 208,Jacksonville,FL,32258,United States,(904) 288-9834,https://www.nefcon.com/,randyh@nefcon.com,Unknown,General contractor,"Northeast Florida Contracting is a Construction company located in Jacksonville, Florida",$2.6 M,7,2003,"15,154","23,236",,https://www.facebook.com/NefconCGC,,https://www.instagram.com/northeastfloridacontracting,,30.1587573,'-81.5384888,Chris,Carlson,Unit 208,ccarlson@nefcon.com
Northern Standard Construction Llc,1222 Oakley St,Jacksonville,FL,32202,United States,(630) 936-0070,https://northernstandardconstruction.com/,northernstandardconstruction@gmail.com,,"Contractor, Bathroom remodeler, Deck builder, Dry wall contractor, Flooring contractor, Kitchen remodeler, Painter, Tile contractor","Northern Standard Construction LLC is a fully inclusive Construction Company based in Jacksonville, Florida. With remodeling services for residential and commercial properties, running since 2015 with a team of professionals who prioritize top quality with every project from initial design to final clean up.",$5.5 M,3,2015,"15,152","23,236",https://www.linkedin.com/company/northernstandardconstruction-LLC,https://www.facebook.com/norhternstandardconstruction,,https://www.instagram.com/northernstandardconstruction,,30.3303886,'-81.6387572,Ron,Ermilio,,ron@northernstandardconstruction.com
O'connor's Roofing Services,530 Ellis Rd N #202,Jacksonville,FL,32254,United States,(904) 767-4059,https://www.oconnorsplumbingfl.com/,,,Roofing contractor,OConnors Plumbing Company of Florida - Team of repiping experts ready to get the job done right the first time! Call now for personalized service!,,,,,,,,,,,30.3328656,'-81.7444384,,,,
Oak Crest Roofing,8515 Baymeadows Way #302,Jacksonville,FL,32256,United States,(904) 680-0058,http://oakcrest.com/,customerservice@roofally.com,,Roofing contractor,"Your Roofing and GuttersRestoration Experts 5 Remarkable ReasonsWhy You Can Trust Oak Crest Roofing 22,000+ Happy Homeowners In Business Since 2010 Family OwnedNational Resources Simple, Proven Process BBB A+ Accredited When SevereWeather Happens Tru",,,,,,https://www.linkedin.com/company/accord-group,https://www.facebook.com/oakcrestroofingflorida,,,,30.2186325,'-81.5774867,,,,
Oak Crest Roofing,8880 Corporate Square Ct,Jacksonville,FL,32216,United States,,https://www.oakcrestroofing.com/,info@oakcrestroofing.com,Unknown,Roofing contractor,"Oak Crest roofing is a professional commercial roofing company that utilizes the latest technology to pinpoint areas of interest to our certified inspectors. Our Commercial roofing division can assess and restore properties in a timely, budget sensitive way.",$16.6 M,72,2010,"17,176","23,238",https://www.linkedin.com/company/accord-group,https://www.facebook.com/oakcrestroofingflorida,,,,30.3058811,'-81.5630652,,,,
Olson Roofing & Repair,3007 Hartley Rd,Jacksonville,FL,32257,United States,(386) 348-4430,,,,"Roofing contractor, Building firm, Carpenter",,,,,,,,,,,,30.1858255,'-81.6308799,,,,
Olto Construction,5836 Lone Pine Rd Suite A,Jacksonville,FL,32216,United States,(904) 735-5075,http://oltoconstruction.com/,,,"General contractor, Contractor, Custom home builder, Home builder",Explore top-quality construction services with Olto Construction Inc. Contact us today for reliable building solutions tailored to your needs.,,,,,,,,,,,30.263887,'-81.6102763,,,,
Owens Corning Jacksonville Roofing Plant,1035 Talleyrand Ave,Jacksonville,FL,32206,United States,(800) 438-7465,http://www.owenscorning.com/roofing/find-contractor,latam@owenscorning.com,,"Roofing contractor, Building materials supplier, Warehouse","Owens Corning is a building products leader committed to building a sustainable future through material innovation. Our products provide durable, sustainable, energy-efficient solutions that leverage our unique capabilities and market-leading positions to help our customers win and grow.",$11.7 B,11289,1938,"29,295","32,324",https://www.linkedin.com/company/owens-corning,https://www.facebook.com/owenscorningroofing,https://www.x.com/ocroofingllc,,,30.3362178,'-81.6302446,Lori,Garcia,Director Strategic Marketing,lori.garcia@owenscorning.com
Palmer Roofing & Repair,2709 Art Museum Dr,Jacksonville,FL,32207,United States,(386) 342-4993,,,,"Roofing contractor, Building firm, Carpenter",,,,,,,,,,,,30.2986543,'-81.6126778,,,,
Panama Roof Llc,8573 Cheryl Ann Ln,Jacksonville,FL,32244,United States,(904) 495-1007,,,,Roofing contractor,,,,,,,,,,,,30.24353,'-81.7936227,,,,
Paradigm Roof+shield,2300 Marsh Point Rd #200,Neptune Beach,FL,32266,United States,(904) 257-1827,https://paradigmroofs.com/service-area/neptune-beach-fl/,contactus@paradigmroofs.com,,"Roofing contractor, Gutter service","Paradigm Roof + Shield is a residential and commercial roofing contractor that installs a variety of different roofing systems. We are with an elite group of roofing companies throughout the country carrying the credentials, Certified Contractor for Conklin, Gerard, GAF/ELK and Shingle Master for CertainTeed Corp.",$22.3 M,28,2004,"17,176","23,238",https://www.linkedin.com/company/paradigm-roofing-division-of-paradigm-design-&-construction-llc,https://www.facebook.com/Paradigm-Roofing-112257998831776,,https://www.instagram.com/paradigmroofing1,https://www.youtube.com/channel/UC0XqM2KA95_OnbVPS5rBueg,30.323897,'-81.4204841,Greg,Hiltz,,greg@paradigmroofs.com
Paramount Builders Inc.,10255 Fortune Pkwy #100,Jacksonville,FL,32256,United States,(904) 518-6181,https://www.paramountbuilders.com/our-locations/jacksonville-fl/,frontdesk@paramountbuilders.com,,"Roofing contractor, Contractor, Siding contractor, Window installation service","Paramount Builders has become the Mid-Atlantics leading provider of quality replacement windows, vinyl siding, trim, roofing, and doors over the last 25 years. Headquartered in Virginia Beach, VA, we are proud to be Improving our Community, One Home at a Time As a company, our goal has always been to establish the highest standard of excellence and integrity for our industry in our market and beyond.",$58.2 M,354,1991,"15,152","23,238",https://www.linkedin.com/company/paramount-builders,https://www.facebook.com/ParamountBuilders,https://www.x.com/paramountbuild,https://www.instagram.com/paramountbuilders,https://www.youtube.com/@ParamountBuildersInc,30.1829574,'-81.5491542,Bob,Shackford,Vice President Operations,bshackford@paramountbuilders.com
Paul Davis Restoration Of North Florida,2111 N Liberty St,Jacksonville,FL,32206,United States,(904) 675-1348,https://north-florida.pauldavis.com/,reception@pauldavis.com,Unknown,"Water damage restoration service, Building restoration service, Fire damage restoration service, Photo restoration service","Paul Davis is a franchise organization founded in 1966 that specializes in emergency restoration, reconstruction, and remodeling services. The company provides cleanup and repair solutions for residential and commercial properties damaged by water, fire, mold, storms, or other disasters.",$3.8 B,"6,000",1966,"87,874","23,238",https://www.linkedin.com/company/paul-davis-restoration,https://www.facebook.com/PaulDavisRestorationInc,https://www.x.com/pdrestoration,https://www.instagram.com/pauldavisrestorationinc,https://www.youtube.com/user/PDRestorationInc,30.350177,'-81.648592,Charles,Skeens,President,cskeens@pauldavis.com
"Peak Roofing & Construction, Inc.",7504 Slocumb Ave,Jacksonville,FL,32256,United States,(904) 365-7325,https://peakroofingfl.com/,quinn@peakroofingfl.com,,"Roofing contractor, Construction company","Peak Roofing & Construction, Inc. specializes in providing roofing services, including new shingle and metal roofs, as well as repairs for issues ranging from leaks to hurricane damage. With over 30 years of experience, they serve clients in St. Johns, Duval, Clay counties, and surrounding areas of North Florida.",$1.1 M,6,1998,"17,176","23,238",,,,,,30.1393615,'-81.5115624,,,,
Performance Roofing,7235 Bonneval Rd #222,Jacksonville,FL,32256,United States,(877) 544-7174,https://www.performanceroofingusa.com/,sales@performanceroofingusa.com,,Roofing contractor,"Performance Roofing is a reliable residential roofing company based in Orlando, offering quality and affordable roofing services to clients in Orlando, Oviedo, and Lake Mary. They specialize in new roof installations and servicing existing roofs for both residential and multi-family properties.",$5.8 M,26,1991,"17,176","23,238",https://www.linkedin.com/company/performance-roofing,,https://www.x.com/topdogfl,,,30.2416427,'-81.5957292,Andrew,Kelly,,akelly@performanceroofingusa.com
Perry Roofing Contractors,4131 N Canal St,Jacksonville,FL,32209,United States,(904) 830-6826,http://www.perryroofingcontractors.com/,hello@perryroofingcontractors.com,Unknown,Roofing contractor,Perry Roofing Contractors is a residential & commercial roofer in Gainesville FL. Best Roofing Company for complete roofing solutions and roof repair!,,,,,,https://www.linkedin.com/company/perry-roofing-contractors,https://www.facebook.com/PerryRoofing,,https://www.instagram.com/perryroofingcontractors,,30.3632263,'-81.6967054,,,,
Pimentel Roofing Inc,402 St Augustine Blvd,Jacksonville Beach,FL,32250,United States,(904) 591-5498,,,,Roofing contractor,,,,,,,,,,,,30.2649022,'-81.3893545,,,,
Pinnacle Roofing Contractors,1 Imeson Park Blvd Building 100,Jacksonville,FL,32218,United States,(904) 880-6005,https://www.pinnacleroofing.com/,contactus@pinnacleroofing.com,,Roofing contractor,"Pinnacle Roofing Contractors Inc. is an industrial and commercial roofing contractor based in Jacksonville, Florida, with over 30 years of experience. The company focuses on large roofing projects, working primarily with General Contractors and facility owners, with project sizes ranging from 5,000 to 7,000,000.",$4.5 M,5,1994,,,https://www.linkedin.com/company/pinnacle-roofing-contractors,,,,,30.4223263,'-81.6396088,Anthony,Parete,,aparete@pinnacleroofing.com
Plair Homes Roofing & Construction,3323-1 Peach Dr,Jacksonville,FL,32246,United States,(904) 535-5688,,,,Roofing contractor,,,,,,,,,,,,30.2861147,'-81.5483668,,,,
"Poag Brothers General Contracting & Roofing, Inc.",5991 Chester Ave #111,Jacksonville,FL,32217,United States,(904) 379-5356,http://www.poagbrotherscontracting.com/,poagbrothers@gmail.com,Unknown,"Roofing contractor, General contractor",Poag Brothers General Contracting and Roofing Inc. realizes how important your decision is when choosing a contractor for your needs. Poag Brothers General Contracting and Roofing Inc. is a full service residential and commercial general contractor and roofer.,<$5 M,4,2010,"17,176","23,238",https://www.linkedin.com/company/poag-bros.-general-contracting-&-roofing,https://www.facebook.com/poagbrotherscontracting,,,,30.2616955,'-81.6225444,,,,
Poe Construction And Roofing,13241 Bartram Park Blvd # 601,Jacksonville,FL,32258,United States,(904) 330-4048,https://poeconstructionandroofing.com/,,,"Roofing contractor, Construction company, General contractor","Poe Construction and Roofing in Yulee offers expert construction and roofing services. For years, we have provided reliable construction and roofing!",,,,,,,,,,,30.1310506,'-81.5406454,,,,
Polaris Roofing Solutions,Touchton Rd Building 100,Jacksonville,FL,32246,United States,(904) 717-2377,https://www.polarisroofingfl.com/,,,Roofing contractor,,,,,,,,,,,,30.2630017,'-81.5504521,,,,
Polo Contractors Corp,700 Mill Creek Rd #9,Jacksonville,FL,32211,United States,(904) 742-3279,https://polobuild.com/,valt@polobuild.com,,Roofing contractor,"Polo Contractors Corp, a Florida State Certified Roofing, General Contractor, and Construction Consulting Company, is dedicated to serving customers needs and unlocking the remarkable potential of residential or commercial properties. With a focus o",,,,,,,,,https://www.instagram.com/polo_contractors_corp,,30.3254182,'-81.5609269,,,,
Ponte Vedra Beach Roofing,A1a N #333,Ponte Vedra Beach,FL,32082,United States,(904) 447-1231,https://pontevedrabeachroofrepair.cc/,,,Roofing contractor,Roof Repair in Ponte Vedra Beach (904) 447-1231 Call Us,,,,,,,,,,,30.235811,'-81.3868717,,,,
Ponte Vedra Elite Roof Leak,82 Dolphin Blvd E,Ponte Vedra Beach,FL,32082,United States,(904) 789-7549,,,,Roofing contractor,,,,,,,,,,,,30.2403743,'-81.3906814,,,,
Powell Family Jacksonville Roof Repair,Atlantic Blvd 252a #252a,Jacksonville,FL,32225,United States,(904) 447-8713,https://jacksonvilleroofing.cc/,,,Roofing contractor,Roof Repair in Jacksonville (904) 447-8713 Call Us,,,,,,,,,,,30.323879,'-81.5415783,,,,
Preferred Builders Of North Florida,2332 Dunn Ave,Jacksonville,FL,32218,United States,(904) 751-0840,https://www.preferredbuildersjax.com/,skeefer@preferredgroup.biz,Unknown,"General contractor, Custom home builder, Home builder","Preferred Builders of North Florida, LLC has been successfully building new homes, commercial buildings, remodels, renovations and build-outs for over 40 years throughout all of Northeast Florida.",$2.1 M,9,,"15,153","23,236",,https://www.facebook.com/preferred.builders.nf,,,,30.4386332,'-81.6838646,,,,
Preferred Gutters,2332 Dunn Ave Suite 5,Jacksonville,FL,32218,United States,(904) 751-3381,https://www.preferredguttersjax.com/,,,Contractor,403: Access Forbidden,,,,,,,,,,,30.4385211,'-81.6834911,,,,
Preferred Roofing,2332 Dunn Ave Ste 2,Jacksonville,FL,32218,United States,(904) 751-0840,https://www.preferredroofingjax.com/,lucyfling@yahoo.com,,"Roofing contractor, Gutter service, Siding contractor","Preferred Roofing offers prompt, reliable service at affordable rates you can trust. Contact us today!",$3.3 M,9,,"15,152","23,236",,https://www.facebook.com/roofpreferred,https://www.preferredbuildersjax.com,https://www.instagram.com/preferred.roofing/%20,,30.4385211,'-81.6834911,Mark,Jones,President,mjones@preferredgroup.biz
Premier Roofing Jacksonville,3415 Kori Rd,Jacksonville,FL,32257,United States,(904) 867-3389,https://premierroofingguys.com/jacksonville-fl/,,,Roofing contractor,,,,,,,,,,,,30.2039314,'-81.6201498,,,,
"Premier Roofing Of Jacksonville, Llc",5393 Roosevelt Blvd Unit.18,Jacksonville,FL,32210,United States,(904) 800-4799,http://premierroofingjax.com/,info@premierroofingofjacksonville.com,Unknown,Roofing contractor,,,,,,,,https://www.facebook.com/projaxroofing,,https://www.instagram.com/jaxroofing,,30.2523515,'-81.6981564,,,,
Prestige Construction Systems Inc.,8431 New Kings Rd,Jacksonville,FL,32219,United States,(904) 765-4660,,,,Roofing contractor,,,,,,,,,,,,30.4047232,'-81.7413976,,,,
Prime Roofing,3500 Beachwood Ct Suite 207,Jacksonville,FL,32224,United States,(904) 530-1446,https://www.primeroofingfl.com/,team@primeroofingfl.com,,"Roofing contractor, Construction company","Our approach and practice as a roofing company breaks the ‘typical roofing contractor’ mold and we have earned a reputation with homeowners for delivering dependable and first-rate roofing service. Prime Roofing has been in business since 2010, successfully replacing thousands of roofs of all different shapes and sizes.",$3.2 M,33,2010,"17,176","23,238",https://www.linkedin.com/company/prime-roofing,https://www.facebook.com/PrimeRoofingFL,https://www.x.com/primeroofingfl,https://www.instagram.com/primeroofing,https://www.youtube.com/channel/UCABX5rh3OVkrRF9LzO20KdA,30.2857036,'-81.5179176,Andrew,Davis,"Manager, Operations",andrew@primeroofingfl.com
Priority Roofing,9050 Cypress Green Dr Ste 102,Jacksonville,FL,32256,United States,(904) 465-1845,https://priorityroofs.com/location/jacksonville/,office@priorityroofs.com,,Roofing contractor,"Welcome to Priority Roofing, your premier roofing company! With over 8 years of dedicated service, we’ve earned a reputation for excellence in the industry. As a family-owned business, we understand the importance of a sturdy roof for your home or business.",$390.8 M,307,2016,"17,176","23,238",https://www.linkedin.com/company/priority-contracting-and-roofing,https://www.facebook.com/PriorityContractingandRoofing,https://x.com/PriorityRoofs,https://www.instagram.com/priority_roofs,,30.2231919,'-81.5701726,John,Faue,Managing Partner (tyler),johnf@priorityroofs.com
Pro Roofer Jacksonville,476 Riverside Ave,Jacksonville,FL,32202,United States,,,,,Roofing contractor,,,,,,,,,,,,30.3207756,'-81.6749394,,,,
"Pro Styles Roofing, Inc.",1851 University Blvd S,Jacksonville,FL,32216,United States,(904) 231-9663,http://prostylesroofing.com/,quinton.smith@prostylesroofing.com,,Roofing contractor,,,,,,,,,,,,30.3099005,'-81.5995856,,,,
Professional Sunshine Roofing,3725 Spring Park Rd,Jacksonville,FL,32207,United States,(386) 218-4942,https://professionalsunshineroofing.com/,email@professionalsunshineroofing.com,Unknown,"Roofing contractor, Building restoration service, Repair service, Waterproofing service","Professional Sunshine Roofing provides comprehensive roofing solutions in Orange City, Florida, specializing in 24/7 emergency roof repair, new roof installation, and roof maintenance. The company employs experienced staff from the roofing and construction industries to deliver quality craftsmanship and reliable materials.",$14 M,80,2011,"17,176","23,238",https://www.linkedin.com/company/professionalsunshineroofinginc,https://www.facebook.com/professionalsunshineroofing,https://x.com/prosunroofing,https://www.instagram.com/professionalsunshineroofinginc,,30.2884288,'-81.6244705,Orlando,Hernandez,Vice President,orlando@professionalsunshineroofing.com
Proformance Builder Solutions,136 Ellis Rd N,Jacksonville,FL,32254,United States,(833) 467-7635,https://probld.com/,newconpm@probld.com,,Construction company,"ProFormance Builder Solutions is a leading provider of roofing, siding, house wrap, and soffit & fascia services for the nation’s highest volume home builders. Headquartered in Winter Garden, Florida, ProFormance touches tens of thousands of homes annually across Florida, Georgia, and the Carolinas.",,84,2016,,,https://www.linkedin.com/company/proformance-builder,https://www.facebook.com/probld,,https://www.instagram.com/proformance.builder,https://www.youtube.com/@ProFormanceBuilders,30.3278232,'-81.7442484,Stacey,Oakley,"Strategic Financial Leader | Driving Growth, Maximizing Roi, and Transforming Finances for Success",stacey.oakley@probld.com
Proside Exterior Of Florida,5151 Sunbeam Rd #17,Jacksonville,FL,32257,United States,(904) 237-5077,https://www.prosidefl.com/,james@prosidefl.com,,"Siding contractor, Window installation service","Proside Exterior of Florida specializes in home improvement services such as siding installation, roofing, window replacement, and other exterior enhancements. They are committed to delivering quality products and expert installation while ensuring customer satisfaction.",$1.2 M,5,2001,"17,176","23,238",,https://www.facebook.com/ProsideExterior,https://x.com/ProsideExterior,,,30.2066135,'-81.5808,Michal,Brantley,Vice President,mbrantley@prosidefl.com
Providential Roofing And Construction,4241 Baymeadows Rd,Jacksonville,FL,32217,United States,(904) 914-0924,https://providentialroofing.com/,fmannella@providentialroofing.com,,Roofing contractor,"When it comes to repairing and replacing roofing systems, no one does it better than the experts at Providential Roofing & Construction. Our local roofing company provides reliable roofing services to customers. With over two decades of experience inspecting, repairing and replacing roofs, you can trust us to handle all of your roofing needs.",$1.2 M,17,2020,"17,176","23,238",https://www.linkedin.com/company/providential-roofing-and-construction,https://www.facebook.com/providentialroofing,,,,30.2195196,'-81.6089017,Frederick,Mannella,,fmannella@providentialroofing.com
Pty Contractors Llc,2339 W Beaver St,Jacksonville,FL,32209,United States,(904) 318-7025,https://ptycontractors.com/contact-us,erica@ptycontractors.com,Unknown,Contractor,"PTY Contractors LLC is a roofing contractor located in Northeast Florida. We are SDVOSB, WOSB and DBE certified. specializing in roofing for residential, commercial, industrial and government projects. We also offer other services in the construction field such asconsulting with firms, painting, flooring, finish carpentry, drywall, cost estimates and much more.",<$5 M,<25,,"17,176","23,238",,,,,,30.3323704,'-81.7026519,,,,
Pure Maintenance Mold Remediation - Jacksonville,2210 Corporate Square Blvd #3,Jacksonville,FL,32216,United States,(904) 796-1960,https://www.removemoldjacksonville.com/,website@removemoldjacksonville.com,,"Water damage restoration service, Cleaning service, Environmental consultant, Sanitary inspection","Pure Maintenance Mold Remediation - Jacksonville specializes in comprehensive mold remediation and water damage restoration services for homeowners and businesses in the Jacksonville area. They utilize innovative dry fog technology to effectively eliminate mold and pathogens, ensuring a healthier living environment.",$751 K,6,,"17,179","56,562",https://www.linkedin.com/company/pure-maintenance-mold-remediation,https://www.facebook.com/mold.free.JAX,,https://www.instagram.com/nomoldflorida,,30.3058108,'-81.5616565,,,,
Puroclean Of Jacksonville Southbank,841 Prudential Dr,Jacksonville,FL,32207,United States,(904) 780-5506,https://www.puroclean.com/jacksonville-fl-puroclean-jacksonville-southbank,marketing@puroclean.com,,"Water damage restoration service, Fire damage restoration service","PuroClean, a leader in property damage emergency services, helps families and businesses overcome the devastating setbacks caused by water, fire, mold and other conditions resulting in property damage.

Our understanding and compassion during the recovery process has made us the provider of choice for insurance professionals and property owners throughout the United States and Canada.",$773.3 M,878,2001,"49,495","56,562",https://www.linkedin.com/company/puroclean-corporate-headquarters,https://www.facebook.com/puroclean,https://www.x.com/puroclean,https://www.instagram.com/puroclean,https://www.youtube.com/@Puroclean,30.317889,'-81.6628958,Lu,Moore,Marketer,lu.moore@puroclean.com
Quality Discount Roofing & Construction,3481 St Augustine Rd,Jacksonville,FL,32207,United States,(904) 396-5000,https://www.qdrusa.com/,sales@qdrusa.com,,"Roofing contractor, General contractor, Siding contractor, Window installation service","Quality Discount Roofing & Construction was founded in November 2010 by Jimmy Soderlund with a vision to provide quality roofing and construction services at low, discounted prices where the customer is always in focus. From our 5-star reviews and numerous awards and certifications, we are proud to say we have achieved this and positioned ourselves as one of the absolute best providers of exterior services for homes & businesses in Jacksonville, FL, and our extended neighborhood in Northeast Florida.",$4.1 M,7,2010,"17,176","23,238",https://www.linkedin.com/company/qdrusa,https://www.facebook.com/QualityDiscountRoofing,https://x.com/QDRJAX,https://www.instagram.com/qdrusa,https://www.youtube.com/channel/UCIsNFBT70WayYLrNfGsjohQ,30.2894576,'-81.6437127,Stephen,Knuth,,stephen@qdrusa.com
Quality Roofing Jacksonville,4224 St Johns Ave,Jacksonville,FL,32210,United States,(904) 795-8428,,,,Roofing contractor,,,,,,,,,,,,30.288257,'-81.7142773,,,,
Qxo,3333 N Canal St,Jacksonville,FL,32209,United States,(904) 503-9400,https://locations.qxo.com/FL/Jacksonville/Jacksonville-FL-32209/803,info@qxo.com,,"Building materials supplier, Roofing supply store","Headquartered in Greenwich, CT, we specialize in helping contractors, distributors, and suppliers streamline operations, improve efficiency, and grow their businesses with confidence. With deep roots in the building materials sector, we understand the fast-paced demands of commercial and residential roofing.",$9.8 B,"8,000",2002,"50,503","42,423",https://www.linkedin.com/company/qxoinc,https://www.facebook.com/QXOInc,https://x.com/QXOInc,https://www.instagram.com/qxoinc,http://www.youtube.com/@QXOInc.,30.3589567,'-81.696132,Mike,Stringfield,,mike@qxo.com
"R B Gay Construction Co., Inc.",2031 E 19th St,Jacksonville,FL,32206,United States,(904) 354-8201,,,,"Roofing contractor, General contractor, Home builder",,,,,,,,,,,,30.3567155,'-81.6276586,,,,
R&c Roofing And Contracting - Jacksonville,9310 Old Kings Rd S,Jacksonville,FL,32257,United States,(904) 328-6300,https://rcroofers.com/service-areas/jacksonville/,emailoffice@rcroofers.com,Unknown,"Roofing contractor, General contractor","R&C Roofing and Contracting is a leading roofing company based in Orlando, FL, specializing in residential roofing services including roof replacement, repair, and shingle roofing. They offer free inspections and are known for their commitment to quality and customer satisfaction, backed by decades of experience and numerous positive reviews.",$921 K,8,2001,"17,176","23,238",https://www.linkedin.com/company/rcroofingorlando,https://www.facebook.com/RC-Roofing-and-Contracting-114691113283230,,https://www.instagram.com/rcroofers,,30.2086983,'-81.5849938,Alexander,Kitcher,Company Owner,alexander@rcroofers.com
"Ramcon, Llc",221 N Hogan St,Jacksonville,FL,32202,United States,(877) 726-2661,https://www.ramconroofing.com/,sales@ramconroofing.com,,Roofing contractor,"RAMCON, founded in 2002 and headquartered in Tampa, Florida, is a full-service commercial, industrial, and institutional roofing contractor.",$159.1 M,250,2002,"17,176","23,238",https://www.linkedin.com/company/ramcon_2,https://www.facebook.com/pages/Ramcon-Roofing/523914087669239,https://x.com/RAMCON_Roofing,,,30.3287597,'-81.6598826,Ricky,Davis,"Director, Risk Management",rdavis@ramconroofing.com
Ramsey & Sons Roofing,2804 St Johns Bluff Rd S,Jacksonville,FL,32246,United States,(386) 342-4995,,,,"Roofing contractor, Building firm, Carpenter",,,,,,,,,,,,30.2952524,'-81.5267196,,,,
Rath Remodeling Llc,4928 Julington Creek Rd,Jacksonville,FL,32258,United States,(904) 382-0067,,,,General contractor,,,,,,,,,,,,30.1364471,'-81.578939,,,,
"Raven Roofing & Restoration, Llc",7979 Ramona Blvd W,Jacksonville,FL,32221,United States,(386) 385-4747,,,,"Roofing contractor, Skylight contractor",,,,,,,,,,,,30.3138562,'-81.7810948,,,,
Rc & Son's Handyman Services & Repair.,12376 Forest Bluff Ct,Jacksonville,FL,32225,United States,(904) 339-5630,,,,Handyman/Handywoman/Handyperson,,,,,,,,,,,,30.3284239,'-81.483848,,,,
"Ready Roofing, Llc",5105 Philips Hwy Suite 205,Jacksonville,FL,32207,United States,(904) 404-9849,https://readyroofingjax.com/,jimj@readyroofingjax.com,,Roofing contractor,Ready Roofing LLC are experts in residential and commercial roofing services. Call (904) 607-5283 today for more info.,$4.8 M,19,2012,"17,176","23,238",https://linkedin.com/company/ready-roofing-llc,https://facebook.com/readyroofingjacksonville,,https://instagram.com/ready.roofingllc,,30.2712592,'-81.6202665,Bruce,Patton,Commercial Roofing Estimator,bruce@readyroofingjax.com
Recovery Roofing Inc,441 Lane Ave N,Jacksonville,FL,32254,United States,(904) 518-3558,https://www.recoveryroofinginc.com/,mlewis@recoveryroofinginc.com,,Roofing contractor,"Headquartered in Jacksonville, FL we aim to serve all of our customers needs throughout the Southeast. The company was established in 2019 and in doing so combined a Leadership team with over 30 years experience in the construction industry. The vision set forth by Recovery Roofing is one that provides a tradition of both quality and professionalism.",$1.4 M,8,2019,"17,176","23,238",https://www.linkedin.com/in/recovery-roofing-92b29a33a,https://www.facebook.com/dgibbs19,,https://www.instagram.com/recoveryroofinginc,,30.3290334,'-81.7514972,Matt,Lewis,,mlewis@recoveryroofinginc.com
Red Fox Roofers,576 St Johns Bluff Rd N Ste 301,Jacksonville,FL,32225,United States,(904) 906-4087,https://redfoxroofers.com/,website@redfoxroofers.com,,"Roofing contractor, Chimney services","In 2023, Justin Alley and Camilo Calle founded Red Fox Roofers with a clear mission: to provide homeowners and businesses with an honest, reliable, and transparent resource for protecting their properties. From day one, we have focused on doing the small things right, building a reputation for consistent, high-quality work that stands the test of time.",,3,2023,,,,,,https://www.instagram.com/redfoxroofers,,30.3315574,'-81.5240092,Justin,Alley,Owner,alleyjustin@redfoxroofers.com
Red Stag Contracting,3720 Kori Rd,Jacksonville,FL,32257,United States,(904) 880-4681,https://www.redstagcontracting.com/,andy@redstagcontracting.com,,"Roofing contractor, General contractor, Tile contractor","Red Stag Roofing, based in Jacksonville, Florida, specializes in residential and commercial roofing solutions, offering services such as roof replacements, storm damage repairs, and new roof installations. With over 20 years of experience and a commitment to high-quality workmanship, the company positions itself as a dependable roofing expert in Northeast Florida.",$3.9 M,15,2006,"17,176","23,238",,https://www.facebook.com/RedStagContracting,https://x.com/redstagcontract,https://www.instagram.com/redstagcontractingjax,,30.200348,'-81.6181198,Stephanie,Hassan,"Vice President, Bookkeeper",stephanie@redstagcontracting.com
Reese's Roofing,6064 Cranberry Ln E,Jacksonville,FL,32244,United States,(904) 772-7663,http://www.reesesroofing.com/,,,Roofing contractor,"Reeses Roofing Inc., serving the Jacksonville area and surrounding communities. We have been in business since 1999, with over 25 years of experience. Licensed, Insured, Bonded. Local Family Owned Business. Roof Falling to Pieces? Call Reeses (904)",,,,,,,,,,,30.2382583,'-81.7739133,,,,
Register Roofing,4632 Subchaser Ct,Jacksonville,FL,32244,United States,(904) 215-8533,https://www.registerroofing.com/,accountspayable@registerroofing.com,,"Roofing contractor, Sheet metal contractor","Register Roofing has been serving the Southeast since 1980, specializing in high-quality commercial roofing solutions, including new construction, maintenance, and repairs. The company emphasizes safety, transparency, and customer experience, aiming to be a reliable partner for building managers, property owners, and general contractors.",$23.9 M,90,1980,"17,176","23,238",https://www.linkedin.com/company/registerroofing,https://www.facebook.com/RegisterRoofing,https://x.com/registerroof,https://www.instagram.com/registerroofing,,30.2237165,'-81.7047089,Mike,F,,mike@registerroofing.com
Rellim Contracting,12574 Flagler Center Blvd Suite 135,Jacksonville,FL,32258,United States,(904) 613-4833,https://rellimcontracting.com/,assignments@rellimcontracting.com,,Roofing contractor,"Rellim Contracting LLC is a professional roofing contractor based in Mobile, Alabama, offering services including roof installation, repair, and water damage restoration. They cater to both residential and commercial clients, providing solutions for roofing needs as well as mold remediation and home restoration.",$886 K,4,2014,"17,176","23,238",https://www.linkedin.com/company/rellim-enterprises-llc,https://www.facebook.com/rellimcontractingllc,https://x.com/Rellim_Roof,https://www.instagram.com/rellimcontracting,,30.1403165,'-81.519912,Sky,Lebatard,,slebatard@rellimcontracting.com
Renuity Home Improvement Of Jacksonville,13291 Vantage Way Suite 105,Jacksonville,FL,32218,United States,(904) 914-9331,https://renuityhome.com/florida/jacksonville-fl/,website@renuityhome.com,,"Roofing contractor, General contractor, Kitchen remodeler, Remodeler, Window installation service","With Renuity’s certified local home improvement providers throughout the U.S., we combine the best of renovation expertise, local know-how, and collaborative project management services to ensure you have peace of mind along the way and at the finish line.",$1.7 B,1478,2019,"15,152","23,236",https://www.linkedin.com/company/renuityhome,https://www.facebook.com/RenuityHomeLLC,https://www.x.com/renuityhome,https://www.instagram.com/renuityhome,https://www.youtube.com/@RenuityHome-qi1te,30.4764936,'-81.6540179,Kendall,Aycock,"Director, It Infrastructure",kaycock@renuityhome.com
Rescue Roofing & Construction Llc,2721 Leon Rd,Jacksonville,FL,32246,United States,(904) 680-2213,https://rescueroofs911.com/,rescueroof911@gmail.com,,"Roofing contractor, Water damage restoration service",Rescue Roofing & Construction provides residential & commercial roofing services. Get a free estimate today!,,,,,,,,,,,30.2966959,'-81.535738,,,,
Restoration Rangers,576 St Johns Bluff Rd N Bldg 200,Jacksonville,FL,32225,United States,(904) 448-1030,https://restorationrangers.com/,info@restorationrangers.com,Unknown,"Water damage restoration service, Debris removal service, Demolition contractor, Fire damage restoration service, Remodeler","YOUR TURNKEY
SOLUTION FOR WATER,
FIRE, & MOLD DAMAGE
We’re with you from the moment disaster strikes, until your home or business is safely restored. We’re here to help you during your most vulnerable times. Call our experienced professionals today so that you can reduce disruption to your life or business.",,5,2009,,,,https://www.facebook.com/RestorationRangersFL,,https://www.instagram.com/restoration_rangers,,30.3316315,'-81.5245984,,,,
Rhino Roofing & Construction,9625 Hood Rd,Jacksonville,FL,32256,United States,(904) 580-6484,http://rhinornc.com/,rhinoroofjax2021@gmail.com,Unknown,Roofing contractor,"Rhino Roofing and Construction is a Jacksonville-based construction company specializing in roofing services, including full roof replacements, repairs, and new roof installations. They cater to both residential and commercial clients, ensuring satisfaction through professional service and quality workmanship.",$1.1 M,6,2017,"17,176","23,238",,https://www.facebook.com/rhino-roofing-construction-634308080239474,,,,30.2033577,'-81.5828268,,,,
Richard & Sons Roof Repair,234 River Hills Dr 3 Unit 3,Jacksonville,FL,32216,United States,(904) 621-1163,https://richardandsonsroofrepair.cc/,,,Roofing contractor,Roof Repair in Jacksonville (904) 621-1163 Call Us,,,,,,,,,,,30.311386,'-81.5975937,,,,
Riley Brothers Roofing,6900 Morse Ave,Jacksonville,FL,32244,United States,(386) 342-4926,,,,"Roofing contractor, Building firm, Carpenter",,,,,,,,,,,,30.224245,'-81.7571509,,,,
Rising Tide Builders,1230 Morning Dove Ct,Jacksonville,FL,32259,United States,(904) 469-0888,https://www.risingtidebuilders.com/,robert@risingtidebuilders.com,,"Roofing contractor, Bathroom remodeler, Contractor, Kitchen remodeler, General contractor, Siding contractor","Rising Tide Builders is dedicated to transforming your visions into reality. Based in the heart of Jacksonville, Florida, our team is committed to delivering top-notch construction services, exceptional roofing solutions, seamless gutter installations, and superior siding services.",,1,2022,,,https://www.linkedin.com/company/rising-tide-roofing-and-construction,,,https://instagram.com/risingtidebuilders,,30.0978614,'-81.6250522,,,,
River City Roofing Corporation,5018 Spring Park Rd,Jacksonville,FL,32207,United States,(904) 766-3464,https://rivercityroofingcorp.com/,sales@rivercityroofingcorp.com,,Roofing contractor,"River City Roofing Corporation is a trusted local roofing contractor in Jacksonville, FL, specializing in roofing installation, chimney services, and roof repairs. They cater to both residential and commercial clients, offering customized services with a focus on quality workmanship and customer satisfaction.",$1.1 M,20,,"17,176","23,238",https://www.linkedin.com/company/river-city-roofing,,,,,30.2711374,'-81.6122707,Chad,Bell,Owner,chad@rivercityroofingcorp.com
River Ridge Roofing,2907 Spring Glen Rd,Jacksonville,FL,32207,United States,(904) 420-1282,https://riverridgefl.com/,info@riverridgefl.com,Service busy,Roofing contractor,"At River Ridge Roofing, we believe a roof isnt just protection from the elements - its the first line of defense for the life lived underneath. Born and raised in Jacksonville, FL, we take pride in serving the same neighborhoods we call home. Were",,,,,,,,,,,30.2960046,'-81.6093727,,,,
River Roofing Llc,5014 Brierwood Ct,Jacksonville,FL,32217,United States,(904) 601-0307,https://riverroofingllc.com/,riverroofing904@gmail.com,,Roofing contractor,River Roofing is a local Jacksonville company dedicated to providing home and business owners with roofing and contracting solutions. Call today!,,,,,,,,,,https://www.youtube.com/embed/qyx4p6OYuD0,30.2277849,'-81.5969439,,,,
Rivers Construction Inc,7855 Argyle Forest Blvd Ste 703,Jacksonville,FL,32244,United States,(904) 779-2300,,,,General contractor,,,,,,,,,,,,30.1959355,'-81.7802516,,,,
Rmx Construction,10752 Deerwood Park Blvd #100,Jacksonville,FL,32256,United States,(855) 769-6262,,,,Roofing contractor,,,,,,,,,,,,30.247003,'-81.531096,,,,
Roma Jax Construction Llc,12220 Atlantic Blvd Ste130 /1253,Jacksonville,FL,32225,United States,(904) 844-5903,https://www.romajaxconstruction.com/,,,Contractor,,,,,,,,,,,,30.3175855,'-81.4875152,,,,
Romano Brothers Roofing,400 Levy Rd,Atlantic Beach,FL,32233,United States,(904) 246-5649,https://www.romanobrothersroofing.com/,customerservice@romanobrothersroofing.com,,Roofing contractor,Romano Brothers Roofing provides roofing services in the Jacksonville and North Florida areas.,$7.1 M,4,2008,"15,152","23,236",https://www.linkedin.com/company/romano-brothers-roofing-inc,,,,,30.3354752,'-81.4202861,,,,
"Ron Russell Roofing, Inc",2618 University Blvd W,Jacksonville,FL,32217,United States,(904) 714-1907,https://www.ronrussellroofing.com/,ronrussellroofing@gmail.com,Unknown,"Roofing contractor, Contractor","Ron Russell Roofing, Inc. has over 30 years of experience in the roofing industry, so you can feel confident we are one of the best roofing companies in the area! We even have an A+ rating with the BBB. Our company services the northeast Florida region, which includes Duval, Clay and St.",<$5 M,<25,,"17,176","23,238",,https://facebook.com/ronrussellroofing,,https://instagram.com/ronrussellroofing,,30.2606659,'-81.632129,,,,
Roof Control Services,6900 Philips Hwy Suite 042,Jacksonville,FL,32216,United States,(904) 527-8052,https://www.roofcontrol.com/,hiring@roofcontrol.com,,Roofing contractor,"Roof Control Services (RCS) is a national contractor specializing in commercial roofing, waterproofing, sheet metal, and building envelope services. They offer a comprehensive and customizable asset management and maintenance program aimed at maximizing roof performance and ensuring warranty compliance.",$10.9 M,36,2000,"17,176","23,238",https://www.linkedin.com/company/roof-control-services-inc.,https://www.facebook.com/roofcontrolservices,,,,30.2468307,'-81.6039446,James,Byram,Regional Vp,jbyram@roofcontrol.com
"Roof It Right, Llc",344 Milwaukee Ave,Orange Park,FL,32073,United States,(970) 986-8877,https://roofitrightfl.com/,thite@roofitrightfl.com,,Roofing contractor,"Roof It Right, LLC of Orange Park, Florida serves the companys surrounding area with quality roofing installations that are second-to-none. The companys employees truly care about your roofing issues, and will treat your property as if it were their own.",$4.5 M,15,2009,"17,176","23,238",,https://www.facebook.com/RoofitRightFL,,,,30.1626118,'-81.7021262,Brian,Cameron,Vice President,brian@roofitrightfl.com
"Roof Life Jax, Llc",9697 Bayou Bluff Dr,Jacksonville,FL,32257,United States,(904) 292-2669,https://rooflifejax.com/,customerservice@rooflifejax.com,Unknown,Pressure washing service,"Roof Life - Serving the Greater Jacksonville area for more than 25 yrs. Complete Roof Protection & Exterior Home Cleaning Services. An environmentally safe, low pressure way to remove fungus & algae stains from your roof and home",,,,,,,,,,,30.2012603,'-81.6087282,,,,
"Roof Maxx Of Jacksonville, Fl",151 Levy Rd Suite 1,Atlantic Beach,FL,32233,United States,(904) 618-3604,https://roofmaxx.com/find-a-dealer/florida/jacksonville/,techsupport@roofmaxx.com,,Roofing contractor,"Roof Maxx Technologies, LLC, is the provider of Roof Maxx, a scientifically formulated, and 100% safe, plant-based roof rejuvenating spray treatment that was developed by Battelle Labs, the worlds largest private research and development company. Roof Maxx is based in Westerville, Ohio.",$18.8 M,40,2017,"28,286","32,325",https://www.linkedin.com/company/roof-maxx,https://www.facebook.com/RoofMaxx,https://mailto:info@roofmaxx.com,https://www.instagram.com/roofmaxx,https://www.youtube.com/@RoofMaxx,30.3359112,'-81.4179568,Daniela,Ochoa,Manager,dochoa@roofmaxx.com
Roof Now Jax Llc,1080 Barbara Ave,Jacksonville,FL,32207,United States,(904) 396-6748,,,,Roofing supply store,,,,,,,,,,,,30.3092473,'-81.6456733,,,,
Roof Point Supply,530 Ellis Rd S,Jacksonville,FL,32254,United States,(904) 472-5021,https://roofpointsupply.com/,,,Roofing supply store,"Roof Point Supply in Jacksonville offers quality roofing products for every budget. Discover durable, reliable materials for your roofing needs. Visit us today!",,,,,,,https://facebook.com/RoofPointSupply,,,,30.3180921,'-81.7447724,,,,
Roof Repairs Jacksonville By Apexroof,3035 Powers Ave #62,Jacksonville,FL,32207,United States,(904) 621-6006,,,,Roofing contractor,,,,,,,,,,,,30.2678488,'-81.6251286,,,,
Roof Riders,2190 St Johns Bluff Rd S,Jacksonville,FL,32246,United States,(904) 510-8246,https://roofriders.com/,,,Roofing contractor,Florida Residential Roofing Done Right Need a new roof or repair in Florida? Roof Riders offers expert residential roofing with […],,,,,,,,,,,30.311112,'-81.5262691,,,,
"Roof Riders, Llc",2190 St Johns Bluff Rd S #2,Jacksonville,FL,32246,United States,,https://goldstarroofingsolutions.com/,,,Roofing supply store,gold star roofing solutions,,,,,,,,,,,30.3110631,'-81.526162,,,,
Roof Tarp Now,13475 Atlantic Blvd Unit 8-876,Jacksonville,FL,32225,United States,(904) 650-6010,https://rtnjax.com/,pavel@rtnjax.com,,Roofing contractor,Roof Tarp Now Inc is a local provider of all emergency tarp services to prevent water from entering into the property.,,1,2021,,,,https://www.facebook.com/squarespace,https://rtnjax.com/emergency-tarp-services-in-port-charlotte,https://www.instagram.com/squarespace,,30.3222754,'-81.4525321,Pavel,Morozov,,pavel@rtnjax.com
Roof Wiser,2265 St Johns Bluff Rd S,Jacksonville,FL,32246,United States,(904) 853-1188,http://www.roofwiser.com/,info@roofwiser.com,,Roofing contractor,DNS resolution error | roofwiser.com | Cloudflare,,,,,,,,,,,30.3089171,'-81.5252134,,,,
Roofclaim,4217 Baymeadows Rd Suite 3-4,Jacksonville,FL,32217,United States,(904) 638-9249,https://roofclaim.com/in/florida/jacksonville-fl/,media@roofclaim.com,,Roofing contractor,"RoofClaim is a national roofing company specializing in roof inspections, repairs, and replacements, all backed by a Million Dollar Guarantee. They provide 24/7 emergency roofing services and focus on residential clients looking for reliable roofing solutions.",$15.8 M,120,2004,"17,176","23,238",https://www.linkedin.com/company/roofclaim-com,https://www.facebook.com/RoofClaimUS,,https://www.instagram.com/roofclaimus,https://www.youtube.com/@RoofClaimUS,30.2192847,'-81.6098566,Adrian,Bustamante,"Vice President, Sales Southeast Region",abustamante@roofclaim.com
"Roofing El Milagro Diaz, Inc",Sea Anchor Ln,Jacksonville,FL,32250,United States,,https://roofingservicesusa.site/,,,Roofing contractor,"Your Trusted Roofing Partner in New York Experience superior roofing solutions tailored for both residential and commercial properties, backed by skilled",,,,,,,,,,,30.2990256,'-81.4534643,,,,
Roofing Labor Pros Team Llc,5808 Connie Jean Rd,Jacksonville,FL,32222,United States,(866) 221-3654,,,,Roofing contractor,,,,,,,,,,,,30.2404895,'-81.8241433,,,,
Roofing Pros Usa,4239 Sunbeam Rd,Jacksonville,FL,32257,United States,(904) 621-7333,https://roofingprosusa.com/,info@roofingprosusa.com,Unknown,Roofing contractor,"At Roofing Pros USA we offer a complete range of reroofing, repair and construction services. We are fully able to handle your roofing job no matter the size. Commercial, residential, and all other types of general roofing, Roofing Pros USA does it all.",$4.2 M,61,2019,"17,176","23,238",https://www.linkedin.com/company/roofing-pros-usa,https://www.facebook.com/RPUSAOcala,,https://www.instagram.com/roofingprosusa_ocala,,30.2062386,'-81.6052696,Abigail,Brewer,Chief Operating Officer,abrewer@roofingprosusa.com
Roofing Pros Usa,4720 Salisbury Rd,Jacksonville,FL,32256,United States,(904) 217-6179,https://roofingprosusa-fl.com/location/roofing-contractor-jacksonville-fl/,,,Roofing contractor,"Floridas trusted roofing contractors for shingle, metal, tile & storm damage repairs. Licensed, insured & serving all of FL. Free inspection!",,,,,,,,,,,30.2453142,'-81.5890755,,,,
Roofing Services,6015 E Morrow St,Jacksonville,FL,32217,United States,(904) 327-0291,,,,Roofing contractor,,,,,,,,,,,,30.2607695,'-81.6232235,,,,
Roofreach Llc,484 11th Ave S,Jacksonville Beach,FL,32250,United States,,,,,Roofing supply store,,,,,,,,,,,,30.2773765,'-81.3914352,,,,
Rooftec Systems,2023 New Berlin Rd,Jacksonville,FL,32218,United States,(904) 626-7938,http://www.rooftec.com/,contactus@rooftec.com,,Roofing contractor,"Commercial Roofing Contractor in NE Florida (since 1989) specializing in single ply roofing, repairs, metal roofing including standing seam and metal shingles, roof coatings, waterproofing and repairs to commercial and industrial roofs. 
certified with JM, Firestone, Genflex, IB Roof Systems, Duro Last, Mule Hide, GS Certainteed, Lucas Coatings, Henry, Karnak, Sealoflex, Hydrostop, Topps, ERS, Vulkem and American Weatherstar
Metal certifications include: Berridge, MBCI, MacElroy, Metal Sales, Southeastern, Millennium Metals, Petersen Aluminum,
Firestone Uniclad, Morin, 
Other capabilities include: Automated sheet metal shop, Berridge C and T panel rollforming.",$6.5 M,5,1989,"17,176","23,238",https://www.linkedin.com/company/rooftec-systems-inc,,,,,30.4681261,'-81.5974388,Robert,Baker,"Manager, Field Operations",robert.baker@rooftec.com
Roomdate Llc,9512 Arbor Oak Ln,Jacksonville,FL,32208,United States,,https://1bestroofingsupplystore.us/,,,Roofing supply store,"Expert roofing services and supplies in Orlando, FL. Roof installation, repair, inspection, and gutter services. Located at 595 W Church St. Free estimates available.",,,,,,,,,,,30.4110949,'-81.7017915,,,,
Root & Reverie Llc,3135 Falconer Dr,Jacksonville,FL,32223,United States,,,,,Roofing contractor,,,,,,,,,,,,30.1672352,'-81.6281486,,,,
Rooted And Rising Designs Llc,476 Riverside Ave Ste 4,Jacksonville,FL,32202,United States,(628) 300-3063,,,,Roofing contractor,,,,,,,,,,,,30.3207756,'-81.6749394,,,,
"Rooted For Purpose, Inc.",3128 Hearthstone Ln,Orange Park,FL,32065,United States,,https://1bestroofingsupplystore.us/,,,Roofing supply store,"Expert roofing services and supplies in Orlando, FL. Roof installation, repair, inspection, and gutter services. Located at 595 W Church St. Free estimates available.",,,,,,,,,,,30.18577,'-81.8177897,,,,
"Rooted Ventures, Llc",12091 Kevin Allen Ln,Jacksonville,FL,32219,United States,,,,,Roofing contractor,,,,,,,,,,,,30.382253,'-81.8458557,,,,
Royal Construction,6950 Philips Hwy Suite 08,Jacksonville,FL,32216,United States,(904) 410-5094,https://www.royalconstructionjax.com/,kevin@royalconstructionjax.com,Service busy,"General contractor, HVAC contractor, Remodeler",Royal Construction is a professional painting contractor that offers quality interior and exterior painting services. We specialize in both residential and commercial properties. We provide quality painting services for residents and business owners throughout the greater Jacksonville area.,$1.1 M,5,,"15,152","23,236",,https://www.facebook.com/royal-construction-316294471741302,https://mailto:estimating@royalconstructionjax.com,,,30.246168,'-81.6031926,,,,
"Rps Metal Roofing & Siding, Inc.",5914 Norwood Ave,Jacksonville,FL,32208,United States,(386) 467-9277,https://www.rpsmetalroofing.com/,togethersales@rpsmetalroofing.com,Unknown,Roofing supply store,"RPS Metal Roofing & Siding is a manufacturer and distributor of metal roofs located in Welaka, Florida.
Our company has state-of-the-art manufacturing equipment resulting in fine quality metal roofs for commercial, residential, and agricultural use. Founded in 2001, RPS Metal Roofing & Siding manufactures a variety of sizes and offers an array of colors for the best possible roofing.",<$5 M,3,2001,"17,176","23,238",,https://www.facebook.com/rpsmetalroofing,,,https://www.youtube.com/watch,30.374521,'-81.6664721,Chris,Castagna,Operations Manager,ccastagna@rpsmetalroofing.com
"Rq Construction, Llc",12740 Gran Bay Pkwy Suite 140,Jacksonville,FL,32258,United States,,https://www.rqconstruction.com/,info@rqconstruction.com,Unknown,General contractor,"Founded in 1996, RQ Construction, Inc. is a privately held commercial and governmental full-service design-build firm. RQ is headquartered in Carlsbad, CA.",$46 M,170,1996,"17,179","23,236",https://www.linkedin.com/company/rq-construction,https://www.facebook.com/rqbuilds,https://x.com/rqconstruction,,,30.1387904,'-81.5314467,Brandon,Eckert,Project Engineer,beckert@rqconstruction.com
Russi Construction & Home Improvements,,Jacksonville,FL,32257,United States,(904) 382-1297,https://russiconstruction.com/,russiconstructions@gmail.com,Unknown,Handyman/Handywoman/Handyperson,russi construction and home improvements,,,,,,,,,https://www.google.com/url,,30.2018746,'-81.614468,,,,
Samira Construction Llc,5291 Collins Rd,Jacksonville,FL,32244,United States,(301) 266-7628,https://www.samiraconstruction.com/,samira.construction.llc@gmail.com,Service busy,"Construction company, Concrete contractor, Remodeler","Samira Construction, LLC specializes in construction and remodeling services in Washington D.C., Maryland, and Northern Virginia. With over 20 years of experience, they offer a variety of services including kitchen renovations, attic renovations, and improvements to driveways, stairs, and patios.",$4.6 M,16,2018,,,,https://www.facebook.com/samiraconstructionllc,,https://www.instagram.com/samira_construction_llc,,30.1968706,'-81.7181298,,,,
Savior Homes,959 North St,Jacksonville,FL,32211,United States,(904) 463-4637,https://www.saviorhomesinc.com/contact.html,kevin@teamsavior.net,Unknown,Contractor,"Savior Homes is a full-service residential construction company based in Jacksonville, Florida, established in 2006. They specialize in remodeling, roofing, painting, HVAC, plumbing, and new construction services, dedicated to providing quality craftsmanship and transparent communication.",$3.2 M,10,2006,,,,https://www.facebook.com/savior-homes-903298903100961,,,,30.3295976,'-81.5942132,,,,
Schultz Roofing Co Inc,216 20th St N,Jacksonville Beach,FL,32250,United States,(904) 246-2315,http://www.schultzroofingco.com/contact_us.php,schroof2315@yahoo.com,Unknown,Roofing contractor,"Schultz Roofing Co. specializes in Residential Roofing Services such as New Roof Installation, Repairs, Cleanings, and Coatings in Jacksonville, FL and surrounding counties Since 1958. 904-246-2315",,,,,,,https://www.facebook.com/SchultzRoof,,https://www.instagram.com/schultzroofingco,,30.2891573,'-81.4130403,,,,
Sea Glass Construction And Roofing,5875 Mining Terrace Ste 104,Jacksonville,FL,32257,United States,(904) 274-1414,https://www.seaglassjax.com/,bram@seaglassjax.com,Unknown,"Roofing contractor, Construction company, Contractor, Gutter cleaning service, Gutter service, Remodeler, Siding contractor, Window installation service","Sea Glass Construction and Roofing is locally owned and operated by Bram Scharf. We offer a wide range of construction and roofing repair services in and near Jacksonville, FL.
We’re ready to handle residential projects, and we offer hassle-free service on every job.",$2.2 M,64,2017,,,https://www.linkedin.com/company/seaglassjax,https://www.facebook.com/sgjax,https://mailto:bram@seaglassjax.com,https://www.instagram.com/seaglassjax,,30.1855652,'-81.5643031,Bram,Scharf,Ceo,bram@seaglassjax.com
Seaside Gutter Service Llc,7531 Walden Rd,Jacksonville,FL,32244,United States,(904) 728-2045,https://seasidegutterservi.wixsite.com/seaside-gutter,,,Gutter service,,,,,,,,,,,,30.2053858,'-81.7892422,,,,
"Sec Roofing & Construction Group, Llc",12724 Gran Bay Pkwy W Suite 410,Jacksonville,FL,32258,United States,(904) 230-9175,https://www.secconstructiongroup.com/,info@the-sec.com,Unknown,"Roofing contractor, Repair service, Skylight contractor","SEC Roofing & Construction Group is a professional roofing company based in Jacksonville, FL, dedicated to providing residential and commercial roofing services such as roof repairs, storm damage restoration, and roof replacements. They pride themselves on upholding strong ethical values, prioritizing client education over sales tactics, and offering a 100% satisfaction guarantee.",$743 K,26,2019,"17,176","23,238",https://www.linkedin.com/company/sec-construction-group,,https://x.com/SecRoofing,https://www.instagram.com/sec_roofing_construction,,30.1395695,'-81.5319168,,,,
Sergeant Seamless,5876 Old Timuquana Rd,Jacksonville,FL,32210,United States,(904) 734-6304,https://www.sergeantseamless.com/,contact@sergeantseamless.com,Unknown,"Gutter cleaning service, Gutter service",Seamless Gutters. Superior Protection. Military Precision. 10% OFF Seamless Gutter Installation Limited Time Offer - Call or Click for Details Veteran-Owned | Precision Installation | Maintenance-Free ProtectionProtect Your Home from Water Damage wit,,,,,,,,,https://www.instagram.com/sergeantseamless,https://www.youtube.com/channel/UCk6H1FLOAwwFwHeHaYR73_g,30.2466232,'-81.7356956,,,,
Servpro Of Arlington / Jacksonville East,11215 St Johns Industrial Pkwy S # 3,Jacksonville,FL,32246,United States,(904) 721-2230,https://www.servpro.com/locations/fl/servpro-of-arlington-jacksonville-east,contactus@servpro.com,,"Roofing contractor, Air duct cleaning service, Building restoration service, Carpet cleaning service, Cleaners, Crime victim service, Debris removal service, Fire damage restoration service, Water damage restoration service, Waste management service",Fire and Water-Cleanup and Restoration,$813 K,6,,"58,581","81,811",https://www.linkedin.com/company/servpro-industries,https://www.facebook.com/SERVPRO,https://x.com/servpro,,https://www.youtube.com/user/SERVPROCorporate,30.2791716,'-81.5292635,Trevor,Adcock,"Manager, Corporate Systems",tadcock@servpro.com
Servpro Of Fernandina Beach/jacksonville Northeast,10569 Lem Turner Rd,Jacksonville,FL,32218,United States,(904) 878-9055,https://www.servpro.com/locations/fl/servpro-of-fernandina-beach-jacksonville-northeast,contactus@servpro.com,,"Roofing contractor, Air duct cleaning service, Building restoration service, Carpet cleaning service, Cleaners, Crime victim service, Debris removal service, Fire damage restoration service, Water damage restoration service, Waste management service",Fire and Water-Cleanup and Restoration,$813 K,6,,"58,581","81,811",https://www.linkedin.com/company/servpro-industries,https://www.facebook.com/SERVPRO,https://x.com/servpro,,https://www.youtube.com/user/SERVPROCorporate,30.427738,'-81.6940174,,,,
Servpro Of Jacksonville Beach/ponte Vedra,446 3rd St #10,Neptune Beach,FL,32266,United States,(904) 701-2228,https://www.servpro.com/locations/fl/servpro-of-jacksonville-beach-ponte-vedra,contactus@servpro.com,,"Roofing contractor, Air duct cleaning service, Building restoration service, Carpet cleaning service, Cleaners, Crime victim service, Debris removal service, Fire damage restoration service, Water damage restoration service, Waste management service",Fire and Water-Cleanup and Restoration,$813 K,6,,"58,581","81,811",https://www.linkedin.com/company/servpro-industries,https://www.facebook.com/SERVPRO,https://x.com/servpro,,https://www.youtube.com/user/SERVPROCorporate,30.321055,'-81.398376,,,,
Servpro Of Jacksonville Northwest,3068 Lane Ave N,Jacksonville,FL,32254,United States,(904) 878-9050,https://www.servpro.com/locations/fl/servpro-of-jacksonville-northwest,contactus@servpro.com,,"Roofing contractor, Air duct cleaning service, Building restoration service, Carpet cleaning service, Cleaners, Crime victim service, Debris removal service, Fire damage restoration service, Water damage restoration service, Waste management service",Fire and Water-Cleanup and Restoration,$813 K,6,,"58,581","81,811",https://www.linkedin.com/company/servpro-industries,https://www.facebook.com/SERVPRO,https://x.com/servpro,,https://www.youtube.com/user/SERVPROCorporate,30.360201,'-81.7502141,,,,
Servpro Of Jacksonville South,1716 Harper St,Jacksonville,FL,32204,United States,(904) 878-9035,https://www.servpro.com/locations/fl/servpro-of-jacksonville-south,contactus@servpro.com,,"Roofing contractor, Air duct cleaning service, Building restoration service, Carpet cleaning service, Cleaners, Crime victim service, Debris removal service, Fire damage restoration service, Water damage restoration service, Waste management service",Fire and Water-Cleanup and Restoration,$813 K,6,,"58,581","81,811",https://www.linkedin.com/company/servpro-industries,https://www.facebook.com/SERVPRO,https://x.com/servpro,,https://www.youtube.com/user/SERVPROCorporate,30.32773,'-81.67938,,,,
Servpro Of Jacksonville Westside,750 Cassat Ave,Jacksonville,FL,32205,United States,(904) 779-3990,https://www.servpro.com/locations/fl/servpro-of-jacksonville-westside,contactus@servpro.com,,"Roofing contractor, Air duct cleaning service, Building restoration service, Carpet cleaning service, Cleaners, Crime victim service, Debris removal service, Fire damage restoration service, Water damage restoration service, Waste management service",Fire and Water-Cleanup and Restoration,$813 K,6,,"58,581","81,811",https://www.linkedin.com/company/servpro-industries,https://www.facebook.com/SERVPRO,https://x.com/servpro,,https://www.youtube.com/user/SERVPROCorporate,30.3139119,'-81.7316093,,,,
Servpro Of Mandarin,2205 St Johns Bluff Rd S,Jacksonville,FL,32246,United States,(904) 878-9057,https://www.servpro.com/locations/fl/servpro-of-mandarin,contactus@servpro.com,,"Roofing contractor, Air duct cleaning service, Building restoration service, Carpet cleaning service, Cleaners, Crime victim service, Debris removal service, Fire damage restoration service, Water damage restoration service, Waste management service",Fire and Water-Cleanup and Restoration,$813 K,6,,"58,581","81,811",https://www.linkedin.com/company/servpro-industries,https://www.facebook.com/SERVPRO,https://x.com/servpro,,https://www.youtube.com/user/SERVPROCorporate,30.3105419,'-81.524727,,,,
Servpro Of Orange Park,115 Industrial Loop,Orange Park,FL,32073,United States,(904) 269-9282,https://www.servpro.com/locations/fl/servpro-of-orange-park,contactus@servpro.com,,"Roofing contractor, Air duct cleaning service, Building restoration service, Carpet cleaning service, Cleaners, Crime victim service, Debris removal service, Fire damage restoration service, Water damage restoration service, Waste management service",Fire and Water-Cleanup and Restoration,$813 K,6,,"58,581","81,811",https://www.linkedin.com/company/servpro-industries,https://www.facebook.com/SERVPRO,https://x.com/servpro,,https://www.youtube.com/user/SERVPROCorporate,30.180625,'-81.719103,,,,
Sharkfin Roofing Inc,8802 Corporate Square Ct Suite 305,Jacksonville,FL,32216,United States,(800) 240-7734,https://sharkfin-roofing.com/,,,Roofing contractor,This app isnt live yet,,,,,,,,,,,30.305564,'-81.5642912,,,,
Sharkprowash,1270 Arbor Cir,Orange Park,FL,32073,United States,(904) 807-9955,https://sharkprow.com/,sharkprowash@gmail.com,Unknown,"Pressure washing service, Gutter cleaning service, Janitorial service, Window cleaning service","SharkProWash is a locally-owned small pressure washing business. We offer a range of services that we specialize in, including pressure washing, roof washing, house washing, window cleaning, and more!",$1.9 M,2,2020,"73,734","56,561",https://www.linkedin.com/company/sharkprowash,https://www.facebook.com/sharkprowash,,https://www.instagram.com/sharkprowashllc,,30.1744645,'-81.7214889,,,,
"Shaycore, Llc",11235 St Johns Industrial Pkwy N #4,Jacksonville,FL,32246,United States,(904) 551-2592,http://shaycore.com/,admin@shaycore.com,,Construction company,"ShayCore is a general contracting firm based in Jacksonville, Florida, specializing in commercial and industrial construction services across various markets. Their offerings include new construction, site selection, design-build, tenant improvements, construction management, and owner representation.",$28 M,85,2008,"15,154","23,236",https://www.linkedin.com/company/shaycore,https://www.facebook.com/shaycoreenterprises,,,,30.2819807,'-81.5276375,Pamela,Dulin,Project Manager,pdulin@shaycore.com
Sheridan & Sons Roofing,2720 Park St,Jacksonville,FL,32205,United States,(386) 342-4961,,,,"Roofing contractor, Building firm, Carpenter",,,,,,,,,,,,30.3099676,'-81.6941499,,,,
Shore Roofing Co.,929 12th Ave S,Jacksonville Beach,FL,32250,United States,(904) 241-8842,https://www.shoreroofingjax.com/,tlshore@aol.com,Unknown,Roofing contractor,"Shore Roofing Co. is your number one roofing contractor in Jacksonville Beach, Florida.  With over 40 years of experience, trust Shore Roofing Co. to get the job done right!",,,,,,,,,https://www.instagram.com/shoreroofingjax,,30.2762464,'-81.3964753,,,,
Silcox Contracting,4582 Lexington Ave,Jacksonville,FL,32210,United States,(904) 389-1516,,,,"Roofing contractor, Custom home builder, General contractor, Sunroom contractor",,,,,,,,,,,,30.2829245,'-81.7233277,,,,
Simple Screen Llc,4538 Allaboard Dr,Middleburg,FL,32068,United States,(904) 707-2712,https://simplescreenllc.com/,,,"Construction company, Screen repair service","Enhance your outdoor living space with expert lanai screening in Clay County. Simple Screen LLC specializes in lanai, patio, and pool rescreening.",,,,,,,https://www.facebook.com/SimpleScreenLLC,,,,30.1169833,'-81.8858965,,,,
Skinner Gutter Cleaning Services,3608 Carol Ann Ln,Jacksonville,FL,32223,United States,,,,,"Contractor, Gutter cleaning service",,,,,,,,,,,,30.1711839,'-81.6156636,,,,
Sky High Roofing,7643 Gate Pkwy,Jacksonville,FL,32256,United States,(904) 629-8583,https://www.skyhighroofingllc.com/,sales@skyhighroofingllc.com,,Roofing contractor,"Sky High Roofing LLC is a certified roofing contractor based in Jacksonville, FL, specializing in a variety of roofing services including tile, flat, asphalt, and metal roofs, as well as roofing repairs. The company prides itself on being reliable, trustworthy, and efficient, offering free estimates within 24 hours.",$1.1 M,6,2016,"17,176","23,238",,https://www.facebook.com/Sky-High-Roofing-LLC,,,,30.2415132,'-81.5192261,Marco,Guerrero,State Certified Roofing Contractor,marco@skyhighroofingllc.com
Smart Softwash Pro (pressure Washing Specialist),10107 Sandler Rd,Jacksonville,FL,32222,United States,(904) 588-2023,https://smartsoftwashpro.com/,,,"Roofing contractor, House cleaning service, Paving materials supplier, Pressure washing service",Smart Softwash Pro,,,,,,,,,,,30.2337698,'-81.8263215,,,,
"Snc Square, Llc",1585 Blanding Blvd,Jacksonville,FL,32210,United States,(904) 524-8621,https://sncsquare.com/,steve@sncsquare.com,,Roofing contractor,"I was not home when SNC Square came to look at the roof. They left an estimate of the work to be done. I hired them and they did the job. When I returned home there was no debris to pick up. They left the yard as they had found it. Other than the new shingles on the roof, I would not have known they were here.",<$5 M,<25,2015,"17,176","23,238",,https://www.facebook.com/sncsquarellc,,https://www.instagram.com/sncsquare,,30.293055,'-81.7228492,,,,
Snk Drywall Llc,605 County Rd 217,Jacksonville,FL,32234,United States,(904) 507-3464,,,,Construction company,,,,,,,,,,,,30.1723949,'-81.9939863,,,,
Solid Rock Roofing,2532 Oak St,Jacksonville,FL,32204,United States,(904) 962-6210,https://jacksonvilleflroofing.com/,solidrockroofingfl@gmail.com,Unknown,Roofing contractor,"High Quality Roofing Co is a company that operates in the Construction industry. It employs 6-10 people and has $0M-$1M of revenue. The company isheadquartered in Decatur, Georgia.",<$5 M,<25,,"17,176","23,238",https://www.linkedin.com/company/jacksonvilleflroofing,https://www.facebook.com/jacksonvilleflroofing,,https://www.instagram.com/jacksonvilleflroofing,,30.3101044,'-81.6890117,,,,
South Edge Roofing & Construction,1649 Emerson St,Jacksonville,FL,32207,United States,(904) 799-8000,https://www.southedgeconstruction.com/,donna@southedgeconstruction.com,,"Roofing contractor, Bathroom remodeler, Building consultant, Chimney services, Flooring contractor, General contractor, Painter, Remodeler, Siding contractor, Waterproofing service","South Edge Construction LLC is a company that operates in the Construction industry. It employs 6-10 people and has $1M-$5M of revenue. The company is headquartered in Jacksonville, Florida.",<$5 M,<25,,"17,176","23,238",,https://www.facebook.com/southedgeconstruction,,https://www.instagram.com/southedgeconstructionllc,,30.2849263,'-81.6483497,Donna,Bartell,Project Manager,donna@southedgeconstruction.com
Southeastern Metals Semco,2737 Ignition Dr Unit 8,Jacksonville,FL,32218,United States,(904) 757-4200,https://semetals.com/,cmsandifer@semetals.com,Unknown,"Metal supplier, Building materials store, Manufacturer, Metal fabricator, Metal processing company","For more than 50 years, Southeastern Metals’ products have been trusted for quality and tested for strength.

Since the company’s foundation in 1963, Southeastern Metals® has grown into one of the region’s leading manufacturers of metal building products.",$49.4 M,21,1963,"34,344","33,332",https://www.linkedin.com/company/southeastern-metals-mfg-co-inc-,https://www.facebook.com/southeasternmetals,https://x.com/SE_Metals,,,30.4584134,'-81.6889178,Lynn,Lansing,"Group Director, Human Resources Building Products",lynn.lansing@semetals.com
"Southern Aire Contracting, Inc.",12091 Normandy Blvd,Jacksonville,FL,32221,United States,(888) 267-9925,https://sacservicescorp.com/,estimating@sacservicescorp.com,,General contractor,"SAC Services (SAC) is a small business, under NAICS Code is 236220-addition, alteration and renovation, general contractors, commercial and institutional building, with an annual size standard of 39.5 M. SAC provides design-build and design-bid-build general construction, construction management, mechanical/HVAC, process piping, interior framing and finishes, concrete, building maintenance and repair, and mold remediation services to the federal government, as well as local and state agencies.",$5 M,21,2005,"15,154","23,236",https://www.linkedin.com/in/cody-findley-14a950135,,https://www.x.com/home,,,30.2594949,'-81.86725,Cody,Findley,Vice President,cody@sacservicescorp.com
Southern Coast Roofing,2214 University Blvd W,Jacksonville,FL,32217,United States,(904) 356-7663,https://www.southerncoastroofing.us/,jay@southerncoastroofing.us,,Roofing contractor,Southern Coast Roofing – State Certified Roofing Contractor,,,,,,,https://www.facebook.com/SoutherncoastroofingFLORIDA,,,,30.2606514,'-81.6363735,,,,
Southern Grace Construction Inc.,10605 Theresa Dr #3,Jacksonville,FL,32246,United States,(904) 614-7099,https://southerngraceinc.com/,reo@southerngracehomesllc.com,,"Contractor, Custom home builder","Southern Grace Construction is focused on efficient solutions to streamline commercial construction building, renovations & commercial maintenance solutions.",,,,,,,https://www.facebook.com/SouthernGraceInc,,,,30.3208235,'-81.5243421,,,,
Spc Roofers,1845 University Blvd N,Jacksonville,FL,32211,United States,(904) 647-5945,https://spcroofers.com/,chrispeterson@spcroof.com,Unknown,"Roofing contractor, General contractor, Siding contractor, Water damage restoration service",SPC Company has operated under the values of honesty and integrity. Scott prides himself by building life long relationships with customers and building a foundation based on trust. Scott has several distinguished accreditations over the years including the Architectural Award for design and execution of the streetscape in Woodbine GA.,<$5 M,<25,2007,"17,176","23,238",,https://www.facebook.com/spcroofers,https://x.com/SPCRoofers,,,30.3399731,'-81.6023607,,,,
Spec Building Materials Jacksonville North,3031 Westside Blvd,Jacksonville,FL,32209,United States,(904) 453-7500,https://www.speccorp.com/,c.nielsen@speccorp.com,,Roofing supply store,"Founded in 1973, SPEC Building Materials Corporation provides building materials for commercial and residential construction. Headquartered in Kansas City, Kansas.",$105.5 M,229,1973,"50,503","42,423",https://www.linkedin.com/company/spec-building-materials,https://www.facebook.com/SPECBuildingMaterials,https://www.x.com/greenspecuk,,,30.3647095,'-81.7156731,Michael,Gist,"Manager, Commercial",m.gist@speccorp.com
"Sport Nobles Construction, Inc.",1585 Blanding Blvd,Jacksonville,FL,32210,United States,(904) 381-8518,https://www.sportnobles.com/,info@sportnobles.com,,"General contractor, Bathroom remodeler, Construction company, Contractor, Custom home builder, Home builder, Kitchen remodeler, Remodeler","We are a general contracting firm that specializes in high end residential remodels and new construction.
Sport Nobles Construction knows that a distinctive custom home should not be built without also building a lasting relationship with the customer.",$1.3 M,9,1998,"15,152","23,236",https://www.linkedin.com/company/sport-nobles-construction-inc.,https://www.facebook.com/SportNoblesConstruction,,http://instagram.com/sportnoblesconstructioninc,,30.2904243,'-81.7239648,Sport,Nobles,President,sport.nobles@sportnobles.com
"Src Group Of Florida, Inc.",221 N Hogan St,Jacksonville,FL,32202,United States,(888) 551-7226,http://siliconeroofcoatingsjax.com/contact/,siliconeroofcoatingsjax@gmail.com,Unknown,Roofing contractor,"Professional roofing services for repairs, replacements, and new roof installations. Same-day appointments available. Call (888) 602-1585.",,,,,,,,https://www.godaddy.com/en-uk/domainsearch/find,,,30.3288067,'-81.65988,,,,
Srs Building Products,4665 Collins Rd #401,Jacksonville,FL,32244,United States,(904) 447-4650,https://www.srsdistribution.com/en/markets/our-brands/SRNJA/,sales@srsdistribution.com,,"Roofing supply store, Building materials supplier, Wholesaler","Crown C Supplys commitment to you: To help you complete your job successfully ... on time and on budget. Were Crown C Supply. Some call Crown C Supply the contractors best friend but what Crown C Supply really are is the contractors best contact, to get the supplies and materials they need to do their job.",$4.3 M,23,1978,"50,503","42,423",https://www.linkedin.com/company/srs-distribution-inc-,https://www.facebook.com/SRSDistributionInc,https://x.com/SRSdistribution,https://www.instagram.com/srs.distribution.inc,https://www.youtube.com/user/SRSdistribution,30.1936569,'-81.7100753,Lynette,Morgan,"Director, Solutions Architecture",lmorgan@srsdistribution.com
Steel Rudder Roofing,1867 Caravan Trail #104,Jacksonville,FL,32216,United States,(904) 299-8490,https://steelrudder.com/,,,Roofing contractor,"Steel Rudder Roofing is a locally owned and operated roofing company based in Jacksonville, FL, with over 20 years of experience. They specialize in a wide range of roofing services including roof replacement, storm damage repair, and commercial roofing, all while offering fair pricing and financing options.",$2.8 M,16,,"87,874","54,541",,,,,,30.3127418,'-81.5632015,,,,
"Stonebridge Roofing, Energy And Exteriors",6956 Phillips Pkwy Dr N,Jacksonville,FL,32256,United States,(904) 262-6636,https://www.stonebridgebuilt.com/,jonathan.harrelson@stonebridgebuilt.com,,Roofing contractor,"Stonebridge Construction Services, LLC is a full service construction and renovation contractor. We are engaged in virtually every major construction discipline associated with commercial, residential and multifamily building. Decades of experience enables us to provide superior cost effective service and professional management to our clients.",$4 M,7,2007,"17,176","23,238",https://www.linkedin.com/company/stonebridge-construction-services-llc,https://www.facebook.com/stonebridgejax,,https://www.instagram.com/stonebridge_jax,,30.1678248,'-81.5336323,Jennifer,Nelson Schlachter,,jennifer@stonebridgebuilt.com
Storm Restoration,432 Gano Ave,Orange Park,FL,32073,United States,(904) 323-3252,,,,Roofing contractor,,,,,,,,,,,,30.1703426,'-81.7318309,,,,
Stormforce Roofing,6111 Gazebo Park Pl N Suite 210,Jacksonville,FL,32257,United States,(904) 298-6456,https://www.stormforce.com/roofing-contractor-in-jacksonville-florida/,support@stormforce.com,Unknown,"Roofing contractor, Gutter service","StormForce Roofing, operating in Jacksonville and Port Charlotte, specializes in comprehensive roofing services for both residential and commercial clients. Since 2011, they have built a reputation for expert installations, roof inspections, and emergency weather services, ensuring client peace of mind.",$6.9 M,19,2011,"17,176","23,238",https://www.linkedin.com/company/stormforce-of-jacksonville-llc,https://www.facebook.com/stormforcejacksonville,https://www.x.com/stormforceofjax,,,30.1893132,'-81.5644776,,,,
Strategic Pressure Washing,8422 N Lostara Ave,Jacksonville,FL,32211,United States,(904) 240-5434,,,,"Pressure washing service, Gutter cleaning service",,,,,,,,,,,,30.3367825,'-81.5657161,,,,
Stratum Contracting & Construction Management,11455 Saints Rd,Jacksonville,FL,32246,United States,(904) 267-2530,https://www.stratumcorporation.com/,jsmithson@stratumcorporation.com,,Construction company,"Stratum Contracting & Construction Management is a veteran-owned construction contractor based in Jacksonville, FL, specializing in both residential and commercial construction projects. With over 120 years of combined experience, they offer services including custom home builds, renovations, commercial build-outs, and comprehensive construction project management.",$2.8 M,4,2020,"87,874","56,561",https://linkedin.com/company/stratumcorporation,https://www.facebook.com/stratumcorpconstruct,,https://instagram.com/stratumcontracting,,30.2953385,'-81.5235477,Matt,McCord,"Director, Residential Construction",mmccord@stratumcorporation.com
Strong Tower Roofing Inc.,2710 Edgewood Ave N,Jacksonville,FL,32254,United States,(904) 544-9596,https://strongtower-roofing.com/,strongtowerroofinginc@gmail.com,Unknown,Roofing contractor,"Strong Tower Roofing: Trusted roofers in Jacksonville, FL. Expert repairs, installations, and customer satisfaction guaranteed!",,,,,,,https://www.facebook.com/strongtowerjax,,https://www.instagram.com/strongtowerjax,https://www.youtube.com/@strongtowerroofing1424,30.3564403,'-81.7324305,,,,
Summit Exteriors,1652 Emerson St,Jacksonville,FL,32207,United States,(904) 444-4484,https://www.summit904.com/,jason@summit904.com,,"Roofing contractor, Building consultant","SUMMIT EXTERIORS has been a customer favorite in the Jacksonville, Florida area for more than a decade. Call (904) 444-4484 for residential siding or roofing services.",,,,,,,https://www.facebook.com/people/Summit-Exteriors/100063750035069,,,,30.2844762,'-81.6483069,,,,
Summit Roofing & Solar,9957 Moorings Dr Ste 204,Jacksonville,FL,32257,United States,(904) 723-4950,https://summitroofsolar.com/,,,"Roofing contractor, Siding contractor","Trusted residential and solar roofing experts proudly serving Jacksonville, FL. Summit Roofing and Solar, with quality roof repairs, replacements, and solar panel installations.",,,,,,,https://www.facebook.com/people/Summit-Roofing-Solar/100063733713673,,https://www.instagram.com/Construction.Summit,,30.1954628,'-81.6181385,,,,
Sunshine Foundation Repair,2203 Hamilton St,Jacksonville,FL,32210,United States,(904) 604-7056,https://www.sunshinefoundationrepair.com/,website@sunshinefoundationrepair.com,Unknown,"Concrete contractor, Drainage service, Foundation, Insulation contractor, Waterproofing service","Sunshine Foundation Repair is your trusted home repair contractor, offering expert waterproofing, crawl space repair, foundation repair, concrete leveling, and concrete repair services. Relying only on industry-leading products and systems backed by unbeatable warranties, we provide life-long solutions for your home.",<$5 M,<25,,"76,769","81,811",,https://www.facebook.com/SunshineFoundationRepair,,https://www.instagram.com/sunshinefoundationrepair,,30.2787725,'-81.7216337,,,,
"Sunshine State Seamless Gutters, Inc.",10950-60 San Jose Blvd #331,Jacksonville,FL,32223,United States,(904) 424-0281,,,,Gutter cleaning service,,,,,,,,,,,,30.1769482,'-81.6292811,,,,
Super Exterior,100 N Laura St,Jacksonville,FL,32202,United States,(904) 900-2524,http://roofinginjacksonville.com/,,,Roofing contractor,"Roofing Company in Jacksonville, FL is a company that operates in the Commercial & Residential Construction industry. It employs 5to9 people and has 500Kto1M of revenue. The company is headquartered in Jacksonville, Florida. (Private company)",$757 K,6,,"17,176","23,238",,,,,,30.3278781,'-81.6591638,,,,
Surfside Craftsman Llc,,Jacksonville,FL,32210,United States,(904) 439-6261,,,,Construction company,,,,,,,,,,,,30.2776512,'-81.7239395,,,,
Sweeney Roofing Company,4212 Blanding Blvd,Jacksonville,FL,32210,United States,(386) 342-4923,,,,"Roofing contractor, Building firm, Carpenter",,,,,,,,,,,,30.2643853,'-81.7392176,,,,
Synergy Solar And Roofing,8595 103rd St,Jacksonville,FL,32210,United States,(904) 423-7299,https://synergysolar.us/,andres@synergysolar.us,,"Roofing contractor, Solar energy company","We are committed to providing quality education for homeowners regarding the value and accessibility of solar energy. We believe that residential solar power is the future. With one 15 minute call, we can help you decide if solar is right for you. 
Synergy Solar has streamlined the residential solar panel installation process.",$2.1 M,12,,"13,131","21,211",https://www.linkedin.com/company/synergy-solar-usa,https://www.facebook.com/synergysolar.us,,https://www.instagram.com/synergy.solar,https://www.youtube.com/channel/UCup_mFUdcoDzDgBFtM-rhAQ,30.2482379,'-81.7937213,Jonathan,Lindstam,President of Synergy Solar Llc,jonathan@synergysolar.us
Synot Construction,8717 Mathonia Ave,Jacksonville,FL,32211,United States,(904) 312-2475,,,,Roofing contractor,,,,,,,,,,,,30.3398911,'-81.561671,,,,
Synot Roofing Construction Llc,6314 Merrill Rd,Jacksonville,FL,32277,United States,(904) 405-0113,,,,Roofing contractor,,,,,,,,,,,,30.3516343,'-81.5911764,,,,
T. Conlan Roofing,6950 Philips Hwy Suite 29,Jacksonville,FL,32216,United States,(904) 661-1597,https://www.tconlanroofing.com/,,,Roofing contractor,"Discover expert commercial and residential roofing services in Jacksonville, FL, from T. Conlan Roofing, with over 30 years of experience ensuring lasting quality and customer satisfaction.",,,,,,,,,,,30.2457808,'-81.6040922,,,,
Taylor's Metals' Inc,4131 N Canal St,Jacksonville,FL,32209,United States,(904) 355-0560,,,,Sheet metal contractor,,,,,,,,,,,,30.3635069,'-81.6968223,,,,
Tecta America Central Florida Commercial Roofing,530 Ellis Rd S,Jacksonville,FL,32254,United States,(904) 425-8246,https://www.tectaamerica.com/location/commercial-roofing-jacksonville-florida/,info@tectaamerica.com,,Roofing contractor,"Tecta America is a national roofing contractor specializing in installation, repair, and maintenance services for commercial, industrial, and institutional clients. Headquartered in Rosemont, Illinois, it was founded in 2000.",$2.4 B,"3,692",2000,"17,176","23,238",https://www.linkedin.com/company/tecta-america-corp,https://www.facebook.com/TectaAmerica,https://x.com/tectaamerica,https://www.instagram.com/tectaamerica,https://www.youtube.com/user/TectaAmericaCorp,30.3183518,'-81.7447665,,,,
Tecta America Southeast Llc,7658 Philips Hwy #700,Jacksonville,FL,32217,United States,(904) 425-8246,http://www.tectaamerica.com/tecta-america-southeast-atlanta/,info@tectaamerica.com,,Roofing contractor,"Tecta America is a national roofing contractor specializing in installation, repair, and maintenance services for commercial, industrial, and institutional clients. Headquartered in Rosemont, Illinois, it was founded in 2000.",$2.4 B,"3,692",2000,"17,176","23,238",https://www.linkedin.com/company/tecta-america-corp,https://www.facebook.com/TectaAmerica,https://x.com/tectaamerica,https://www.instagram.com/tectaamerica,https://www.youtube.com/user/TectaAmericaCorp,30.23248,'-81.5942573,,,,
The Brothers That Just Do Gutters,11356 Woodsong Loop S,Jacksonville,FL,32225,United States,(904) 782-6811,https://north-jacksonville.brothersgutters.com/,email@brothersgutters.com,,"Gutter cleaning service, Gutter service","The Brothers That Just Do Gutters is a rapidly growing, locally owned,and operated franchise with over 100+ locations nationwide and growing. 
Our mission is to Reinvent Contractor Service by providing a great place to work and delivering 5-star service every step of the way from initial phone inquiry, home visit, inspection and estimate, scheduling, timeliness, installation, follow up and ongoing support and service.",$5.8 M,290,1999,"17,176","23,238",https://www.linkedin.com/company/the-brothers-that-just-do-gutters,https://www.facebook.com/brothersguttersct,https://www.x.com/brothersgutters,,,30.3793241,'-81.5136814,Jennifer,Dowd,Vice President and Back-office Admin,jd@brothersgutters.com
The Coastal Handyman,609 Barbara Ln,Jacksonville Beach,FL,32250,United States,(904) 357-0284,https://www.thecoastalhandyman.com/,,,Handyman/Handywoman/Handyperson,"I offer Handyman services In Atlantic Beach, Jacksonville Beach and Ponta Vedra Beach. From ceiling fan replacement, light fixtures replacement, TV mounting, and Toilet replacement. Have your garbage disposal replaced, faucets replaced, or even a new",,,,,,,https://www.facebook.com/TheCoastalHandyman,,https://www.instagram.com/thecoastalhandyman,,30.2974965,'-81.3981143,,,,
"The Dantzler Group Inc., General And Roofing Contractor",7048 Old Plank Rd,Jacksonville,FL,32254,United States,(904) 783-1010,https://www.dantzlergroup.com/,lisa@dantzlergroup.com,,"Roofing contractor, Bathroom remodeler, Construction company, General contractor, Kitchen remodeler","Dantzler Group Inc,  specializes in residential remodels and additions, commercial construction, and roofing. We believe a strong foundation is the core of who we are as a company. Our rock solid foundation is built on  seven core principles: 
Faith 
Team members  - We believe a team works together to reach a common goal and teamwork is the best way to achieve success.",<$5 M,14,1991,"15,154","23,236",https://www.linkedin.com/company/dantzler-group-inc.-the/about,https://www.facebook.com/DantzlerGroup,,,,30.3235298,'-81.7640702,Linda,Dantzler,,linda@dantzlergroup.com
The Handyman Company Jacksonville Home Repair & Remodeling,6900 Philips Hwy #35,Jacksonville,FL,32216,United States,(904) 567-8333,https://the-handyman-company.com/our-services/contractor/,info@the-handyman-company.com,,"Handyman/Handywoman/Handyperson, Bathroom remodeler, Carpenter, Contractor, Dry wall contractor, General contractor, Kitchen remodeler, Painter, Remodeler, Tile contractor","The Handyman Company has serviced over 75,000 customers here in Florida since 1999 and we operate in 6 offices across the State. Our customer repeat and referral rate is over 50% which reflects in our commitment to customer satisfaction and excellence customer service.",$38.4 M,155,1999,"72,729","81,812",https://www.linkedin.com/company/handyman-co,https://www.facebook.com/TheHandymanCo,,,,30.246831,'-81.603945,Nicole,Smith,Marketing Assistant,nsmith@the-handyman-company.com
"The Honey Do Service, Inc Jacksonville",13705 Beach Blvd,Jacksonville,FL,32224,United States,(904) 290-5700,https://honeydoservice.com/improving/jacksonville-east-fl/,westknox@honeydoservice.com,,"Handyman/Handywoman/Handyperson, Carpenter, Dry wall contractor, Electrician, Flooring contractor, HVAC contractor, Painter, Plumber, Remodeler, Tile contractor","The Honey Do Service, Inc. is a full featured Home Improvement and Repair service provider for home or business. Our team of support specialists, project managers, and master craftsmen are focused on top quality workmanship with world class customer service.",$7.2 M,47,2002,"48,481","51,517",https://www.linkedin.com/company/the-honey-do-service-inc-,https://www.facebook.com/honeydofixit,https://www.x.com/honeydoservice,,,30.2880843,'-81.4576945,Brack,Biggs,General Contractor,brack@honeydoservice.com
The Neighborly Handyman,507 E Church St,Jacksonville,FL,32202,United States,(904) 719-4252,,,,"Contractor, Carpenter, Deck builder, Handyman/Handywoman/Handyperson, Painter",,,,,,,,,,,,30.3287161,'-81.6501528,,,,
The Preferred Group,2332 Dunn Ave Suite 4,Jacksonville,FL,32218,United States,(904) 751-3381,https://roofingjax1.wixsite.com/thepreferredgroup,,,General contractor,,,,,,,,,,,,30.4385211,'-81.6834911,,,,
The Roof Duck Metal Roofing Contractor,3948 3rd St S #195,Jacksonville Beach,FL,32250,United States,(904) 204-4650,,,,"Roofing contractor, Metal fabricator, Sheet metal contractor",,,,,,,,,,,,30.2584674,'-81.3909271,,,,
The Roofing Company Inc.,552 Edgewood Ave S,Jacksonville,FL,32205,United States,(904) 822-8791,http://theroofingcompanyfl.com/,info.theroofingcompany@gmail.com,Unknown,Roofing contractor,"The Roofing Company Inc is a company that operates in the Construction industry. It employs 6-10 people and has $0M-$1M of revenue. The company is headquartered in Jacksonville, Florida.",<$5 M,<25,,"17,176","23,238",,,,,,30.3168756,'-81.7237254,,,,
The Spackle Guys Llc,4530 St Johns Ave Ste 412,Jacksonville,FL,32210,United States,(904) 234-3611,https://www.spackleguys.com/,joneil@spackleguys.com,Unknown,"Dry wall contractor, Contractor",The Spackle Guys are here for all your small drywall ceiling and wall repairs. Call today to schedule an appointment and get a free estimate!,<$5 M,<25,,"17,174","23,238",,https://www.facebook.com/spackleguysjax,,,,30.2879149,'-81.7214333,,,,
"Theodore Contractors, Llc",13159 Wexford Hollow Rd N,Jacksonville,FL,32224,United States,(904) 544-5507,,,,Construction company,,,,,,,,,,,,30.2823233,'-81.4685714,,,,
Thomas Roofing & Painting,1012 Morning Light Rd,Jacksonville,FL,32218,United States,(904) 428-2702,,,,"Roofing contractor, Painting",,,,,,,,,,,,30.4642166,'-81.6100776,,,,
Thompson Family Roofing,2720 Park St Suite 214,Jacksonville,FL,32205,United States,(904) 706-4442,https://thompsonfamilyroofrepair.com/,,,Roofing contractor,Roof Repair in Jacksonville (904) 706-4442 Call Us,,,,,,,,,,,30.3100993,'-81.6942272,,,,
Thrift Roofing,1241 Mcduff Ave S,Jacksonville,FL,32205,United States,(904) 225-8008,,,,Roofing contractor,,,,,,,,,,,,30.3070581,'-81.7022118,,,,
Tier Roofing,,Jacksonville Beach,FL,32250,United States,,,,,Roofing contractor,,,,,,,,,,,,30.2906522,'-81.3924513,,,,
Tierney & Sons Roofing,705 3rd St N,Jacksonville Beach,FL,32250,United States,(904) 212-9998,,,,"Roofing contractor, Building firm, Carpenter",,,,,,,,,,,,30.2950665,'-81.3928112,,,,
Tillman Building Services Inc.,126 Halsema Rd N,Jacksonville,FL,32220,United States,(904) 527-1362,https://tillmanroofing.com/,tebo@tillmanroofing.com,,Roofing contractor,"Tillman Building Services Inc. specializes in roof restorations, flat roofs, and metal roofs, providing high-quality roofing solutions for commercial and industrial clients in Jacksonville, Florida. The company is certified as a Florida General Contractor and Roofing Contractor, offering services including emergency leak response programs, preventative maintenance, and comprehensive roof management.",$4.3 M,12,2006,"76,769","56,562",https://www.linkedin.com/company/tillman-roofing,https://www.facebook.com/356256083397,,,,30.3145836,'-81.8699976,,,,
Titan Contracting Llc Jacksonville-saint Augustine,11482 Columbia Park Dr W #1,Jacksonville,FL,32258,United States,(904) 417-8092,https://yourtitanteam.com/,admin@yourtitanteam.com,Unknown,Contractor,"Titan Contracting, LLC offers the highest quality of products and services on the market today. We take great pride in our management expertise and our superior craftsmanship. Our years of experience and commitment to excellence have earned us the reputation as one of the best in the Southwest Florida area.",$4.1 M,14,2011,"17,176","23,238",https://www.linkedin.com/company/titan-contracting-llc,https://www.facebook.com/TITANCONTRACTINGLLCFL,,https://www.instagram.com/titancontractingswfl,,30.1600027,'-81.5396351,,,,
Tk Windows & Siding Contractors,12276 San Jose Blvd,Jacksonville,FL,32223,United States,(904) 512-3068,https://jacksonvillewindowsandsiding.com/,,,"Window installation service, Door supplier, PVC windows supplier, Window supplier",,,,,,,,,,,,30.1470425,'-81.6354929,,,,
Tm Homes Builder,123 W Bay St,Jacksonville,FL,32218,United States,(904) 333-2211,,,,Contractor,,,,,,,,,,,,30.3267566,'-81.6595566,,,,
"Top Gun Roofing, Inc",5570 Florida Mining Blvd E Ste 501,Jacksonville,FL,32257,United States,(904) 342-0211,https://topgunroofingjax.com/,info@topgunroofingjax.com,Unknown,Roofing contractor,"Top Gun Roofing was formed in 2001 and became a member of the Better Business Bureau in 2003. Since then, the company has maintained an A+ rating with ZERO complaints. The company strives to provide top quality service at an honest price and are committed to the companys customers and the integrity of the companys work.",$12.2 M,8,2001,,,https://www.linkedin.com/in/matt-mcleod-0758611b,https://www.facebook.com/topgunroofingjax,https://topgunroofingjax.com/storm-damage-roofing,,,30.1861358,'-81.5689168,,,,
Top View Roofing And Restoration,525 Candyroot Ct,St Johns,FL,32259,United States,(904) 460-4991,https://www.topviewfl.com/,info@topviewfl.com,Unknown,Roofing contractor,"Top View Roofing and Restoration specializes in roofing repairs, roof replacements, and roofing inspections in Jacksonville, Fl. Need a roof quote? We service Jacksonville, Saint Johns county, Duval County, Saint Augustine, Ponte Vedra Beach, Neptune",,,,,,,https://www.facebook.com/topviewfl,,,,30.1088746,'-81.5597301,,,,
Total Points Construction Llc,3542 Atherton St,Jacksonville,FL,32207,United States,(904) 444-7334,https://thetotalpoints.com/,info@thetotalpoints.com,Service busy,"General contractor, Painting, Remodeler","We make your house a home repairs, interior design, construction, painting, indoor & outdoor furniture. Jacksonville, FL",,,,,,,,,,,30.3007109,'-81.6279795,,,,
Total Restoration And Contracting Llc,3491 Pall Mall Dr Ste 119,Jacksonville,FL,32257,United States,(904) 233-0566,https://nefloridaroofer.com/,sam@nefloridaroofer.com,Unknown,Roofing contractor,"Total Restoration & Contracting is a leading provider of residential and commercial roofing repair services, committed to exceptional customer service and satisfaction. They offer individualized roofing options and guarantee warranties on all repairs, ensuring client needs are met.",$5.7 M,15,2018,,,,https://www.facebook.com/278350586210460,,https://www.instagram.com/nefloridaroofer,,30.2003531,'-81.6207618,,,,
Town & Country Industries,8215 Westside Industrial Dr Ste 200,Jacksonville,FL,32219,United States,(904) 764-7089,https://www.tc-alum.com/location/jacksonville-FL-32219-3239/,info@tc-alum.com,,"Building materials supplier, Aluminum supplier, Building materials store, Construction material wholesaler, Marine supply store, Patio enclosure supplier, Wholesaler, Window supplier","Town & Country Industries is a distributor of aluminum and building products, offering a wide range of items including pool enclosures, windows, doors, siding, rain gutters, and hurricane protection solutions. Their extensive inventory and commitment to service ensure timely delivery and support for construction projects.",$37.7 M,686,1957,"50,503","42,423",https://www.linkedin.com/company/abc-supply,,https://www.norandex.com,https://www.instagram.com/abcsupplycoinc,,30.3753092,'-81.7864974,Daniel,Timleck,Owner,dtimleck@tc-alum.com
"Townsend Roofing And Construction Services, Inc.",1740 Cocoanut Rd Unit 101,Jacksonville,FL,32224,United States,(904) 645-5887,https://www.townsendroofing.com/,sales@townsendroofing.com,Unknown,"Roofing contractor, Waterproofing service","Townsend Roofing is a premier residential roofing contractor located in Jacksonville, Florida, specializing in roof replacements and repairs throughout Northeast Florida. The company is fully licensed and insured, providing competitively priced roofing systems installed by a trained project management team.",$5.7 M,20,2005,"17,176","23,238",https://www.linkedin.com/company/townsend-roofing-and-construction-services-inc.,,https://www.x.com/townsendroof,,,30.3201753,'-81.4490953,Bobby,Townsend,Office Manager,bobby@townsendroofing.com
Tri County Metals,4255 Dignan St,Jacksonville,FL,32254,United States,(904) 490-6004,https://tricountymetals.com/locations/jacksonville/,marketing@tricountymetals.com,,"Roofing supply store, Building materials supplier, Manufacturer","Tri County Metals is a family owned, community oriented metal roofing manufacturer. We make metal roofing out of 45 different colors in steel and aluminum. With such a broad product offering, homeowners and business owners can find a roof that fits their style and budget.",$19.2 M,68,2003,"50,503","42,423",https://www.linkedin.com/company/tri-county-metals,https://facebook.com/tricountymetals,https://x.com/tricountymetals,https://instagram.com/tricountymetals,https://youtube.com/tricountymetals,30.3250095,'-81.7219194,Jason,Smith,Branch Manager,jason.smith@tricountymetals.com
Trinity Restoration And Roofing,12627 San Jose Blvd Ste 502,Jacksonville,FL,32223,United States,(904) 763-2006,https://trinityrestoration.com/,dwilliams@trinityrestoration.com,Unknown,Roofing contractor,"Raising the standard in roofing with integrity, quality, and community focus.
Founded in 2019, Trinity Restoration & Roofing has quickly become one of the most trusted roofing providers in Northeast Florida. As an Owens Corning Platinum Preferred Contractor, we’re committed to delivering top-tier residential and commercial roofing services backed by integrity, craftsmanship, and exceptional customer care.",$252 K,12,2019,"17,176","23,238",https://www.linkedin.com/company/trinity-restoration-and-roofing,https://www.facebook.com/TrinityRestorationandRoofing,https://www.x.com/roofingtrinity,https://www.instagram.com/trinityrestorationandroofing,,30.1374666,'-81.6312751,David,Williams,President,dwilliams@trinityrestoration.com
"Triton Roofing & Restoration, Llc",3168 Us-17,Fleming Island,FL,32003,United States,(904) 619-8212,https://www.wearetriton.com/,missy@wearetriton.com,Unknown,Roofing contractor,"Triton Roofing is a company that operates in the Commercial & Residential Construction industry. It employs 10to19 people and has 500Kto1M of revenue. The company is headquartered in Jacksonville, Florida.",$758 K,15,,"17,176","23,238",,https://www.facebook.com/tritonjacksonville,,,,30.1434524,'-81.7017357,Missy,Walker,"Executive Director, Operations",missy@wearetriton.com
Triton Roofing And Restoration,450 State Rd 13 N,Jacksonville,FL,32259,United States,(904) 315-7776,,,,Contractor,,,,,,,,,,,,30.1193922,'-81.6269694,,,,
Tropical Gutter Pros,5145 Moose Creek Ct,Jacksonville,FL,32218,United States,(904) 370-3782,https://www.tropicalgutterpros.com/,online@tropicalgutterpros.com,Unknown,"Gutter service, Gutter cleaning service","Tropical Gutter Pros LLC, based in Jacksonville, FL, specializes in seamless gutter installation, repair, and cleaning services for homeowners in the surrounding areas. The company offers a variety of gutter products, including 6-inch and 7-inch seamless gutters and gutter guards, all designed to protect homes from water damage while enhancing curb appeal.",$4.1 M,6,2019,"17,176","23,238",https://www.linkedin.com/company/tropicalgutterpros,https://www.facebook.com/tropicalgutterpros,,https://www.instagram.com/tropicalgutterpros,,30.445033,'-81.7288983,,,,
Tsg Construction Llc,1871 University Blvd S,Jacksonville,FL,32216,United States,(904) 677-4358,https://tsgconstructioninc.com/,frontoffice@tsgconstructioninc.com,Service busy,Construction company,We get the job done!,,,,,,,https://www.facebook.com/TSGConstruction2009,,https://www.instagram.com/tsgconstructionllc,,30.3097022,'-81.5996131,,,,
Ultimate Roofing,6550 St Augustine Rd 311 #311,Jacksonville,FL,32217,United States,(904) 441-5999,https://jacksonvilleroofrepair.top/,,,Roofing contractor,Roof Repair in Jacksonville (904) 441-5999 Call Us,,,,,,,,,,,30.2547453,'-81.6266917,,,,
Ultra Roof Repair Jacksonville,1 E Independent Dr #3830,Jacksonville,FL,32202,United States,(904) 341-4613,,,,Roofing contractor,,,,,,,,,,,,30.3256252,'-81.6588178,,,,
Umbrella Tarp Service,221 N Hogan St Suite 336,Jacksonville,FL,32202,United States,(904) 820-2338,https://umbrellatarps.com/,info@umbrellatarps.com,Service busy,Roofing contractor,"Umbrella Tarp Service, Inc is family owned and, as an emergency service, provides roof tarping, board up service, and weather related emergency tree removal.",,,,,,,,,https://www.instagram.com/Umbrellatarps,,30.3287798,'-81.6598346,,,,
Unique Construction & Renovations,2061 Emerson St Suite C,Jacksonville,FL,32207,United States,(904) 718-9925,https://uniquerenovationsfl.com/,,,"General contractor, Remodeler",New construction & renovation solutions designed to exceed expectations in every detail.,,,,,,,https://www.facebook.com/uniquerenovationsfl,,https://www.instagram.com/uniquerenovationsfl,,30.2850811,'-81.6424231,,,,
Universal Roof & Contracting,9446 Philips Hwy Suite 7,Jacksonville,FL,32256,United States,(904) 274-6858,https://www.universalroof.com/,office@universalroof.com,,Roofing contractor,"Universal Roof Contracting specializes in residential roofing services, offering a wide range of roofing options including Spanish tile, stone-coated steel, metal roofing, asphalt shingles, and flat roofs. With over 25 years of experience, they provide exceptional workmanship and customer satisfaction, backed by unique warranties.",$27.2 M,122,1993,"17,176","23,238",https://www.linkedin.com/company/universalroofandcontracting,https://www.facebook.com/universalroof,https://x.com/universalroof,https://www.instagram.com/universalroof,,30.1947605,'-81.5691383,Angela,Nolan,Client Relations @ Universal Roof & Contracting,angela@universalroof.com
Urban Peak Roofing,476 Riverside Ave,Jacksonville,FL,32202,United States,,,,,Roofing supply store,,,,,,,,,,,,30.3207756,'-81.6749394,,,,
Valdez & Sons Roofing,2043 Edgewood Ave W,Jacksonville,FL,32208,United States,(386) 348-4441,,,,"Roofing contractor, Building firm, Carpenter",,,,,,,,,,,,30.3819765,'-81.6938612,,,,
Valor Roofing Company,815 S Main St,Jacksonville,FL,32207,United States,(754) 273-3164,https://valorroofingcompany.com/contact/,info@valorroofingcompany.com,Unknown,,"Premium Roofing with Valor Roofing! discover more Expert Engineer Expert engineers bring a wealth of knowledge and precision to every project, ensuring your roofing solutions are designed and executed to the highest standards. Quality Materials Our p",,,,,,,,,,,30.3174412,'-81.6584947,,,,
Valor Roofing Company,8382 Baymeadows Rd Suite 4,Jacksonville,FL,32256,United States,(904) 206-7353,https://www.valorroofingco.com/,office@valorroofingco.com,Unknown,Roofing contractor,"We are a locally owned and veteran operated roofing company in Northeast Florida. We service the entire state of Florida and pride ourselves on fast, reliable service. We offer free inspections and can typically produce a quote in the same day! 5 Star Rated on Google! Contact us today at 904-206-7353",,7,2023,,,https://il.linkedin.com/company/wix-com,,,https://www.instagram.com/valorroofingco,,30.2193887,'-81.5835388,,,,
Vast Roofing,7979 Ramona Blvd W,Jacksonville,FL,32221,United States,(904) 664-5240,https://vastroofing.com/,info@vastroofing.com,Unknown,"Roofing contractor, Waterproofing service",Our team is devoted to taking care of your commercial and residential roofs with the highest dedication and professionalism.,,,,,,,,,https://www.instagram.com/vastroofing,,30.3138819,'-81.7811158,,,,
Verta Construction And Roofing,5011 Gate Pkwy # 100-100,Jacksonville,FL,32256,United States,(904) 807-5096,https://vertaconstruction.com/,,,Roofing contractor,"VERTA is a leader in all phases of the construction process and specializes in new builds, remodels, and roofing of all types. With 14 years of experience handling the full scope of work from design and architecture to engineering and field work, we are a single source solution providing service that starts and ends with quality.",,3,,,,https://www.linkedin.com/company/verta-construction,,,https://www.instagram.com/verta_construction,,30.246924,'-81.5342349,,,,
Victoria's Sky Guard,12220 Atlantic Blvd,Jacksonville,FL,32225,United States,(952) 913-3687,https://www.mrsroofers.com/,support@mrsroofers.com,Unknown,Roofing contractor,"We offer comprehensive roofing solutions and exceptional service, ensuring transparency throughout the entire process. Our customer-centric approach has garnered positive reviews, reflecting our commitment to quality and satisfaction.
Whether you require commercial or residential roofing repairs or a complete reroofing, we have the expertise and experience to handle your needs.",,3,2020,,,,,,,,30.3177137,'-81.4875751,,,,
Vigilante & Family Roofing Services,4851 Rosselle St Unit #2,Jacksonville,FL,32254,United States,(904) 521-8868,https://vigilanteroofing.com/,richvigilante@att.net,Unknown,Roofing contractor,"Vigilante & Family Roofing Services is a local roofing contractor from Jacksonville, Florida catering to both commercial and residential projects. As a family-owned roofing company, we have a strong commitment to customer satisfaction and consistent quality.",,1,,,,https://www.linkedin.com/company/vigilante-roofing,,,,,30.3188117,'-81.7298633,,,,
Vulcan Construction,1836 Buckman St,Jacksonville,FL,32206,United States,(904) 730-1800,https://www.vulcanflorida.com/,d2@vulcanflorida.com,,Roofing contractor,"Vulcan Construction offers a comprehensive range of construction and roofing services, including fencing, access control, barrier gates, and crash gates, delivered by highly qualified engineers at competitive prices. The company aims to provide clients with a stress-free experience through excellent communication, budgeting, staffing, and project organization.",$1.8 M,4,,"15,152","23,236",,https://www.facebook.com/vulcanflorida,,https://www.instagram.com/vulcanflorida,,30.3460994,'-81.6322994,David,Patterson,President,david@vulcanflorida.com
Watertite Commercial Roofing Llc,25 N Market St Suite 243-2,Jacksonville,FL,32202,United States,(904) 712-2133,https://www.watertitecommercialroofing.com/,,,Roofing contractor,"Hire WaterTite Commercial Roofing LLC for commercial roofing services. Learn about our projects including metal restoration, foam, and membrane systems.",<$5 M,<25,,"17,176","23,238",,https://www.facebook.com/watertite-commercial-roofing-llc-310361423232327,,,,30.3259563,'-81.6538061,,,,
Watson Jacksonville Roofing,817 N Main St 123 Ste 123,Jacksonville,FL,32202,United States,(904) 867-8456,https://jacksonvilleroofrepair.cc/,,,Roofing contractor,Roof Repair in Jacksonville (904) 867-8456 Call Us,,,,,,,,,,,30.3326813,'-81.6557023,,,,
Weatherlock Roof Systems,3948 3rd St S Unit 195,Jacksonville Beach,FL,32250,United States,(904) 204-4650,https://www.weatherlockroofsystems.com/,info@jaxweatherlock.com,Unknown,Roofing contractor,Weatherlock Roof Systems LLC is the trusted commercial roofing company for Nocatee businesses. Call 904-204-4650 to schedule a top-quality service!,,,,,,,https://www.facebook.com/jaxweatherlock,,https://www.instagram.com/weatherlock_roof_systems,https://www.youtube.com/@jaxweatherlock/videos,30.2586579,'-81.3882473,,,,
"White's Roofing Company, Inc",256-a Arlington Rd N,Jacksonville,FL,32211,United States,(904) 220-5546,https://whitesroofingofjax.com/,,,Roofing contractor,"If you are looking for a roofing company in Jacksonville, FL, Whites Roofing Company, Inc., provides the best residential roofing installation, maintenance, and repair services. Call us now.",,,,,,,,,,,30.3186053,'-81.5798101,,,,
"Wil Contractors, Inc.",416 Holiday Hill Cir E,Jacksonville,FL,32216,United States,(904) 233-3791,https://wilcontractor178.com/,,,Stucco contractor,,,,,,,,,,,,30.3072831,'-81.5791997,,,,
Williams Quality Roofing Llc,1934 Edgewood Ave S,Jacksonville,FL,32254,United States,(904) 553-1267,,,,Roofing contractor,,,,,,,,,,,,30.2965842,'-81.700279,,,,
Wofford Roofing,13107 Atlantic Blvd Suite 202,Jacksonville,FL,32225,United States,(904) 490-7369,https://woffordroofing.com/,justin@woffordroofing.com,,Roofing contractor,"Wofford Roofing is a family-owned local roofing company serving homeowners and businesses across Florida, with a focus on the First Coast, Space Coast, and Gold Coast. Established in 2018, the company leverages over 15 years of roofing experience to provide reliable and high-quality roofing services, including residential and commercial roof replacements, storm damage repairs, and routine maintenance.",$1.2 M,6,2018,"17,176","23,238",,https://www.facebook.com/woffordroofing,,,,30.3203709,'-81.4646024,Jerod,Wofford,President,jerod@woffordroofing.com
"Workhorse Projects, Llc",6510 Columbia Park Dr Ste 203,Jacksonville,FL,32258,United States,,,,,General contractor,,,,,,,,,,,,30.1586672,'-81.5418278,,,,
World Construction Inc,6005 Powers Ave Suite 210,Jacksonville,FL,32217,United States,(904) 717-1729,https://www.worldconstructioninc.com/,info@worldconstructioninc.com,Service busy,"Roofing contractor, Building restoration service, Construction company, Contractor, Home builder, General contractor","Flexible financing solutions for your construction projects in
Jacksonville, FL.",,,,,,,https://www.facebook.com/worldconstructionincjax,,https://www.instagram.com/world_construction_inc,,30.2622252,'-81.6204113,,,,
Worthmann Roofing And Gutters,999 Blanding Blvd Ste 13,Orange Park,FL,32065,United States,(352) 306-2961,https://www.worthmannroofing.com/locations/jacksonville/,admin@worthmannroofing.com,,Roofing contractor,"Worthmann construction offers a variety of products and services to help any home owner or business love the building theyre in. From roofing to windows to gutters, we have you covered with quality service at a quality price. When water gets where its not suppose to, call our restoration division.",$6.2 M,16,2018,"17,176","23,238",https://www.linkedin.com/company/worthmann-contruction,https://facebook.com/worthmannroof,,https://instagram.com/worthmannllc,https://youtube.com/@worthmannconstruction5537,30.1358847,'-81.7764641,Joseph,Schley,Project Manager,joseph@worthmannroofing.com
"Xtreme Renovations, Llc",5644 Baywood Terrace,Jacksonville,FL,32211,United States,(904) 533-8015,,,,Construction company,,,,,,,,,,,,30.3504763,'-81.6014292,,,,
Young Brothers Roof Repair,2380 3rd St S Suite 10,Jacksonville Beach,FL,32250,United States,(904) 441-5046,https://youngbrothersroofrepair.cc/,,,Roofing contractor,Roof Repair in Jacksonville Beach (904) 441-5046 Call Us,,,,,,,,,,,30.2683088,'-81.3904155,,,,
Yumbo General Construction Llc,2372 Cortez Rd,Jacksonville,FL,32246,United States,(904) 846-6151,https://www.ygcjaxllc.com/,ygcjax@gmail.com,Unknown,"General contractor, Asphalt contractor, Concrete contractor, Construction company, Fence contractor, Handyman/Handywoman/Handyperson, Stucco contractor, Welder","Yumbo General Construction LLC delivers trusted welding, concrete, asphalt, and sinkhole repair services. Over 13 years of experience, committed to quality, integrity, and lasting results.",,,,,,,,,https://www.instagram.com/ygcjax,,30.30678,'-81.5326744,,,,
Z Roofing Group Llc,6237 Merrill Rd,Jacksonville,FL,32277,United States,(904) 328-7411,,,,Roofing contractor,,,,,,,,,,,,30.352096,'-81.5925641,,,,
Cash Building Material Co,2161 Mccoys Creek Blvd,Jacksonville,FL,32204,United States,(904) 355-6651,https://cashbuildingmaterial.com/,jasons@cashbuildingmaterial.com,,Building supply store,"Cash Building Material is a family-owned building materials supplier based in Jacksonville, serving Northeast Florida and Southeast Georgia for over 70 years. They provide a comprehensive range of products including brick, windows, siding, roofing, drywall, and outdoor living materials, catering to builders, architects, and designers.",$3.7 M,16,1987,"50,503","42,423",https://www.linkedin.com/company/cashbuildingmaterial,,,https://www.instagram.com/cash_building_material,,30.328371,'-81.6838226,Kelly,Judah,Position in Accounts Payable,kjudah@cashbuildingmaterial.com
Chris Hodges – Contractor,Chambers Way E,Jacksonville,FL,32257,United States,(904) 495-2700,http://gcri.us/,,,Contractor,"GCRI Inc. is a licensed general contracting company specializing in a wide range of services including roofing, new home construction, commercial and residential renovations, and maintenance services. With over 30 years of combined experience, they focus on delivering high-quality and reliable construction solutions to both residential and commercial clients.",$420 K,5,2009,"58,581","72,722",,https://www.facebook.com/general-contracting-repair-installation-inc-101522061723448,,,,30.1832676,'-81.5665894,,,,
Crawford Contractor Connection,10550 Deerwood Park Blvd,Jacksonville,FL,32256,United States,(904) 394-6200,http://www.contractorconnection.com/,conference@contractorconnection.com,,Building contractor,"Founded 2016 and Headquartered in Florida, United States. Contractor Connection, an industry leader in contractor managed repair and home improvement services, provides insurance carriers and consumers a national network of residential and commercial contractors that are vetted and managed for performance, measuring quality, timeliness and customer satisfaction.",$318.3 M,639,2016,"15,152","23,236",https://www.linkedin.com/company/contractor-connection,https://www.facebook.com/contrconnection,https://www.x.com/contrconnection,,,30.2467842,'-81.5412216,Shelby,Reed,Customer Service Representative,shelby.reed@contractorconnection.com
Dutch Built Construction And Roofing,1253 Tangerine Dr,Jacksonville,FL,32259,United States,(904) 230-3136,http://dutchbuilt.net/,sales@dutchbuilt.net,,Construction services,,,,,,,,,,,,30.1090279,'-81.6340866,,,,
Florida Coastal Construction Services,2911 Pickettville Rd,Jacksonville,FL,32220,United States,(904) 222-5099,https://www.fccsi.com/,lahuggins@fccsi.com,Unknown,Masonry/concrete,"Florida Coastal Construction Services is a top-rated general contractor and certified roofer in Florida, specializing in both residential and commercial roofing projects, including shingle, metal, and flat roofs. They offer comprehensive construction services that encompass pre-construction planning, project management, and quality control, ensuring seamless communication and organization throughout the process.",$3.9 M,14,,"17,176","23,238",https://www.linkedin.com/company/florida-coastal-construction-and-roofing,,,,,30.3599472,'-81.7643661,,,,
"Insulation Contractor - Energy Seal, Inc.",7380 Philips Hwy,Jacksonville,FL,32256,United States,(888) 306-3626,https://www.energysealjax.com/,,,Contractor,"ENERGY SEAL INC is a company based out of 3948 SOUTH THIRD STREET #35, JACKSONVILLE BEACH, Florida, United States.",$10 M,0,,"17,174","23,238",https://www.linkedin.com/company/energy-seal-inc,,https://www.energysealjax.com/products,,,30.2371101,'-81.5970535,,,,
Ladson Construction,4069 Atlantic Blvd,Jacksonville,FL,32207,United States,(904) 610-1749,https://www.ladsonco.com/,jessie@ladsonco.com,,Building contractor,"Ladson Construction is an award winning general contractor with recognition as a Jacksonville Fast 50 Company, Cool Construction Projects, ABC Eagle and Pyramid Award Winner, and Platinum Safety Award with a strong focus on commercial, industrial, retail development, and medical out parcel construction.",$2.8 M,19,2017,"15,152","23,236",https://www.linkedin.com/company/ladson-construction,https://www.facebook.com/LadsonConstruction,,https://www.instagram.com/ladsonconstruction,,30.3072987,'-81.6225967,Jessie,Ladson,President,jessie@ladsonco.com
Legacy Dock And Marine Construction,151 College Dr,Orange Park,FL,32065,United States,(904) 742-9600,https://legacydockandmarine.com/,info@legacydockandmarine.com,Unknown,Contractor,Dock and Marine | Dock and Marine Jacksonville Florida and Orange Park Florida,,,,,,,https://www.facebook.com/legacydockandmarine,,,,30.1279507,'-81.7747192,,,,
"Paul Davis Restoration, Inc.",,Jacksonville,Florida,,United States,(800) 722-1818,http://pauldavis.com/,reception@pauldavis.com,Unknown,Contractor,"Paul Davis is a franchise organization founded in 1966 that specializes in emergency restoration, reconstruction, and remodeling services. The company provides cleanup and repair solutions for residential and commercial properties damaged by water, fire, mold, storms, or other disasters.",$3.8 B,"6,000",1966,"87,874","23,238",https://www.linkedin.com/company/paul-davis-restoration,https://www.facebook.com/PaulDavisRestorationInc,https://www.x.com/pdrestoration,https://www.instagram.com/pauldavisrestorationinc,https://www.youtube.com/user/PDRestorationInc,30.2399998,'-81.5699997,,,,
Senox Corporation,6858 Phillips Parkway Dr S,Jacksonville,FL,32256,United States,(904) 880-2192,http://www.senox.com/,johndoe@senox.com,,Building supply store,Senox Corporation is a leading manufacturer and supplier of seamless gutter products for residential and light commercial construction. We are committed to fulfilling the needs of seamless gutter contractors every day with reliable parts coupled with quick and accurate service.,$68.8 M,172,1972,"17,176","23,238",https://www.linkedin.com/company/senox-corporation,,,,,30.1660328,'-81.5354996,David,Quinn,Tooling Manager,david.quinn@senox.com
Spec Building Materials,9446 Florida Mining Blvd E,Jacksonville,FL,32257,United States,(904) 260-9340,http://speccorp.com/,c.nielsen@speccorp.com,,Building supply store,"Founded in 1973, SPEC Building Materials Corporation provides building materials for commercial and residential construction. Headquartered in Kansas City, Kansas.",$105.5 M,229,1973,"50,503","42,423",https://www.linkedin.com/company/spec-building-materials,https://www.facebook.com/SPECBuildingMaterials,https://www.x.com/greenspecuk,,,30.1910343,'-81.5711594,Michael,Gist,"Manager, Commercial",m.gist@speccorp.com
Turner Construction Co,2933 N Myrtle Ave,Jacksonville,FL,32209,United States,(904) 798-8556,https://www.turnerconstruction.com/,,,Building contractor,"Turner is an international construction services company. Founded in 1902, Turner first entered the market using steel-reinforced concrete for general building construction. Today, the company continues to utilize emerging technologies and offers an a wide set of services.",$20.2 B,"11,000",1902,"15,154","23,236",https://www.linkedin.com/company/turner-construction-company,https://www.facebook.com/turnerconstruction,https://www.x.com/turner_talk,https://www.instagram.com/turnerconstructioncompany,https://www.youtube.com/@TurnerConstructionCo,30.3559246,'-81.6756897,Peter,Davoren,Chairman Chief Executive Officer and President,pdavoren@turnerconstruction.com
W.g. Yates & Sons Construction Company,11025 Blasius Rd,Jacksonville,FL,32226,United States,(904) 714-1376,https://www.wgyates.com/,info@wgyates.com,,Construction services,"Founded in 1964, Yates Construction provides construction services. The company offers highway and utility construction, site preparation, and clearing and logging services. The company is headquartered in Philadelphia, Mississippi.",$5.4 B,"7,000",1964,"16,161","23,237",https://www.linkedin.com/company/yates-construction,https://www.facebook.com/YatesBuilds,https://x.com/YatesBuilds,https://www.instagram.com/yatesbuilds,,30.4308376,'-81.5674515,Walter,Stoves,Senior Vice President,wstoves@wgyates.com
